{"type": "FeatureCollection", "name": "mannheim-stadtteile", "crs": {"type": "name", "properties": {"name": "urn:ogc:def:crs:EPSG::25832"}}, "features": [{"type": "Feature", "properties": {"code": "011", "name": "Innenstadt", "id_name": "011 Innenstadt"}, "geometry": {"type": "Polygon", "coordinates": [[[461803.186937, 5481226.290742], [461776.086141, 5481180.929199], [461770.590373, 5481171.729972], [461769.917356, 5481170.603581], [461769.464046, 5481169.844787], [461764.76946, 5481161.98665], [461760.710722, 5481155.192904], [461725.046226, 5481103.023454], [461719.881314, 5481095.16022], [461708.636452, 5481078.040955], [461707.415082, 5481076.181568], [461705.050941, 5481072.582497], [461701.994423, 5481067.929145], [461678.172197, 5481031.662035], [461675.372412, 5481027.399712], [461675.368512, 5481027.393712], [461668.229874, 5481016.525994], [461663.181633, 5481008.840744], [461660.761001, 5481005.290108], [461652.419257, 5480993.054626], [461648.987278, 5480988.020835], [461645.346075, 5480982.679989], [461640.564553, 5480975.666753], [461637.794388, 5480972.550459], [461631.907877, 5480968.222429], [461628.445226, 5480966.144883], [461622.385503, 5480964.58678], [461612.516966, 5480964.587053], [461601.955794, 5480967.184283], [461548.803391, 5480986.0559], [461525.095186, 5480994.071025], [461525.053584, 5480994.085126], [461467.139569, 5480920.072818], [461453.518207, 5480902.868335], [461315.858473, 5481007.686513], [461296.192821, 5481021.496308], [461281.822496, 5481031.587175], [461264.684887, 5481043.621135], [461253.939883, 5481051.166356], [461223.521374, 5481072.526748], [461213.077137, 5481079.814465], [461204.824131, 5481085.573382], [461151.176434, 5481123.007739], [461144.770572, 5481127.163018], [461138.191646, 5481131.145104], [461129.881394, 5481135.819742], [461122.609834, 5481139.628788], [461113.433938, 5481143.784097], [461101.314792, 5481149.324625], [461081.058283, 5481156.077194], [461051.487352, 5481164.214897], [460991.06508, 5481176.33465], [460973.059208, 5481179.105201], [460940.683419, 5481182.049064], [460934.163101, 5481182.409115], [460918.730458, 5481183.261235], [460891.722227, 5481184.127109], [460855.365279, 5481180.665485], [460845.670029, 5481179.62689], [460830.261474, 5481176.164573], [460808.447038, 5481169.412731], [460788.190873, 5481161.449105], [460778.928449, 5481158.332695], [460770.993203, 5481153.886786], [460763.747371, 5481149.827104], [460763.715172, 5481149.871504], [460763.697372, 5481149.896104], [460728.585589, 5481198.311446], [460693.473972, 5481246.726907], [460685.221092, 5481261.46409], [460679.32605, 5481276.201054], [460675.788961, 5481290.93797], [460674.020372, 5481304.495941], [460673.430898, 5481322.770095], [460672.251772, 5481354.012969], [460671.072697, 5481364.034385], [460669.304142, 5481372.876696], [460658.693137, 5481398.814833], [460634.141969, 5481453.942233], [460626.270297, 5481471.617557], [460612.711329, 5481506.397382], [460602.688326, 5481539.407837], [460598.891572, 5481552.786114], [460597.842041, 5481556.48408], [460591.871835, 5481579.362876], [460588.554513, 5481594.614663], [460586.232165, 5481606.219163], [460584.904678, 5481617.160665], [460582.914406, 5481635.396977], [460582.251658, 5481653.633714], [460582.583472, 5481668.223052], [460584.243501, 5481688.781261], [460586.257969, 5481704.776581], [460590.248301, 5481736.469034], [460590.548125, 5481738.85047], [460596.381824, 5481787.34527], [460602.288247, 5481836.444681], [460607.003963, 5481875.649214], [460607.529277, 5481880.016669], [460613.33308, 5481929.660091], [460613.33428, 5481929.67009], [460616.418826, 5481956.054851], [460616.421926, 5481956.081351], [460616.437127, 5481956.11555], [460616.444427, 5481956.13225], [460617.854393, 5481959.323485], [460637.166592, 5482003.0367], [460643.588479, 5482017.573109], [460670.262845, 5482066.472739], [460686.425626, 5482091.253693], [460692.492767, 5482100.555599], [460709.782129, 5482123.27705], [460720.155466, 5482135.625681], [460730.528632, 5482147.974239], [460743.618574, 5482165.015121], [460756.181952, 5482183.236411], [460769.280278, 5482206.2695], [460769.880644, 5482207.372029], [460771.90497, 5482211.089826], [460782.839786, 5482231.172244], [460787.923265, 5482240.508385], [460788.292499, 5482241.186488], [460791.41198, 5482246.915712], [460796.006085, 5482255.528752], [460796.008085, 5482255.532452], [460798.638507, 5482260.464274], [460801.489652, 5482266.081403], [460804.340775, 5482271.698339], [460809.083004, 5482279.827768], [460813.825248, 5482287.957081], [460825.342235, 5482305.909208], [460841.262502, 5482327.248094], [460842.791242, 5482329.107176], [460843.419958, 5482329.871869], [460844.030173, 5482330.613962], [460853.795186, 5482342.490013], [460866.32822, 5482358.409733], [460880.893917, 5482374.668268], [460883.929602, 5482377.795712], [460890.085465, 5482384.137904], [460892.072179, 5482386.184633], [460898.166397, 5482391.940015], [460898.169397, 5482391.942915], [460904.266499, 5482397.701097], [460907.896707, 5482400.877462], [460911.011877, 5482403.603131], [460912.395906, 5482404.814164], [460912.826215, 5482405.185874], [460919.847641, 5482411.24986], [460934.751338, 5482422.766494], [460942.542014, 5482428.524765], [460947.62285, 5482432.081373], [460952.703608, 5482435.637981], [460966.591419, 5482444.444621], [460974.71753, 5482449.523319], [460974.72083, 5482449.525419], [460982.850024, 5482454.606252], [460994.0279, 5482460.364468], [461005.205582, 5482466.122699], [461006.564103, 5482466.640224], [461008.153746, 5482467.245789], [461009.094071, 5482467.604027], [461019.431935, 5482471.542572], [461039.755197, 5482478.995141], [461070.240123, 5482488.142062], [461095.644449, 5482494.917982], [461102.973573, 5482496.410216], [461133.920989, 5482502.712093], [461157.293241, 5482506.101357], [461159.764924, 5482506.336453], [461171.518509, 5482507.454258], [461187.529178, 5482507.74849], [461208.09772, 5482508.126618], [461245.355036, 5482508.122703], [461272.545733, 5482507.133775], [461310.72467, 5482505.74544], [461347.727979, 5482504.284598], [461379.482906, 5482503.031709], [461391.846057, 5482502.353742], [461404.209117, 5482501.675788], [461407.842337, 5482501.459456], [461427.722602, 5482500.275219], [461428.989785, 5482500.199665], [461432.660836, 5482499.981008], [461456.724503, 5482498.104769], [461458.741476, 5482497.947583], [461472.967523, 5482496.592206], [461490.241965, 5482493.881814], [461509.628983, 5482489.943137], [461511.919596, 5482489.47778], [461544.097614, 5482481.347747], [461568.823867, 5482474.23382], [461571.56137, 5482473.506627], [461579.880173, 5482471.296644], [461590.501567, 5482468.474983], [461608.792028, 5482463.054853], [461614.042094, 5482460.853105], [461619.292055, 5482458.651265], [461625.388806, 5482456.280106], [461635.211386, 5482450.860325], [461641.600888, 5482446.69944], [461649.775849, 5482441.375902], [461667.388323, 5482428.504201], [461670.293303, 5482426.655391], [461674.648919, 5482423.883324], [461674.839811, 5482423.761917], [461674.979804, 5482423.659212], [461685.000734, 5482416.30971], [461695.161656, 5482409.873713], [461695.316448, 5482409.770307], [461696.527988, 5482408.961058], [461699.750426, 5482406.808729], [461699.920517, 5482406.695123], [461746.796922, 5482379.815373], [461758.99974, 5482372.340106], [461760.825489, 5482371.221735], [461763.668756, 5482369.479832], [461767.633648, 5482367.05099], [461767.665449, 5482367.031488], [461771.598436, 5482364.622248], [461773.485177, 5482363.45168], [461776.684845, 5482361.466566], [461784.98181, 5482356.31921], [461794.38128, 5482350.487898], [461798.363746, 5482348.017108], [461802.899617, 5482345.016707], [461819.997046, 5482333.706604], [461820.073147, 5482333.656202], [461820.122649, 5482333.6235], [461822.324803, 5482332.166824], [461829.060081, 5482327.711392], [461840.162408, 5482319.822712], [461842.269576, 5482318.178141], [461844.376845, 5482316.533369], [461846.761425, 5482314.672189], [461860.126849, 5482304.240353], [461866.062549, 5482299.273537], [461871.998167, 5482294.306721], [461876.293785, 5482290.25654], [461885.632162, 5482281.451564], [461903.453887, 5482262.26634], [461924.08964, 5482239.331669], [461925.205842, 5482238.012858], [461925.301243, 5482237.900157], [461925.981945, 5482237.096051], [461926.265247, 5482236.761148], [461926.695249, 5482236.253244], [461926.748349, 5482236.190543], [461933.301221, 5482228.44828], [461944.696687, 5482214.98507], [461960.083746, 5482194.728732], [461962.240202, 5482191.242499], [461969.41738, 5482179.63999], [461973.035732, 5482173.790634], [461975.521099, 5482168.9893], [461978.006573, 5482164.187866], [461978.230071, 5482163.756163], [461990.133537, 5482140.760999], [461994.158457, 5482132.985843], [461994.269258, 5482132.748742], [461999.80684, 5482120.909943], [462005.745836, 5482106.500975], [462014.959362, 5482084.147542], [462023.724012, 5482058.535086], [462026.937739, 5482047.822633], [462030.151454, 5482037.11018], [462034.464695, 5482019.735027], [462038.796362, 5482000.342371], [462039.841752, 5481995.662538], [462039.970239, 5481995.087059], [462040.922938, 5481990.821815], [462041.710053, 5481987.298247], [462042.471806, 5481983.888097], [462042.728801, 5481982.737492], [462044.17006, 5481975.565667], [462045.611416, 5481968.393752], [462047.501452, 5481958.988746], [462048.848003, 5481952.288951], [462049.253984, 5481949.837255], [462054.900552, 5481915.739842], [462056.726586, 5481904.714089], [462057.603084, 5481896.533298], [462058.67378, 5481849.202034], [462058.469983, 5481844.025093], [462057.979235, 5481831.555786], [462057.700123, 5481824.465768], [462057.322083, 5481819.556787], [462055.57444, 5481796.871238], [462052.928801, 5481762.530087], [462051.298746, 5481749.121509], [462051.000173, 5481746.665468], [462048.664295, 5481727.449435], [462047.739287, 5481719.840521], [462047.612099, 5481718.793746], [462047.481513, 5481717.720073], [462044.538153, 5481693.505285], [462040.033535, 5481672.087278], [462036.859523, 5481656.996642], [462030.4578, 5481626.562167], [462029.016099, 5481621.179887], [462025.057993, 5481606.402913], [462023.532659, 5481600.70804], [462002.988035, 5481547.151717], [461998.288104, 5481537.453869], [461992.30256, 5481525.102721], [461989.644157, 5481520.128904], [461989.005167, 5481518.933142], [461969.792695, 5481482.984395], [461951.883556, 5481453.719284], [461945.97197, 5481444.060433], [461944.374468, 5481441.450354], [461944.013367, 5481440.860216], [461943.415365, 5481439.883257], [461932.117495, 5481422.273316], [461929.076204, 5481417.533671], [461912.991998, 5481394.333265], [461899.40933, 5481374.494007], [461894.155307, 5481366.819553], [461893.675988, 5481366.119393], [461877.753603, 5481342.861045], [461838.467097, 5481283.64281], [461832.594253, 5481274.790051], [461831.812905, 5481273.612169], [461826.782269, 5481265.295994], [461826.336438, 5481264.559005], [461823.200816, 5481259.375783], [461803.186937, 5481226.290742]]]}}, {"type": "Feature", "properties": {"code": "012", "name": "Jungbusch", "id_name": "012 Jungbusch"}, "geometry": {"type": "Polygon", "coordinates": [[[461761.834467, 5482508.294521], [461723.49637, 5482445.157811], [461722.631296, 5482443.733004], [461714.399158, 5482430.17583], [461699.920517, 5482406.695123], [461699.750426, 5482406.808729], [461696.527988, 5482408.961058], [461695.316448, 5482409.770307], [461695.161656, 5482409.873713], [461685.000734, 5482416.30971], [461674.979804, 5482423.659212], [461674.839811, 5482423.761917], [461674.648919, 5482423.883324], [461670.293303, 5482426.655391], [461667.388323, 5482428.504201], [461649.775849, 5482441.375902], [461641.600888, 5482446.69944], [461635.211386, 5482450.860325], [461625.388806, 5482456.280106], [461619.292055, 5482458.651265], [461614.042094, 5482460.853105], [461608.792028, 5482463.054853], [461590.501567, 5482468.474983], [461579.880173, 5482471.296644], [461571.56137, 5482473.506627], [461568.823867, 5482474.23382], [461544.097614, 5482481.347747], [461511.919596, 5482489.47778], [461509.628983, 5482489.943137], [461490.241965, 5482493.881814], [461472.967523, 5482496.592206], [461458.741476, 5482497.947583], [461456.724503, 5482498.104769], [461432.660836, 5482499.981008], [461428.989785, 5482500.199665], [461427.722602, 5482500.275219], [461407.842337, 5482501.459456], [461404.209117, 5482501.675788], [461391.846057, 5482502.353742], [461379.482906, 5482503.031709], [461347.727979, 5482504.284598], [461310.72467, 5482505.74544], [461272.545733, 5482507.133775], [461245.355036, 5482508.122703], [461208.09772, 5482508.126618], [461187.529178, 5482507.74849], [461171.518509, 5482507.454258], [461159.764924, 5482506.336453], [461157.293241, 5482506.101357], [461133.920989, 5482502.712093], [461102.973573, 5482496.410216], [461095.644449, 5482494.917982], [461070.240123, 5482488.142062], [461039.755197, 5482478.995141], [461019.431935, 5482471.542572], [461009.094071, 5482467.604027], [461008.153746, 5482467.245789], [461006.564103, 5482466.640224], [461005.205582, 5482466.122699], [460994.0279, 5482460.364468], [460982.850024, 5482454.606252], [460974.72083, 5482449.525419], [460974.71753, 5482449.523319], [460966.591419, 5482444.444621], [460952.703608, 5482435.637981], [460947.62285, 5482432.081373], [460942.542014, 5482428.524765], [460934.751338, 5482422.766494], [460919.847641, 5482411.24986], [460912.826215, 5482405.185874], [460912.395906, 5482404.814164], [460911.011877, 5482403.603131], [460907.896707, 5482400.877462], [460904.266499, 5482397.701097], [460898.169397, 5482391.942915], [460898.166397, 5482391.940015], [460892.072179, 5482386.184633], [460890.085465, 5482384.137904], [460883.929602, 5482377.795712], [460880.893917, 5482374.668268], [460866.32822, 5482358.409733], [460853.795186, 5482342.490013], [460844.030173, 5482330.613962], [460843.419958, 5482329.871869], [460842.791242, 5482329.107176], [460841.262502, 5482327.248094], [460825.342235, 5482305.909208], [460813.825248, 5482287.957081], [460809.083004, 5482279.827768], [460804.340775, 5482271.698339], [460801.489652, 5482266.081403], [460798.638507, 5482260.464274], [460796.008085, 5482255.532452], [460796.006085, 5482255.528752], [460791.41198, 5482246.915712], [460788.292499, 5482241.186488], [460787.923265, 5482240.508385], [460782.839786, 5482231.172244], [460771.90497, 5482211.089826], [460769.880644, 5482207.372029], [460769.280278, 5482206.2695], [460756.181952, 5482183.236411], [460743.618574, 5482165.015121], [460730.528632, 5482147.974239], [460720.155466, 5482135.625681], [460709.782129, 5482123.27705], [460692.492767, 5482100.555599], [460686.425626, 5482091.253693], [460670.262845, 5482066.472739], [460643.588479, 5482017.573109], [460637.166592, 5482003.0367], [460617.854393, 5481959.323485], [460616.444427, 5481956.13225], [460616.437127, 5481956.11555], [460616.421926, 5481956.081351], [460616.418826, 5481956.054851], [460613.33428, 5481929.67009], [460613.33308, 5481929.660091], [460607.529277, 5481880.016669], [460607.003963, 5481875.649214], [460602.288247, 5481836.444681], [460596.381824, 5481787.34527], [460590.548125, 5481738.85047], [460590.248301, 5481736.469034], [460586.257969, 5481704.776581], [460584.243501, 5481688.781261], [460582.583472, 5481668.223052], [460582.251658, 5481653.633714], [460582.914406, 5481635.396977], [460584.904678, 5481617.160665], [460586.232165, 5481606.219163], [460588.554513, 5481594.614663], [460591.871835, 5481579.362876], [460597.842041, 5481556.48408], [460598.891572, 5481552.786114], [460602.688326, 5481539.407837], [460612.711329, 5481506.397382], [460626.270297, 5481471.617557], [460634.141969, 5481453.942233], [460658.693137, 5481398.814833], [460669.304142, 5481372.876696], [460671.072697, 5481364.034385], [460672.251772, 5481354.012969], [460673.430898, 5481322.770095], [460674.020372, 5481304.495941], [460675.788961, 5481290.93797], [460679.32605, 5481276.201054], [460685.221092, 5481261.46409], [460693.473972, 5481246.726907], [460728.585589, 5481198.311446], [460763.697372, 5481149.896104], [460763.715172, 5481149.871504], [460763.747371, 5481149.827104], [460754.516946, 5481144.655663], [460748.704936, 5481141.060023], [460734.087519, 5481132.017604], [460715.908524, 5481119.379335], [460685.091232, 5481097.391958], [460655.789611, 5481076.629991], [460655.176708, 5481076.195785], [460633.290662, 5481060.68844], [460631.806762, 5481059.556653], [460631.543862, 5481059.356155], [460631.310662, 5481059.178357], [460626.672107, 5481065.798529], [460619.939817, 5481075.329341], [460613.171357, 5481084.834396], [460435.36646, 5481327.506837], [460355.951863, 5481421.336473], [460305.525237, 5481483.344292], [460293.41185, 5481498.240024], [460244.229319, 5481553.62485], [460242.345914, 5481555.745787], [460198.888305, 5481604.683399], [460168.006152, 5481640.106708], [460126.601464, 5481686.200962], [459977.500874, 5481850.278754], [459947.071303, 5481883.785749], [459925.811081, 5481907.726712], [459900.689569, 5481937.304985], [459882.039876, 5481960.253797], [459866.550631, 5481980.073153], [459851.045455, 5482000.559246], [459841.398802, 5482013.523162], [459827.363069, 5482033.231478], [459813.067331, 5482053.88538], [459801.036559, 5482071.879298], [459789.00476, 5482090.469013], [459781.60219, 5482102.200201], [459768.661299, 5482123.273703], [459755.802231, 5482144.920216], [459745.472991, 5482162.935881], [459734.325016, 5482183.150753], [459724.46639, 5482201.645525], [459708.782259, 5482232.427241], [459696.870815, 5482256.875772], [459685.741227, 5482280.858538], [459675.579914, 5482303.843468], [459664.672987, 5482329.481202], [459638.919888, 5482396.415176], [459631.466085, 5482417.81387], [459624.512474, 5482438.701422], [459619.360102, 5482454.725874], [459613.844932, 5482472.726646], [459606.3824, 5482498.39867], [459599.692794, 5482522.910185], [459592.541674, 5482551.277203], [459586.881612, 5482575.732326], [459583.24142, 5482592.417461], [459577.99907, 5482618.310914], [459573.814281, 5482640.558807], [459568.352168, 5482672.86362], [459562.99047, 5482710.116341], [459548.988827, 5482811.972777], [459518.152883, 5483040.32081], [459515.94137, 5483055.537597], [459513.450024, 5483071.830019], [459511.721869, 5483082.536818], [459506.040655, 5483115.378017], [459502.416747, 5483134.676254], [459492.313912, 5483183.334601], [459488.377855, 5483200.883498], [459479.041928, 5483239.414853], [459459.167862, 5483317.92206], [459454.673588, 5483335.675766], [459453.524088, 5483339.954949], [459413.53624, 5483488.809079], [459361.096744, 5483680.448402], [459254.605985, 5484077.379413], [459239.894153, 5484131.322327], [459225.722697, 5484183.283481], [459175.785808, 5484370.559646], [459167.626402, 5484407.860641], [459167.130876, 5484411.809887], [459167.157478, 5484411.820387], [459167.184379, 5484411.830987], [459174.078145, 5484414.548577], [459174.519973, 5484414.722876], [459191.124155, 5484421.268713], [459253.578228, 5484445.89876], [459292.381331, 5484461.117659], [459317.719805, 5484468.837638], [459383.841369, 5484381.335064], [459402.704685, 5484356.5505], [459408.763035, 5484348.151239], [459420.741954, 5484332.798279], [459429.855833, 5484322.093019], [459483.221759, 5484259.407891], [459497.954473, 5484242.23706], [459521.966846, 5484214.251878], [459576.500847, 5484150.699029], [459646.444833, 5484068.702504], [459668.945618, 5484042.42865], [459670.264803, 5484040.888202], [459683.78593, 5484026.774434], [459736.995429, 5483971.849142], [459743.836123, 5483964.787673], [459780.829706, 5483926.601402], [459842.53832, 5483862.587474], [459866.0461, 5483838.202125], [459885.46617, 5483818.122605], [459920.452543, 5483781.948543], [459947.748555, 5483753.725375], [459973.512467, 5483727.085659], [460018.811171, 5483680.407955], [460069.135973, 5483638.063845], [460083.206649, 5483626.224609], [460124.957098, 5483590.958465], [460226.415011, 5483505.258527], [460345.526294, 5483404.952402], [460362.730698, 5483390.490011], [460399.084498, 5483359.929811], [460440.826501, 5483330.335047], [460495.794517, 5483291.362348], [460615.968595, 5483205.99908], [460654.222131, 5483178.925482], [460701.932739, 5483145.158228], [460710.609918, 5483139.016828], [460740.867229, 5483117.60116], [460847.852507, 5483041.731075], [460893.207488, 5483015.018366], [460905.980642, 5483007.573563], [460906.510938, 5483007.264458], [460940.114233, 5482987.678505], [461011.694703, 5482945.957112], [461024.438042, 5482938.52965], [461074.509264, 5482909.266333], [461088.871, 5482900.872924], [461106.821448, 5482890.382039], [461134.697953, 5482874.090072], [461147.442071, 5482866.676921], [461285.245232, 5482786.517406], [461299.029191, 5482778.492861], [461328.097097, 5482761.570216], [461436.621957, 5482698.389934], [461462.547513, 5482683.231192], [461502.772316, 5482659.712035], [461527.38758, 5482645.319634], [461564.126277, 5482623.838888], [461564.388177, 5482623.685674], [461585.934288, 5482611.087664], [461676.863795, 5482558.01421], [461681.835708, 5482555.11231], [461693.224118, 5482548.468929], [461739.666121, 5482521.376032], [461761.834467, 5482508.294521]]]}}, {"type": "Feature", "properties": {"code": "020", "name": "Neckarstadt-West", "id_name": "020 Neckarstadt-West"}, "geometry": {"type": "Polygon", "coordinates": [[[461746.639035, 5484485.142818], [461740.474539, 5484451.600231], [461732.946161, 5484410.634239], [461731.143207, 5484400.823343], [461730.054942, 5484395.266233], [461682.367525, 5484151.791379], [461677.356359, 5484126.212067], [461677.284235, 5484125.844221], [461676.948424, 5484124.130574], [461671.504465, 5484096.325765], [461645.398301, 5483961.84639], [461645.312399, 5483961.404385], [461645.305199, 5483961.367185], [461644.166777, 5483955.503324], [461632.535549, 5483895.595705], [461628.129452, 5483867.200591], [461626.660716, 5483855.695557], [461624.457388, 5483816.774982], [461623.72455, 5483791.868722], [461623.722749, 5483791.807221], [461624.004734, 5483782.377775], [461624.307709, 5483772.243818], [461624.857579, 5483753.850133], [461625.435443, 5483734.526934], [461626.506828, 5483707.781709], [461627.207506, 5483690.289395], [461627.216003, 5483690.078296], [461627.364853, 5483686.361117], [461627.504606, 5483682.873237], [461627.607672, 5483680.297852], [461627.645159, 5483679.362858], [461627.666851, 5483678.821461], [461627.772915, 5483676.173676], [461628.111599, 5483667.718424], [461628.126994, 5483667.333427], [461628.225771, 5483665.751734], [461628.400331, 5483662.960148], [461628.504207, 5483661.296156], [461628.896919, 5483655.010262], [461629.083185, 5483652.029612], [461629.105881, 5483651.667305], [461630.63795, 5483641.476899], [461630.64165, 5483641.452198], [461630.64385, 5483641.437598], [461630.646549, 5483641.419898], [461633.276045, 5483623.931743], [461634.000993, 5483619.110345], [461634.03409, 5483618.891541], [461634.259375, 5483617.402111], [461634.932829, 5483612.94942], [461635.369, 5483610.065462], [461638.916792, 5483586.604686], [461639.151646, 5483585.051754], [461640.608867, 5483575.415559], [461640.639961, 5483575.207655], [461651.532521, 5483502.426785], [461652.112405, 5483498.552907], [461653.088289, 5483494.316507], [461668.266979, 5483428.421692], [461668.320974, 5483428.190192], [461669.98022, 5483421.078095], [461672.176674, 5483414.06998], [461675.120391, 5483404.677561], [461675.49967, 5483403.539758], [461677.323272, 5483398.068343], [461677.677145, 5483396.555444], [461677.726341, 5483396.345044], [461678.994847, 5483390.919746], [461685.051833, 5483365.016079], [461699.104711, 5483304.916584], [461704.7058, 5483280.963594], [461708.194605, 5483266.042794], [461710.521231, 5483256.092235], [461712.830851, 5483246.214558], [461714.012705, 5483241.159959], [461720.954488, 5483211.287121], [461721.864048, 5483207.372912], [461722.090138, 5483206.40061], [461722.333414, 5483204.027213], [461722.614486, 5483201.286015], [461722.689978, 5483200.550516], [461722.744373, 5483200.020716], [461723.06904, 5483196.854018], [461723.068874, 5483182.411724], [461723.583318, 5483178.089959], [461724.292639, 5483172.130672], [461725.026843, 5483165.031877], [461726.250647, 5483158.422578], [461740.937043, 5483098.817036], [461747.853375, 5483067.848879], [461750.207099, 5483057.310234], [461751.476421, 5483051.626425], [461755.937878, 5483031.651958], [461756.773974, 5483027.908663], [461759.760072, 5483014.53918], [461778.386839, 5482931.139106], [461780.689329, 5482919.29736], [461783.526904, 5482904.70231], [461785.26359, 5482898.334024], [461786.464114, 5482893.93167], [461790.13564, 5482883.65065], [461794.593192, 5482874.357257], [461795.801456, 5482871.838338], [461803.230311, 5482856.350762], [461804.577644, 5482853.541816], [461814.463691, 5482848.484507], [461865.01459, 5482822.624183], [461886.864441, 5482811.446782], [461922.291861, 5482793.323337], [461897.505719, 5482746.512738], [461857.210053, 5482670.410577], [461855.090425, 5482666.407585], [461847.157129, 5482651.425408], [461832.472424, 5482623.693888], [461831.106801, 5482621.115298], [461761.86217, 5482508.339621], [461761.849569, 5482508.319121], [461761.834467, 5482508.294521], [461739.666121, 5482521.376032], [461693.224118, 5482548.468929], [461681.835708, 5482555.11231], [461676.863795, 5482558.01421], [461585.934288, 5482611.087664], [461564.388177, 5482623.685674], [461564.126277, 5482623.838888], [461527.38758, 5482645.319634], [461502.772316, 5482659.712035], [461462.547513, 5482683.231192], [461436.621957, 5482698.389934], [461328.097097, 5482761.570216], [461299.029191, 5482778.492861], [461285.245232, 5482786.517406], [461147.442071, 5482866.676921], [461134.697953, 5482874.090072], [461106.821448, 5482890.382039], [461088.871, 5482900.872924], [461074.509264, 5482909.266333], [461024.438042, 5482938.52965], [461011.694703, 5482945.957112], [460940.114233, 5482987.678505], [460906.510938, 5483007.264458], [460905.980642, 5483007.573563], [460893.207488, 5483015.018366], [460847.852507, 5483041.731075], [460740.867229, 5483117.60116], [460710.609918, 5483139.016828], [460701.932739, 5483145.158228], [460654.222131, 5483178.925482], [460615.968595, 5483205.99908], [460495.794517, 5483291.362348], [460440.826501, 5483330.335047], [460399.084498, 5483359.929811], [460362.730698, 5483390.490011], [460345.526294, 5483404.952402], [460226.415011, 5483505.258527], [460124.957098, 5483590.958465], [460083.206649, 5483626.224609], [460069.135973, 5483638.063845], [460018.811171, 5483680.407955], [459973.512467, 5483727.085659], [459947.748555, 5483753.725375], [459920.452543, 5483781.948543], [459885.46617, 5483818.122605], [459866.0461, 5483838.202125], [459842.53832, 5483862.587474], [459780.829706, 5483926.601402], [459743.836123, 5483964.787673], [459736.995429, 5483971.849142], [459683.78593, 5484026.774434], [459670.264803, 5484040.888202], [459668.945618, 5484042.42865], [459646.444833, 5484068.702504], [459576.500847, 5484150.699029], [459521.966846, 5484214.251878], [459497.954473, 5484242.23706], [459483.221759, 5484259.407891], [459429.855833, 5484322.093019], [459420.741954, 5484332.798279], [459408.763035, 5484348.151239], [459402.704685, 5484356.5505], [459383.841369, 5484381.335064], [459317.719805, 5484468.837638], [459292.381331, 5484461.117659], [459253.578228, 5484445.89876], [459191.124155, 5484421.268713], [459174.519973, 5484414.722876], [459174.078145, 5484414.548577], [459167.184379, 5484411.830987], [459167.157478, 5484411.820387], [459167.130876, 5484411.809887], [459162.870405, 5484445.746248], [459161.55766, 5484483.906151], [459160.292739, 5484523.06861], [459155.658171, 5484561.976641], [459147.687612, 5484600.340435], [459136.440156, 5484637.875592], [459124.387688, 5484682.666674], [459103.678444, 5484759.636085], [459077.833668, 5484855.88522], [459051.684187, 5484952.230665], [459025.712849, 5485049.184354], [459007.525496, 5485116.699036], [458947.718145, 5485338.718518], [458895.753669, 5485532.333596], [458848.698564, 5485706.945284], [458703.990314, 5486244.542461], [458693.46218, 5486283.643229], [458636.701412, 5486494.443245], [458569.415501, 5486744.344605], [458502.130166, 5486994.246658], [458434.846952, 5487244.150335], [458367.564851, 5487494.053636], [458348.634155, 5487561.642246], [458328.343029, 5487628.835064], [458306.700712, 5487695.605128], [458301.249807, 5487711.730872], [458295.719589, 5487727.829427], [458293.599361, 5487733.904786], [458293.752461, 5487733.819185], [458293.816961, 5487733.783185], [458308.787676, 5487725.425302], [458450.747178, 5487646.526441], [458606.531383, 5487559.915151], [458637.980352, 5487542.289972], [458693.44931, 5487507.656649], [458716.051336, 5487493.545086], [458860.600491, 5487403.353636], [458995.355581, 5487319.319341], [459001.033129, 5487315.778849], [459026.506703, 5487299.668535], [459084.062193, 5487269.513707], [459154.874913, 5487232.126406], [459156.453752, 5487231.292886], [459169.995964, 5487224.14306], [459245.231359, 5487184.762989], [459260.446426, 5487176.707726], [459395.568747, 5487123.099233], [459405.115492, 5487120.345492], [459500.742775, 5487100.494957], [459618.134574, 5487081.783042], [459657.033784, 5487075.582689], [459664.004951, 5487074.471483], [459809.516301, 5487051.20068], [459848.538024, 5487044.59146], [459954.697748, 5487025.176144], [460116.032213, 5486995.434579], [460176.43915, 5486984.281458], [460211.688906, 5486976.983812], [460292.240536, 5486960.047405], [460302.187165, 5486957.978326], [460303.326978, 5486957.741228], [460392.853401, 5486939.11889], [460439.999982, 5486929.377122], [460470.484818, 5486923.078396], [460489.361152, 5486918.78836], [460509.474781, 5486914.216862], [460561.361719, 5486902.424403], [460614.980263, 5486890.688163], [460669.090489, 5486875.902073], [460737.152178, 5486851.104186], [460940.28264, 5486770.908414], [460958.748916, 5486761.411434], [460976.160218, 5486750.859046], [461000.940447, 5486735.004441], [461041.876529, 5486707.728459], [461178.797248, 5486616.507062], [461287.511427, 5486544.041042], [461287.557128, 5486543.998042], [461301.168907, 5486531.167676], [461358.964834, 5486466.36615], [461368.852709, 5486455.279784], [461376.380517, 5486446.839458], [461453.999683, 5486345.502452], [461484.407668, 5486302.903123], [461492.717668, 5486287.074797], [461513.303854, 5486248.689603], [461561.752452, 5486151.311492], [461589.862233, 5486092.813996], [461600.039032, 5486064.80014], [461603.411085, 5486055.518184], [461628.9029, 5485944.115378], [461630.761649, 5485935.991704], [461642.869383, 5485875.449577], [461656.08248, 5485809.375542], [461683.080099, 5485565.070473], [461683.146681, 5485564.226861], [461683.162478, 5485564.105559], [461683.163178, 5485564.100059], [461683.187773, 5485563.910756], [461683.195372, 5485563.851855], [461683.245863, 5485563.463349], [461683.307152, 5485562.990641], [461683.462424, 5485561.794622], [461683.490219, 5485561.580319], [461683.680484, 5485560.114695], [461683.734774, 5485559.696488], [461683.879348, 5485558.583171], [461683.953235, 5485558.013762], [461684.059216, 5485557.197449], [461684.156199, 5485556.450037], [461684.167497, 5485556.362935], [461683.824794, 5485555.646437], [461683.834893, 5485555.597536], [461703.621125, 5485459.757842], [461709.476574, 5485431.396049], [461710.680358, 5485425.565268], [461727.070323, 5485346.175364], [461740.291077, 5485282.138682], [461743.148637, 5485267.372312], [461745.154402, 5485257.006806], [461862.593801, 5485000.295534], [461878.460656, 5484965.610142], [461892.673786, 5484934.539446], [461959.631811, 5484907.908892], [461992.129822, 5484894.983912], [461993.479466, 5484894.447192], [462018.744545, 5484884.398798], [462018.69184, 5484884.341897], [462017.672435, 5484883.242778], [461959.226424, 5484820.223368], [461865.507904, 5484719.164874], [461855.411826, 5484708.346706], [461835.443009, 5484686.949472], [461824.804975, 5484675.550452], [461824.353978, 5484675.067132], [461823.10769, 5484673.731577], [461803.232636, 5484652.434718], [461783.23526, 5484631.007789], [461771.045258, 5484617.946132], [461767.283648, 5484597.478578], [461750.077354, 5484503.851839], [461746.639035, 5484485.142818]]]}}, {"type": "Feature", "properties": {"code": "031", "name": "Neckarstadt-Ost", "id_name": "031 Neckarstadt-Ost"}, "geometry": {"type": "Polygon", "coordinates": [[[462942.57366, 5483201.970695], [462942.657861, 5483201.954997], [462942.723962, 5483201.954999], [462943.532903, 5483193.401223], [462943.533703, 5483193.393222], [462945.313386, 5483174.575905], [462946.326423, 5483163.862444], [462955.739649, 5483086.913425], [462957.660604, 5483075.618978], [462957.809124, 5483074.74635], [462958.643239, 5483069.841893], [462976.120907, 5482966.659419], [462976.128603, 5482966.614119], [462976.130103, 5482966.604919], [462976.1344, 5482966.57962], [462976.04809, 5482966.46802], [462956.486076, 5482941.20374], [462950.482575, 5482932.892095], [462945.843425, 5482926.46934], [462936.837972, 5482910.507157], [462933.552662, 5482904.375306], [462933.383338, 5482904.059309], [462924.557444, 5482887.587053], [462907.774085, 5482857.708833], [462907.427549, 5482857.105923], [462907.422249, 5482857.096623], [462907.406647, 5482857.069523], [462906.397343, 5482855.313597], [462890.640602, 5482827.899902], [462887.307106, 5482822.100313], [462877.085603, 5482805.297434], [462863.303874, 5482782.642156], [462855.312878, 5482769.505711], [462854.983937, 5482768.964707], [462841.870151, 5482747.404354], [462814.597469, 5482702.188477], [462777.993403, 5482641.499528], [462777.50641, 5482640.692229], [462764.107036, 5482618.477527], [462743.020517, 5482583.421373], [462740.437393, 5482579.127006], [462731.36383, 5482564.042691], [462714.17361, 5482535.802154], [462706.397227, 5482524.342692], [462702.782934, 5482520.399872], [462699.558235, 5482516.882133], [462697.393104, 5482514.52014], [462688.798293, 5482506.130018], [462642.958136, 5482467.659849], [462642.645839, 5482467.395881], [462621.978472, 5482449.924571], [462601.310767, 5482432.451577], [462597.936548, 5482429.598765], [462577.471735, 5482412.816449], [462568.467157, 5482403.401821], [462557.006757, 5482389.075348], [462551.276792, 5482379.251927], [462545.137363, 5482367.791282], [462539.407384, 5482354.2844], [462534.086481, 5482340.367938], [462531.811528, 5482333.956785], [462529.659882, 5482327.892856], [462529.584081, 5482327.679348], [462526.797543, 5482321.517402], [462511.486993, 5482287.66107], [462500.523889, 5482263.418648], [462476.278036, 5482211.06716], [462476.275336, 5482211.06136], [462476.271036, 5482211.05196], [462476.166337, 5482211.096557], [462430.744617, 5482230.471596], [462321.648013, 5482276.546836], [462181.905498, 5482335.444271], [462041.933418, 5482394.002115], [461915.423563, 5482444.949434], [461811.763415, 5482486.165626], [461785.513023, 5482496.517011], [461782.998198, 5482497.571481], [461766.143879, 5482505.971655], [461762.88537, 5482507.72808], [461762.552869, 5482507.907193], [461762.267268, 5482508.061204], [461761.912267, 5482508.252518], [461761.899067, 5482508.259619], [461761.834467, 5482508.294521], [461761.849569, 5482508.319121], [461761.86217, 5482508.339621], [461831.106801, 5482621.115298], [461832.472424, 5482623.693888], [461847.157129, 5482651.425408], [461855.090425, 5482666.407585], [461857.210053, 5482670.410577], [461897.505719, 5482746.512738], [461922.291861, 5482793.323337], [461886.864441, 5482811.446782], [461865.01459, 5482822.624183], [461814.463691, 5482848.484507], [461804.577644, 5482853.541816], [461803.230311, 5482856.350762], [461795.801456, 5482871.838338], [461794.593192, 5482874.357257], [461790.13564, 5482883.65065], [461786.464114, 5482893.93167], [461785.26359, 5482898.334024], [461783.526904, 5482904.70231], [461780.689329, 5482919.29736], [461778.386839, 5482931.139106], [461759.760072, 5483014.53918], [461756.773974, 5483027.908663], [461755.937878, 5483031.651958], [461751.476421, 5483051.626425], [461750.207099, 5483057.310234], [461747.853375, 5483067.848879], [461740.937043, 5483098.817036], [461726.250647, 5483158.422578], [461725.026843, 5483165.031877], [461724.292639, 5483172.130672], [461723.583318, 5483178.089959], [461723.068874, 5483182.411724], [461723.06904, 5483196.854018], [461722.744373, 5483200.020716], [461722.689978, 5483200.550516], [461722.709578, 5483200.550215], [461722.716678, 5483200.550115], [461723.335075, 5483200.542993], [461727.23296, 5483200.49776], [461751.346866, 5483200.218134], [461779.884264, 5483196.722954], [461801.660545, 5483193.300642], [461805.655602, 5483192.672909], [461820.651673, 5483190.316034], [461887.626558, 5483176.336086], [461912.891415, 5483170.990972], [461981.488845, 5483156.479216], [462034.545811, 5483145.25476], [462034.677015, 5483145.226957], [462039.054929, 5483144.300884], [462039.07903, 5483144.394285], [462042.470474, 5483157.474824], [462054.720602, 5483204.722004], [462055.36315, 5483207.200277], [462080.474567, 5483344.019482], [462083.903254, 5483362.700059], [462148.518893, 5483351.630556], [462153.140748, 5483350.838807], [462181.48453, 5483345.983277], [462209.703835, 5483341.14903], [462225.62321, 5483338.130834], [462299.269795, 5483324.168286], [462332.593329, 5483317.850335], [462366.915626, 5483311.20869], [462493.280546, 5483286.758231], [462546.490746, 5483276.463295], [462548.365323, 5483276.100751], [462618.641391, 5483262.503542], [462636.604772, 5483259.027957], [462689.060172, 5483249.245952], [462761.265116, 5483235.781045], [462828.387693, 5483223.263763], [462894.545152, 5483210.926964], [462917.593533, 5483206.628694], [462918.861044, 5483206.392301], [462940.730726, 5483202.314355], [462941.331637, 5483202.202268], [462941.455239, 5483202.179271], [462941.843746, 5483202.106879], [462942.495258, 5483201.985293], [462942.57366, 5483201.970695]]]}}, {"type": "Feature", "properties": {"code": "032", "name": "Herzogenried", "id_name": "032 Herzogenried"}, "geometry": {"type": "Polygon", "coordinates": [[[461828.842901, 5484435.149649], [461827.014752, 5484425.773506], [461827.026552, 5484425.773705], [461844.1357, 5484426.129355], [461864.68578, 5484426.91147], [461894.434421, 5484428.084766], [461904.024448, 5484428.280215], [461932.989908, 5484431.019786], [461970.761423, 5484434.544205], [461974.901188, 5484434.918683], [461995.986963, 5484436.825473], [462024.875253, 5484439.43775], [462037.328754, 5484440.525619], [462040.07106, 5484440.765135], [462059.077036, 5484449.372682], [462136.354389, 5484481.984804], [462159.524119, 5484491.964211], [462189.064701, 5484504.6872], [462199.979215, 5484509.320735], [462230.556333, 5484522.301368], [462282.152323, 5484540.37826], [462302.060401, 5484547.353104], [462349.815138, 5484563.27052], [462384.129946, 5484549.17811], [462501.557808, 5484501.160358], [462501.623908, 5484501.160357], [462501.632507, 5484501.111756], [462501.665702, 5484500.923153], [462502.027057, 5484498.870918], [462502.08405, 5484498.547412], [462503.469074, 5484490.681476], [462503.600458, 5484489.935963], [462527.184341, 5484452.089077], [462528.642261, 5484449.749325], [462575.232228, 5484380.44254], [462582.406046, 5484370.757299], [462603.267431, 5484342.59203], [462610.174665, 5484333.266172], [462633.225074, 5484299.187172], [462634.801137, 5484296.857349], [462634.821337, 5484296.82755], [462636.963266, 5484293.661204], [462693.514112, 5484139.190108], [462695.951067, 5484132.533126], [462695.952767, 5484132.528526], [462725.295295, 5484052.375935], [462742.45002, 5484005.516125], [462760.90835, 5483955.095371], [462768.081529, 5483935.501716], [462768.08833, 5483935.483117], [462822.00756, 5483788.199293], [462823.44944, 5483784.260737], [462823.462941, 5483784.223938], [462826.605477, 5483775.640314], [462874.583918, 5483644.580852], [462877.043779, 5483634.194406], [462877.599872, 5483631.846471], [462878.236365, 5483629.158332], [462878.244065, 5483629.126132], [462889.317726, 5483582.369026], [462889.339825, 5483582.275525], [462897.326505, 5483548.552168], [462897.328305, 5483548.544668], [462910.926627, 5483491.129041], [462910.992026, 5483490.851641], [462920.883105, 5483448.810481], [462924.590074, 5483433.159224], [462926.932733, 5483423.268199], [462926.768144, 5483421.498213], [462925.241458, 5483405.08694], [462922.339762, 5483373.181343], [462922.922343, 5483363.280549], [462931.598334, 5483292.601866], [462942.723962, 5483201.954999], [462942.657861, 5483201.954997], [462942.57366, 5483201.970695], [462942.495258, 5483201.985293], [462941.843746, 5483202.106879], [462941.455239, 5483202.179271], [462941.331637, 5483202.202268], [462940.730726, 5483202.314355], [462918.861044, 5483206.392301], [462917.593533, 5483206.628694], [462894.545152, 5483210.926964], [462828.387693, 5483223.263763], [462761.265116, 5483235.781045], [462689.060172, 5483249.245952], [462636.604772, 5483259.027957], [462618.641391, 5483262.503542], [462548.365323, 5483276.100751], [462546.490746, 5483276.463295], [462493.280546, 5483286.758231], [462366.915626, 5483311.20869], [462332.593329, 5483317.850335], [462299.269795, 5483324.168286], [462225.62321, 5483338.130834], [462209.703835, 5483341.14903], [462181.48453, 5483345.983277], [462153.140748, 5483350.838807], [462148.518893, 5483351.630556], [462083.903254, 5483362.700059], [462080.474567, 5483344.019482], [462055.36315, 5483207.200277], [462054.720602, 5483204.722004], [462042.470474, 5483157.474824], [462039.07903, 5483144.394285], [462039.054929, 5483144.300884], [462034.677015, 5483145.226957], [462034.545811, 5483145.25476], [461981.488845, 5483156.479216], [461912.891415, 5483170.990972], [461887.626558, 5483176.336086], [461820.651673, 5483190.316034], [461805.655602, 5483192.672909], [461801.660545, 5483193.300642], [461779.884264, 5483196.722954], [461751.346866, 5483200.218134], [461727.23296, 5483200.49776], [461723.335075, 5483200.542993], [461722.716678, 5483200.550115], [461722.709578, 5483200.550215], [461722.689978, 5483200.550516], [461722.614486, 5483201.286015], [461722.333414, 5483204.027213], [461722.090138, 5483206.40061], [461721.864048, 5483207.372912], [461720.954488, 5483211.287121], [461714.012705, 5483241.159959], [461712.830851, 5483246.214558], [461710.521231, 5483256.092235], [461708.194605, 5483266.042794], [461704.7058, 5483280.963594], [461699.104711, 5483304.916584], [461685.051833, 5483365.016079], [461678.994847, 5483390.919746], [461677.726341, 5483396.345044], [461677.677145, 5483396.555444], [461677.323272, 5483398.068343], [461675.49967, 5483403.539758], [461675.120391, 5483404.677561], [461672.176674, 5483414.06998], [461669.98022, 5483421.078095], [461668.320974, 5483428.190192], [461668.266979, 5483428.421692], [461653.088289, 5483494.316507], [461652.112405, 5483498.552907], [461651.532521, 5483502.426785], [461640.639961, 5483575.207655], [461640.608867, 5483575.415559], [461639.151646, 5483585.051754], [461638.916792, 5483586.604686], [461635.369, 5483610.065462], [461634.932829, 5483612.94942], [461634.259375, 5483617.402111], [461634.03409, 5483618.891541], [461634.000993, 5483619.110345], [461633.276045, 5483623.931743], [461630.646549, 5483641.419898], [461630.64385, 5483641.437598], [461630.64165, 5483641.452198], [461630.63795, 5483641.476899], [461629.105881, 5483651.667305], [461629.083185, 5483652.029612], [461628.896919, 5483655.010262], [461628.504207, 5483661.296156], [461628.400331, 5483662.960148], [461628.225771, 5483665.751734], [461628.126994, 5483667.333427], [461628.111599, 5483667.718424], [461627.772915, 5483676.173676], [461627.666851, 5483678.821461], [461627.645159, 5483679.362858], [461627.607672, 5483680.297852], [461627.504606, 5483682.873237], [461627.364853, 5483686.361117], [461627.216003, 5483690.078296], [461627.207506, 5483690.289395], [461626.506828, 5483707.781709], [461625.435443, 5483734.526934], [461624.857579, 5483753.850133], [461624.307709, 5483772.243818], [461624.004734, 5483782.377775], [461623.722749, 5483791.807221], [461623.72455, 5483791.868722], [461624.457388, 5483816.774982], [461626.660716, 5483855.695557], [461628.129452, 5483867.200591], [461632.535549, 5483895.595705], [461644.166777, 5483955.503324], [461645.305199, 5483961.367185], [461645.312399, 5483961.404385], [461645.398301, 5483961.84639], [461671.504465, 5484096.325765], [461676.948424, 5484124.130574], [461677.284235, 5484125.844221], [461677.356359, 5484126.212067], [461682.367525, 5484151.791379], [461730.054942, 5484395.266233], [461731.143207, 5484400.823343], [461732.946161, 5484410.634239], [461740.474539, 5484451.600231], [461746.639035, 5484485.142818], [461750.077354, 5484503.851839], [461767.283648, 5484597.478578], [461771.045258, 5484617.946132], [461783.23526, 5484631.007789], [461803.232636, 5484652.434718], [461823.10769, 5484673.731577], [461823.132089, 5484673.684578], [461831.236234, 5484658.01601], [461840.935233, 5484637.782291], [461840.999533, 5484637.396886], [461846.780292, 5484612.763201], [461850.826705, 5484595.420005], [461850.880065, 5484581.254738], [461850.898568, 5484576.34078], [461850.895968, 5484576.264079], [461850.591881, 5484567.14267], [461850.591381, 5484567.13557], [461850.590681, 5484567.12527], [461849.655598, 5484553.79881], [461847.903408, 5484543.807988], [461844.554818, 5484524.716959], [461844.550518, 5484524.640357], [461844.189563, 5484518.17552], [461842.798504, 5484510.691671], [461838.415854, 5484487.111652], [461838.424653, 5484487.099651], [461839.051849, 5484486.249225], [461839.039149, 5484486.185424], [461836.178148, 5484471.810724], [461829.456083, 5484438.294296], [461828.842901, 5484435.149649]]]}}, {"type": "Feature", "properties": {"code": "033", "name": "Neckarstadt-Nordost", "id_name": "033 Neckarstadt-Nordost"}, "geometry": {"type": "Polygon", "coordinates": [[[462976.189806, 5482966.64272], [462976.1344, 5482966.57962], [462976.130103, 5482966.604919], [462976.128603, 5482966.614119], [462976.120907, 5482966.659419], [462958.643239, 5483069.841893], [462957.809124, 5483074.74635], [462957.660604, 5483075.618978], [462955.739649, 5483086.913425], [462946.326423, 5483163.862444], [462945.313386, 5483174.575905], [462943.533703, 5483193.393222], [462943.532903, 5483193.401223], [462942.723962, 5483201.954999], [462931.598334, 5483292.601866], [462922.922343, 5483363.280549], [462922.339762, 5483373.181343], [462925.241458, 5483405.08694], [462926.768144, 5483421.498213], [462926.932733, 5483423.268199], [462924.590074, 5483433.159224], [462920.883105, 5483448.810481], [462910.992026, 5483490.851641], [462910.926627, 5483491.129041], [462897.328305, 5483548.544668], [462897.326505, 5483548.552168], [462889.339825, 5483582.275525], [462889.317726, 5483582.369026], [462878.244065, 5483629.126132], [462878.236365, 5483629.158332], [462877.599872, 5483631.846471], [462877.043779, 5483634.194406], [462874.583918, 5483644.580852], [462826.605477, 5483775.640314], [462823.462941, 5483784.223938], [462823.44944, 5483784.260737], [462822.00756, 5483788.199293], [462768.08833, 5483935.483117], [462768.081529, 5483935.501716], [462760.90835, 5483955.095371], [462742.45002, 5484005.516125], [462725.295295, 5484052.375935], [462695.952767, 5484132.528526], [462695.951067, 5484132.533126], [462693.514112, 5484139.190108], [462636.963266, 5484293.661204], [462634.821337, 5484296.82755], [462634.801137, 5484296.857349], [462633.225074, 5484299.187172], [462610.174665, 5484333.266172], [462603.267431, 5484342.59203], [462582.406046, 5484370.757299], [462575.232228, 5484380.44254], [462528.642261, 5484449.749325], [462527.184341, 5484452.089077], [462503.600458, 5484489.935963], [462503.469074, 5484490.681476], [462502.08405, 5484498.547412], [462502.027057, 5484498.870918], [462501.665702, 5484500.923153], [462501.632507, 5484501.111756], [462501.623908, 5484501.160357], [462504.41644, 5484507.845302], [462545.389796, 5484604.046516], [462545.4159, 5484604.108214], [462558.90999, 5484635.962449], [462558.919891, 5484635.98595], [462561.580435, 5484634.874138], [462561.636036, 5484634.850836], [462591.619572, 5484622.32176], [462653.236359, 5484596.789816], [462686.14303, 5484583.011857], [462709.499592, 5484573.192138], [462741.403963, 5484559.926426], [462757.698846, 5484553.151084], [462787.239435, 5484540.793793], [462813.615892, 5484529.760424], [462813.670191, 5484529.737724], [462892.399173, 5484496.945147], [462962.740411, 5484467.55751], [463021.3145, 5484443.087775], [463023.01661, 5484442.376746], [463081.755685, 5484417.982642], [463105.376886, 5484408.17807], [463105.433585, 5484408.154569], [463142.094594, 5484392.937604], [463168.051653, 5484382.274314], [463191.368161, 5484372.639078], [463206.334483, 5484366.279837], [463226.600066, 5484357.704667], [463244.199727, 5484350.510474], [463257.890431, 5484344.624677], [463257.94533, 5484344.600878], [463264.392925, 5484341.712255], [463271.4213, 5484338.563346], [463291.007743, 5484329.212161], [463291.333238, 5484329.056863], [463306.170833, 5484321.926986], [463321.426077, 5484313.609033], [463342.195402, 5484302.583715], [463342.237301, 5484302.561416], [463359.656914, 5484292.412849], [463377.706236, 5484281.39671], [463393.7771, 5484271.055028], [463412.789731, 5484258.593912], [463430.318318, 5484245.972281], [463456.640653, 5484226.862336], [463478.363148, 5484211.742559], [463499.046129, 5484197.3463], [463516.067296, 5484185.334461], [463524.353032, 5484178.397121], [463526.630565, 5484176.366173], [463532.06082, 5484171.523944], [463537.58483, 5484166.192495], [463561.47325, 5484141.784195], [463577.082003, 5484125.341135], [463588.011651, 5484114.284829], [463588.182251, 5484114.112134], [463593.291859, 5484108.943278], [463593.306459, 5484108.928479], [463593.440259, 5484108.793182], [463593.58626, 5484108.579288], [463593.58806, 5484108.576788], [463603.332163, 5484097.092506], [463618.064658, 5484079.845909], [463643.421004, 5484049.569803], [463671.383167, 5484016.346729], [463692.669323, 5483990.889174], [463720.075288, 5483958.247636], [463735.463046, 5483939.899555], [463761.121635, 5483909.346475], [463793.485686, 5483870.899426], [463824.219874, 5483833.513785], [463833.004941, 5483822.538687], [463834.115922, 5483821.105612], [463842.141671, 5483810.752688], [463855.960339, 5483792.560094], [463855.966339, 5483792.552295], [463866.913379, 5483778.26014], [463881.812484, 5483755.93174], [463893.867879, 5483737.063578], [463913.499736, 5483708.068997], [463913.358039, 5483707.998695], [463911.633586, 5483707.143163], [463911.47809, 5483707.06596], [463899.314635, 5483701.031531], [463886.701821, 5483694.180991], [463874.088921, 5483687.330621], [463872.542845, 5483686.49101], [463861.666299, 5483680.583737], [463835.383132, 5483666.30916], [463782.567417, 5483635.47955], [463729.750753, 5483604.648728], [463729.305754, 5483604.389003], [463704.504426, 5483588.887155], [463698.149106, 5483584.546745], [463691.793671, 5483580.206234], [463677.842733, 5483570.28526], [463676.093304, 5483568.896868], [463667.202336, 5483561.840163], [463667.158535, 5483561.80546], [463658.311135, 5483554.783298], [463650.870544, 5483548.892473], [463636.299205, 5483536.800714], [463628.858541, 5483530.289724], [463618.937457, 5483521.45283], [463609.01643, 5483512.615663], [463591.964954, 5483496.802619], [463574.294236, 5483480.836962], [463484.702014, 5483400.241302], [463475.5565, 5483392.026461], [463466.411454, 5483383.811768], [463456.912772, 5483374.946751], [463453.897832, 5483372.132922], [463452.46086, 5483370.791902], [463443.935546, 5483363.11937], [463435.410318, 5483355.446668], [463417.907028, 5483339.748808], [463403.37934, 5483326.719463], [463396.350205, 5483320.415238], [463385.189924, 5483310.184798], [463354.188596, 5483281.973839], [463335.278268, 5483265.233315], [463333.153071, 5483263.420522], [463333.060176, 5483263.341322], [463333.057776, 5483263.339322], [463324.738164, 5483256.242815], [463269.713125, 5483211.600062], [463232.540595, 5483181.706777], [463232.524396, 5483181.693777], [463232.514897, 5483181.686076], [463232.504397, 5483181.677676], [463209.57311, 5483163.235382], [463193.578757, 5483150.480368], [463186.798889, 5483145.073421], [463177.707827, 5483137.823018], [463172.381927, 5483133.576153], [463163.693944, 5483126.650266], [463156.939949, 5483121.40673], [463155.85959, 5483120.567885], [463124.259841, 5483095.982857], [463124.23104, 5483095.960158], [463068.574026, 5483051.766538], [463062.161539, 5483046.668338], [463026.753062, 5483017.526131], [463023.408872, 5483014.425924], [463022.208139, 5483013.320523], [463021.247608, 5483012.436224], [463003.876789, 5482996.444972], [462995.195554, 5482987.454453], [462985.724188, 5482977.426934], [462984.653887, 5482976.293832], [462976.215109, 5482966.67142], [462976.192607, 5482966.64592], [462976.189806, 5482966.64272]]]}}, {"type": "Feature", "properties": {"code": "034", "name": "Wohlgelegen", "id_name": "034 Wohlgelegen"}, "geometry": {"type": "Polygon", "coordinates": [[[464395.904327, 5481318.634133], [464395.876329, 5481318.578434], [464354.857977, 5481337.885429], [464288.3459, 5481368.450613], [464133.227422, 5481439.654787], [463945.414734, 5481527.860277], [463804.412488, 5481594.143819], [463770.998727, 5481609.843599], [463756.092302, 5481616.84778], [463664.4404, 5481659.912684], [463510.079623, 5481732.378708], [463383.009645, 5481792.079882], [463283.871666, 5481838.657437], [463251.517654, 5481853.858286], [463245.463945, 5481856.702446], [463134.042795, 5481909.133591], [463095.154944, 5481927.347806], [463008.416031, 5481967.974407], [462895.072678, 5482020.807112], [462725.841815, 5482099.969208], [462705.22934, 5482109.608591], [462692.830482, 5482115.406913], [462616.173807, 5482151.255458], [462584.38343, 5482164.935282], [462476.271036, 5482211.05196], [462476.275336, 5482211.06136], [462476.278036, 5482211.06716], [462500.523889, 5482263.418648], [462511.486993, 5482287.66107], [462526.797543, 5482321.517402], [462529.584081, 5482327.679348], [462529.659882, 5482327.892856], [462531.811528, 5482333.956785], [462534.086481, 5482340.367938], [462539.407384, 5482354.2844], [462545.137363, 5482367.791282], [462551.276792, 5482379.251927], [462557.006757, 5482389.075348], [462568.467157, 5482403.401821], [462577.471735, 5482412.816449], [462597.936548, 5482429.598765], [462601.310767, 5482432.451577], [462621.978472, 5482449.924571], [462642.645839, 5482467.395881], [462642.958136, 5482467.659849], [462688.798293, 5482506.130018], [462697.393104, 5482514.52014], [462699.558235, 5482516.882133], [462702.782934, 5482520.399872], [462706.397227, 5482524.342692], [462714.17361, 5482535.802154], [462731.36383, 5482564.042691], [462740.437393, 5482579.127006], [462743.020517, 5482583.421373], [462764.107036, 5482618.477527], [462777.50641, 5482640.692229], [462777.993403, 5482641.499528], [462814.597469, 5482702.188477], [462841.870151, 5482747.404354], [462854.983937, 5482768.964707], [462855.312878, 5482769.505711], [462863.303874, 5482782.642156], [462877.085603, 5482805.297434], [462887.307106, 5482822.100313], [462890.640602, 5482827.899902], [462906.397343, 5482855.313597], [462907.406647, 5482857.069523], [462907.422249, 5482857.096623], [462907.427549, 5482857.105923], [462907.774085, 5482857.708833], [462924.557444, 5482887.587053], [462933.383338, 5482904.059309], [462933.552662, 5482904.375306], [462936.837972, 5482910.507157], [462945.843425, 5482926.46934], [462950.482575, 5482932.892095], [462956.486076, 5482941.20374], [462976.04809, 5482966.46802], [462976.1344, 5482966.57962], [462976.189806, 5482966.64272], [462976.192607, 5482966.64592], [462976.215109, 5482966.67142], [462984.653887, 5482976.293832], [462985.724188, 5482977.426934], [462995.195554, 5482987.454453], [463003.876789, 5482996.444972], [463021.247608, 5483012.436224], [463022.208139, 5483013.320523], [463023.408872, 5483014.425924], [463026.753062, 5483017.526131], [463062.161539, 5483046.668338], [463068.574026, 5483051.766538], [463124.23104, 5483095.960158], [463124.259841, 5483095.982857], [463155.85959, 5483120.567885], [463156.939949, 5483121.40673], [463163.693944, 5483126.650266], [463172.381927, 5483133.576153], [463177.707827, 5483137.823018], [463186.798889, 5483145.073421], [463193.578757, 5483150.480368], [463209.57311, 5483163.235382], [463232.504397, 5483181.677676], [463232.514897, 5483181.686076], [463232.524396, 5483181.693777], [463232.540595, 5483181.706777], [463269.713125, 5483211.600062], [463324.738164, 5483256.242815], [463333.057776, 5483263.339322], [463333.060176, 5483263.341322], [463333.153071, 5483263.420522], [463335.278268, 5483265.233315], [463354.188596, 5483281.973839], [463385.189924, 5483310.184798], [463396.350205, 5483320.415238], [463403.37934, 5483326.719463], [463417.907028, 5483339.748808], [463435.410318, 5483355.446668], [463443.935546, 5483363.11937], [463452.46086, 5483370.791902], [463453.897832, 5483372.132922], [463456.912772, 5483374.946751], [463466.411454, 5483383.811768], [463475.5565, 5483392.026461], [463484.702014, 5483400.241302], [463574.294236, 5483480.836962], [463591.964954, 5483496.802619], [463609.01643, 5483512.615663], [463618.937457, 5483521.45283], [463628.858541, 5483530.289724], [463636.299205, 5483536.800714], [463650.870544, 5483548.892473], [463658.311135, 5483554.783298], [463667.158535, 5483561.80546], [463667.202336, 5483561.840163], [463676.093304, 5483568.896868], [463677.842733, 5483570.28526], [463691.793671, 5483580.206234], [463698.149106, 5483584.546745], [463704.504426, 5483588.887155], [463729.305754, 5483604.389003], [463729.750753, 5483604.648728], [463782.567417, 5483635.47955], [463835.383132, 5483666.30916], [463861.666299, 5483680.583737], [463872.542845, 5483686.49101], [463874.088921, 5483687.330621], [463886.701821, 5483694.180991], [463899.314635, 5483701.031531], [463911.47809, 5483707.06596], [463911.633586, 5483707.143163], [463913.358039, 5483707.998695], [463913.499736, 5483708.068997], [463913.516335, 5483708.044498], [463913.537335, 5483708.013499], [463913.756828, 5483707.689307], [463915.03109, 5483705.807353], [463915.328981, 5483705.367364], [463916.33155, 5483703.886701], [463916.33475, 5483703.881901], [463916.801335, 5483703.192819], [463916.879633, 5483703.039522], [463918.079493, 5483700.690272], [463919.278853, 5483698.342122], [463919.320452, 5483698.260624], [463919.322052, 5483698.257524], [463925.179243, 5483686.789872], [463931.03662, 5483675.322898], [463941.482799, 5483655.940887], [463942.353293, 5483653.901316], [463950.296114, 5483635.288384], [463967.056853, 5483595.848644], [463986.918731, 5483549.696838], [464001.407819, 5483515.1684], [464004.623588, 5483506.850255], [464013.206188, 5483484.650219], [464014.087794, 5483482.36998], [464019.099348, 5483468.659877], [464020.157463, 5483465.765168], [464030.790272, 5483436.677667], [464031.821199, 5483433.857481], [464035.911818, 5483422.708258], [464044.823208, 5483398.420212], [464051.062, 5483381.417026], [464071.866472, 5483325.047564], [464085.54725, 5483287.302622], [464088.09439, 5483280.27458], [464089.414947, 5483276.630701], [464091.083157, 5483272.027695], [464109.362203, 5483221.602328], [464127.043546, 5483172.763761], [464146.431184, 5483120.224117], [464169.007318, 5483058.710748], [464181.332367, 5483024.678531], [464188.493968, 5483004.902794], [464194.956649, 5482987.056981], [464196.351909, 5482983.200111], [464223.050373, 5482909.39436], [464234.314734, 5482877.916561], [464247.204598, 5482843.170234], [464247.284899, 5482842.95393], [464248.208312, 5482840.464789], [464248.249112, 5482840.354887], [464386.70867, 5482467.119957], [464413.068882, 5482396.062104], [464480.36998, 5482214.640837], [464487.150828, 5482195.449441], [464493.59714, 5482177.204727], [464497.718758, 5482165.53989], [464516.027837, 5482111.834841], [464531.021881, 5482070.979656], [464541.729487, 5482037.260337], [464554.487041, 5481989.187846], [464557.027161, 5481977.707821], [464560.410004, 5481962.417818], [464564.402023, 5481934.66548], [464564.523091, 5481933.823167], [464564.965374, 5481930.749119], [464569.067379, 5481886.094135], [464569.752353, 5481827.769965], [464568.573066, 5481809.64607], [464567.24692, 5481789.266238], [464565.203874, 5481765.750137], [464561.231327, 5481734.480802], [464552.005238, 5481686.039001], [464545.726081, 5481661.561809], [464532.014053, 5481617.79772], [464517.533318, 5481581.273981], [464492.031644, 5481524.309196], [464491.460261, 5481523.079584], [464466.810517, 5481470.032283], [464464.37024, 5481464.780763], [464460.827327, 5481457.156134], [464434.685518, 5481400.704421], [464396.89565, 5481320.608294], [464395.915226, 5481318.655832], [464395.904327, 5481318.634133]]]}}, {"type": "Feature", "properties": {"code": "041", "name": "Oststadt", "id_name": "041 Oststadt"}, "geometry": {"type": "Polygon", "coordinates": [[[464305.711133, 5481126.168457], [464282.785905, 5481077.508431], [464279.78657, 5481071.14206], [464275.088552, 5481061.104632], [464254.017211, 5481016.083338], [464232.317359, 5480969.750547], [464210.390704, 5480922.902474], [464185.984167, 5480870.805267], [464156.971354, 5480809.047799], [464142.388208, 5480777.875266], [464126.046701, 5480742.943709], [464110.728582, 5480710.264006], [464103.472109, 5480694.782808], [464103.456609, 5480694.749808], [464101.564449, 5480690.713195], [464093.946238, 5480674.459984], [464067.728488, 5480617.407482], [464049.619427, 5480578.083463], [464045.928298, 5480570.067907], [464031.327442, 5480538.36113], [463997.948599, 5480467.193398], [463994.623732, 5480460.104241], [463991.514659, 5480453.475177], [463981.000789, 5480431.247139], [463971.563731, 5480411.295883], [463969.600795, 5480407.146008], [463964.385492, 5480396.120684], [463948.491776, 5480362.456388], [463945.314211, 5480355.726067], [463940.388773, 5480345.293504], [463920.390101, 5480302.766453], [463903.72937, 5480267.335646], [463899.810355, 5480258.980627], [463899.782456, 5480258.997427], [463899.769056, 5480259.005528], [463827.202119, 5480302.768028], [463807.472027, 5480314.666692], [463763.409591, 5480341.239757], [463555.364313, 5480466.704714], [463531.233363, 5480481.257328], [463451.908237, 5480529.095405], [463448.912673, 5480530.901992], [463444.252626, 5480533.712437], [463413.393534, 5480552.322788], [463362.610013, 5480582.948775], [463345.373009, 5480593.344321], [463283.232858, 5480630.819749], [463239.621713, 5480657.120547], [463232.665207, 5480661.315655], [463199.080836, 5480681.072474], [463199.077336, 5480681.074575], [463193.680204, 5480684.249657], [463179.679544, 5480692.486226], [463177.63096, 5480693.691317], [463165.959859, 5480674.264857], [463137.202253, 5480626.39802], [463133.016107, 5480619.430347], [463127.452522, 5480610.169783], [463126.624808, 5480609.011092], [463119.567571, 5480599.131272], [463119.359067, 5480598.839375], [463113.855439, 5480591.717348], [463108.028247, 5480586.861619], [463101.87737, 5480582.329701], [463094.431611, 5480579.092765], [463081.482444, 5480575.856191], [463029.847168, 5480562.910343], [462988.409481, 5480552.230853], [462950.055659, 5480542.703116], [462942.848046, 5480540.91154], [462942.576446, 5480540.844026], [462935.032138, 5480538.968758], [462934.733037, 5480538.894344], [462933.698737, 5480538.637295], [462929.86133, 5480537.930229], [462921.397018, 5480536.370681], [462903.26806, 5480534.751433], [462874.132116, 5480533.778991], [462849.528361, 5480534.425404], [462834.637007, 5480535.719835], [462824.601409, 5480537.01445], [462811.652348, 5480538.956251], [462799.026934, 5480541.545796], [462781.868858, 5480545.754267], [462772.804115, 5480548.344141], [462772.276202, 5480548.51084], [462769.599736, 5480549.356034], [462768.960521, 5480549.557832], [462760.502038, 5480552.228813], [462758.015191, 5480553.16901], [462746.255171, 5480557.61484], [462742.073397, 5480559.195854], [462735.574821, 5480561.652565], [462733.956224, 5480562.264565], [462716.15095, 5480570.681621], [462697.05061, 5480580.717251], [462684.101043, 5480588.81061], [462674.065308, 5480595.609182], [462673.346095, 5480596.128593], [462667.406677, 5480600.418169], [462667.241874, 5480600.537271], [462667.106371, 5480600.635072], [462662.41067, 5480604.026415], [462661.243143, 5480604.945523], [462647.195202, 5480616.004398], [462640.720545, 5480621.50777], [462631.332342, 5480629.92479], [462616.926128, 5480643.683531], [462601.372047, 5480661.77673], [462601.063038, 5480662.136231], [462600.301715, 5480663.090732], [462599.8512, 5480663.655633], [462558.977119, 5480714.904833], [462557.199597, 5480717.177533], [462553.306758, 5480722.154923], [462493.906467, 5480798.104634], [462493.409758, 5480798.74023], [462489.806096, 5480803.3509], [462489.096484, 5480804.258894], [462485.639633, 5480808.681765], [462483.075299, 5480811.962844], [462441.785009, 5480864.793804], [462434.978754, 5480873.45047], [462417.857504, 5480895.226301], [462408.440863, 5480907.202704], [462401.966183, 5480914.97222], [462395.329626, 5480920.96137], [462388.531199, 5480925.493836], [462370.982546, 5480936.223838], [462355.838006, 5480945.483769], [462331.878032, 5480960.133319], [462317.957586, 5480967.902717], [462305.979604, 5480973.406184], [462297.867609, 5480977.293219], [462295.222105, 5480978.560839], [462236.053929, 5481006.912715], [462224.47875, 5481012.39848], [462218.464289, 5481015.248828], [462212.808919, 5481017.928965], [462195.753472, 5481026.011482], [462187.9801, 5481029.69523], [462183.188662, 5481031.965936], [462161.596062, 5481042.198413], [462152.531643, 5481046.08305], [462151.841632, 5481046.363358], [462149.866903, 5481047.165579], [462142.172081, 5481050.29166], [462139.548636, 5481051.145889], [462139.355833, 5481051.208691], [462128.251432, 5481054.824112], [462114.652461, 5481059.073865], [462111.8735, 5481059.942415], [462073.668521, 5481071.882102], [462049.95059, 5481079.294139], [462043.068484, 5481081.444752], [462025.633439, 5481086.893235], [462019.427938, 5481088.832482], [461971.018359, 5481103.959838], [461961.460668, 5481106.946488], [461952.137438, 5481109.85973], [461911.022623, 5481122.809212], [461904.224004, 5481124.751565], [461897.749162, 5481125.722813], [461888.360687, 5481125.399254], [461887.902769, 5481125.301054], [461883.828213, 5481124.428059], [461881.393621, 5481124.043565], [461877.677083, 5481123.456873], [461872.173571, 5481123.456902], [461866.669931, 5481125.075657], [461864.543622, 5481126.41059], [461855.364115, 5481132.17443], [461852.748758, 5481133.816569], [461835.589815, 5481144.499941], [461804.509995, 5481163.276363], [461803.972874, 5481163.60976], [461788.636675, 5481173.134424], [461777.162548, 5481180.260593], [461776.680945, 5481180.559696], [461776.621445, 5481180.596696], [461776.150641, 5481180.889099], [461776.086141, 5481180.929199], [461803.186937, 5481226.290742], [461823.200816, 5481259.375783], [461826.336438, 5481264.559005], [461826.782269, 5481265.295994], [461831.812905, 5481273.612169], [461832.594253, 5481274.790051], [461838.467097, 5481283.64281], [461877.753603, 5481342.861045], [461893.675988, 5481366.119393], [461894.155307, 5481366.819553], [461899.40933, 5481374.494007], [461912.991998, 5481394.333265], [461929.076204, 5481417.533671], [461932.117495, 5481422.273316], [461943.415365, 5481439.883257], [461944.013367, 5481440.860216], [461944.374468, 5481441.450354], [461945.97197, 5481444.060433], [461951.883556, 5481453.719284], [461969.792695, 5481482.984395], [461989.005167, 5481518.933142], [461989.644157, 5481520.128904], [461992.30256, 5481525.102721], [461998.288104, 5481537.453869], [462002.988035, 5481547.151717], [462023.532659, 5481600.70804], [462025.057993, 5481606.402913], [462029.016099, 5481621.179887], [462030.4578, 5481626.562167], [462036.859523, 5481656.996642], [462040.033535, 5481672.087278], [462044.538153, 5481693.505285], [462047.481513, 5481717.720073], [462047.612099, 5481718.793746], [462047.739287, 5481719.840521], [462048.664295, 5481727.449435], [462051.000173, 5481746.665468], [462051.298746, 5481749.121509], [462052.928801, 5481762.530087], [462055.57444, 5481796.871238], [462057.322083, 5481819.556787], [462057.700123, 5481824.465768], [462057.979235, 5481831.555786], [462058.469983, 5481844.025093], [462058.67378, 5481849.202034], [462057.603084, 5481896.533298], [462056.726586, 5481904.714089], [462054.900552, 5481915.739842], [462049.253984, 5481949.837255], [462048.848003, 5481952.288951], [462047.501452, 5481958.988746], [462045.611416, 5481968.393752], [462044.17006, 5481975.565667], [462042.728801, 5481982.737492], [462042.471806, 5481983.888097], [462041.710053, 5481987.298247], [462040.922938, 5481990.821815], [462039.970239, 5481995.087059], [462039.841752, 5481995.662538], [462038.796362, 5482000.342371], [462034.464695, 5482019.735027], [462030.151454, 5482037.11018], [462026.937739, 5482047.822633], [462023.724012, 5482058.535086], [462014.959362, 5482084.147542], [462005.745836, 5482106.500975], [461999.80684, 5482120.909943], [461994.269258, 5482132.748742], [461994.158457, 5482132.985843], [461990.133537, 5482140.760999], [461978.230071, 5482163.756163], [461978.006573, 5482164.187866], [461975.521099, 5482168.9893], [461973.035732, 5482173.790634], [461969.41738, 5482179.63999], [461962.240202, 5482191.242499], [461960.083746, 5482194.728732], [461944.696687, 5482214.98507], [461933.301221, 5482228.44828], [461926.748349, 5482236.190543], [461926.695249, 5482236.253244], [461926.265247, 5482236.761148], [461925.981945, 5482237.096051], [461925.301243, 5482237.900157], [461925.205842, 5482238.012858], [461924.08964, 5482239.331669], [461903.453887, 5482262.26634], [461885.632162, 5482281.451564], [461876.293785, 5482290.25654], [461871.998167, 5482294.306721], [461866.062549, 5482299.273537], [461860.126849, 5482304.240353], [461846.761425, 5482314.672189], [461844.376845, 5482316.533369], [461842.269576, 5482318.178141], [461840.162408, 5482319.822712], [461829.060081, 5482327.711392], [461822.324803, 5482332.166824], [461820.122649, 5482333.6235], [461820.073147, 5482333.656202], [461819.997046, 5482333.706604], [461802.899617, 5482345.016707], [461798.363746, 5482348.017108], [461794.38128, 5482350.487898], [461784.98181, 5482356.31921], [461776.684845, 5482361.466566], [461773.485177, 5482363.45168], [461771.598436, 5482364.622248], [461767.665449, 5482367.031488], [461767.633648, 5482367.05099], [461763.668756, 5482369.479832], [461760.825489, 5482371.221735], [461758.99974, 5482372.340106], [461746.796922, 5482379.815373], [461699.920517, 5482406.695123], [461714.399158, 5482430.17583], [461722.631296, 5482443.733004], [461723.49637, 5482445.157811], [461761.834467, 5482508.294521], [461761.899067, 5482508.259619], [461761.912267, 5482508.252518], [461762.267268, 5482508.061204], [461762.552869, 5482507.907193], [461762.88537, 5482507.72808], [461766.143879, 5482505.971655], [461782.998198, 5482497.571481], [461785.513023, 5482496.517011], [461811.763415, 5482486.165626], [461915.423563, 5482444.949434], [462041.933418, 5482394.002115], [462181.905498, 5482335.444271], [462321.648013, 5482276.546836], [462430.744617, 5482230.471596], [462476.166337, 5482211.096557], [462476.271036, 5482211.05196], [462584.38343, 5482164.935282], [462616.173807, 5482151.255458], [462692.830482, 5482115.406913], [462705.22934, 5482109.608591], [462725.841815, 5482099.969208], [462895.072678, 5482020.807112], [463008.416031, 5481967.974407], [463095.154944, 5481927.347806], [463134.042795, 5481909.133591], [463245.463945, 5481856.702446], [463251.517654, 5481853.858286], [463283.871666, 5481838.657437], [463383.009645, 5481792.079882], [463510.079623, 5481732.378708], [463664.4404, 5481659.912684], [463756.092302, 5481616.84778], [463770.998727, 5481609.843599], [463804.412488, 5481594.143819], [463945.414734, 5481527.860277], [464133.227422, 5481439.654787], [464288.3459, 5481368.450613], [464354.857977, 5481337.885429], [464395.876329, 5481318.578434], [464376.244522, 5481275.950839], [464359.245962, 5481239.954897], [464357.845862, 5481236.978286], [464345.19344, 5481210.078103], [464336.447284, 5481191.483116], [464336.420586, 5481191.426315], [464327.700905, 5481172.887672], [464305.711133, 5481126.168457]]]}}, {"type": "Feature", "properties": {"code": "042", "name": "Schwetzingerstadt", "id_name": "042 Schwetzingerstadt"}, "geometry": {"type": "Polygon", "coordinates": [[[461866.669931, 5481125.075657], [461872.173571, 5481123.456902], [461877.677083, 5481123.456873], [461881.393621, 5481124.043565], [461883.828213, 5481124.428059], [461887.902769, 5481125.301054], [461888.360687, 5481125.399254], [461897.749162, 5481125.722813], [461904.224004, 5481124.751565], [461911.022623, 5481122.809212], [461952.137438, 5481109.85973], [461961.460668, 5481106.946488], [461971.018359, 5481103.959838], [462019.427938, 5481088.832482], [462025.633439, 5481086.893235], [462043.068484, 5481081.444752], [462049.95059, 5481079.294139], [462073.668521, 5481071.882102], [462111.8735, 5481059.942415], [462114.652461, 5481059.073865], [462128.251432, 5481054.824112], [462139.355833, 5481051.208691], [462139.548636, 5481051.145889], [462142.172081, 5481050.29166], [462149.866903, 5481047.165579], [462151.841632, 5481046.363358], [462152.531643, 5481046.08305], [462161.596062, 5481042.198413], [462183.188662, 5481031.965936], [462187.9801, 5481029.69523], [462195.753472, 5481026.011482], [462212.808919, 5481017.928965], [462218.464289, 5481015.248828], [462224.47875, 5481012.39848], [462236.053929, 5481006.912715], [462295.222105, 5480978.560839], [462297.867609, 5480977.293219], [462305.979604, 5480973.406184], [462317.957586, 5480967.902717], [462331.878032, 5480960.133319], [462355.838006, 5480945.483769], [462370.982546, 5480936.223838], [462388.531199, 5480925.493836], [462395.329626, 5480920.96137], [462401.966183, 5480914.97222], [462408.440863, 5480907.202704], [462417.857504, 5480895.226301], [462434.978754, 5480873.45047], [462441.785009, 5480864.793804], [462483.075299, 5480811.962844], [462485.639633, 5480808.681765], [462489.096484, 5480804.258894], [462489.806096, 5480803.3509], [462493.409758, 5480798.74023], [462493.906467, 5480798.104634], [462553.306758, 5480722.154923], [462557.199597, 5480717.177533], [462558.977119, 5480714.904833], [462599.8512, 5480663.655633], [462600.301715, 5480663.090732], [462601.063038, 5480662.136231], [462601.372047, 5480661.77673], [462616.926128, 5480643.683531], [462631.332342, 5480629.92479], [462640.720545, 5480621.50777], [462647.195202, 5480616.004398], [462661.243143, 5480604.945523], [462662.41067, 5480604.026415], [462667.106371, 5480600.635072], [462667.241874, 5480600.537271], [462667.406677, 5480600.418169], [462673.346095, 5480596.128593], [462674.065308, 5480595.609182], [462684.101043, 5480588.81061], [462697.05061, 5480580.717251], [462716.15095, 5480570.681621], [462733.956224, 5480562.264565], [462735.574821, 5480561.652565], [462742.073397, 5480559.195854], [462746.255171, 5480557.61484], [462758.015191, 5480553.16901], [462760.502038, 5480552.228813], [462768.960521, 5480549.557832], [462769.599736, 5480549.356034], [462772.276202, 5480548.51084], [462772.804115, 5480548.344141], [462781.868858, 5480545.754267], [462799.026934, 5480541.545796], [462811.652348, 5480538.956251], [462824.601409, 5480537.01445], [462834.637007, 5480535.719835], [462849.528361, 5480534.425404], [462874.132116, 5480533.778991], [462903.26806, 5480534.751433], [462921.397018, 5480536.370681], [462929.86133, 5480537.930229], [462933.698737, 5480538.637295], [462934.733037, 5480538.894344], [462935.032138, 5480538.968758], [462942.576446, 5480540.844026], [462942.848046, 5480540.91154], [462950.055659, 5480542.703116], [462988.409481, 5480552.230853], [463029.847168, 5480562.910343], [463081.482444, 5480575.856191], [463094.431611, 5480579.092765], [463101.87737, 5480582.329701], [463108.028247, 5480586.861619], [463113.855439, 5480591.717348], [463119.359067, 5480598.839375], [463119.567571, 5480599.131272], [463126.624808, 5480609.011092], [463127.452522, 5480610.169783], [463133.016107, 5480619.430347], [463137.202253, 5480626.39802], [463165.959859, 5480674.264857], [463177.63096, 5480693.691317], [463179.679544, 5480692.486226], [463193.680204, 5480684.249657], [463199.077336, 5480681.074575], [463199.080836, 5480681.072474], [463232.665207, 5480661.315655], [463239.621713, 5480657.120547], [463283.232858, 5480630.819749], [463345.373009, 5480593.344321], [463362.610013, 5480582.948775], [463413.393534, 5480552.322788], [463444.252626, 5480533.712437], [463448.912673, 5480530.901992], [463451.908237, 5480529.095405], [463531.233363, 5480481.257328], [463555.364313, 5480466.704714], [463763.409591, 5480341.239757], [463807.472027, 5480314.666692], [463827.202119, 5480302.768028], [463899.769056, 5480259.005528], [463899.782456, 5480258.997427], [463899.810355, 5480258.980627], [463882.468397, 5480222.009114], [463869.041029, 5480193.383021], [463834.281508, 5480119.716916], [463806.376743, 5480061.032826], [463800.284617, 5480050.263168], [463791.320075, 5480034.415577], [463783.623232, 5480020.808857], [463766.717319, 5479994.450839], [463742.53896, 5479960.537266], [463727.083911, 5479941.434076], [463715.157703, 5479927.310665], [463693.692234, 5479904.9017], [463668.750989, 5479880.388654], [463651.869587, 5479866.036236], [463633.807583, 5479850.680737], [463617.795491, 5479838.273834], [463605.274892, 5479829.539947], [463593.670203, 5479821.445277], [463576.928387, 5479810.97048], [463562.547435, 5479802.384418], [463544.860843, 5479792.811091], [463525.2853, 5479783.109101], [463507.856397, 5479775.381757], [463497.055549, 5479770.831376], [463484.863851, 5479765.851704], [463462.541179, 5479758.124553], [463444.579798, 5479752.328975], [463405.084958, 5479741.681656], [463403.700956, 5479741.401326], [463374.562733, 5479735.499854], [463362.800274, 5479733.181562], [463346.487351, 5479730.777419], [463324.156018, 5479728.459138], [463306.641166, 5479727.514612], [463287.580795, 5479727.514586], [463260.048079, 5479728.315725], [463255.126493, 5479728.458898], [463239.94681, 5479729.489041], [463200.723936, 5479734.339809], [463160.657253, 5479738.575289], [463158.753474, 5479738.833477], [463130.275111, 5479742.69692], [463113.363026, 5479745.506336], [463097.190877, 5479748.192864], [463094.127616, 5479748.646733], [463093.758421, 5479748.701441], [463091.382552, 5479749.053394], [463091.363252, 5479749.056294], [463091.028357, 5479749.105902], [463091.019457, 5479749.107202], [463091.009257, 5479749.108702], [463069.760038, 5479760.592756], [463063.337617, 5479764.063685], [463058.903907, 5479766.459824], [463049.911802, 5479771.319635], [463022.766082, 5479786.001132], [463022.561984, 5479786.111549], [462964.913649, 5479817.288703], [462927.248261, 5479837.521], [462927.241561, 5479837.524601], [462896.709704, 5479853.924583], [462853.477072, 5479877.206372], [462839.414313, 5479884.779456], [462838.347933, 5479885.418207], [462820.30684, 5479896.223978], [462782.781624, 5479918.69967], [462723.198015, 5479954.386478], [462711.937156, 5479961.183607], [462701.251671, 5479967.633364], [462701.240671, 5479967.639964], [462697.147971, 5479970.11031], [462693.800268, 5479972.131048], [462690.853864, 5479973.890381], [462679.113429, 5479980.90082], [462658.729801, 5479993.072143], [462654.305363, 5479995.714152], [462645.272971, 5480001.132211], [462643.751753, 5480002.044664], [462643.503651, 5480002.193472], [462636.11866, 5480006.623429], [462635.510252, 5480006.98835], [462635.444052, 5480007.028152], [462635.33115, 5480007.095856], [462635.279549, 5480007.126858], [462603.076916, 5480026.787884], [462597.174882, 5480030.93886], [462589.072396, 5480036.637326], [462572.010171, 5480049.640663], [462559.172052, 5480059.424916], [462493.552715, 5480109.435901], [462417.634152, 5480167.295601], [462404.317548, 5480177.430873], [462394.249948, 5480185.093425], [462295.50397, 5480260.249404], [462205.017743, 5480329.357457], [462203.750531, 5480330.325262], [462187.874654, 5480342.450181], [462115.009134, 5480398.102093], [462074.052284, 5480429.382403], [462053.463649, 5480445.150894], [462010.509731, 5480478.049034], [461967.555598, 5480510.946512], [461939.95557, 5480532.011569], [461854.839683, 5480596.972895], [461808.607971, 5480632.209318], [461785.809399, 5480649.585913], [461753.881728, 5480673.920281], [461752.216048, 5480675.190003], [461725.00283, 5480695.933885], [461682.521498, 5480728.316229], [461631.13332, 5480767.488148], [461617.888332, 5480777.583755], [461598.513571, 5480792.351859], [461582.779615, 5480804.344379], [461464.153481, 5480894.762135], [461463.479244, 5480895.276041], [461454.343451, 5480902.239328], [461454.302848, 5480902.270228], [461454.053035, 5480902.46073], [461453.533008, 5480902.857035], [461453.518207, 5480902.868335], [461467.139569, 5480920.072818], [461525.053584, 5480994.085126], [461525.095186, 5480994.071025], [461548.803391, 5480986.0559], [461601.955794, 5480967.184283], [461612.516966, 5480964.587053], [461622.385503, 5480964.58678], [461628.445226, 5480966.144883], [461631.907877, 5480968.222429], [461637.794388, 5480972.550459], [461640.564553, 5480975.666753], [461645.346075, 5480982.679989], [461648.987278, 5480988.020835], [461652.419257, 5480993.054626], [461660.761001, 5481005.290108], [461663.181633, 5481008.840744], [461668.229874, 5481016.525994], [461675.368512, 5481027.393712], [461675.372412, 5481027.399712], [461678.172197, 5481031.662035], [461701.994423, 5481067.929145], [461705.050941, 5481072.582497], [461707.415082, 5481076.181568], [461708.636452, 5481078.040955], [461719.881314, 5481095.16022], [461725.046226, 5481103.023454], [461760.710722, 5481155.192904], [461764.76946, 5481161.98665], [461769.464046, 5481169.844787], [461769.917356, 5481170.603581], [461770.590373, 5481171.729972], [461776.086141, 5481180.929199], [461776.150641, 5481180.889099], [461776.621445, 5481180.596696], [461776.680945, 5481180.559696], [461777.162548, 5481180.260593], [461788.636675, 5481173.134424], [461803.972874, 5481163.60976], [461804.509995, 5481163.276363], [461835.589815, 5481144.499941], [461852.748758, 5481133.816569], [461855.364115, 5481132.17443], [461864.543622, 5481126.41059], [461866.669931, 5481125.075657]]]}}, {"type": "Feature", "properties": {"code": "050", "name": "Lindenhof", "id_name": "050 Lindenhof"}, "geometry": {"type": "Polygon", "coordinates": [[[461977.728719, 5479271.003307], [461947.669133, 5479257.243965], [461853.937017, 5479258.944519], [461853.867416, 5479258.945819], [461845.867039, 5479259.091052], [461809.37725, 5479259.777971], [461782.987043, 5479260.274814], [461763.477129, 5479260.64219], [461700.363758, 5479261.829854], [461640.851233, 5479262.950501], [461614.870102, 5479263.440064], [461600.625102, 5479263.708472], [461577.628797, 5479263.963203], [461572.679643, 5479264.017971], [461564.097122, 5479264.113015], [461559.121068, 5479264.167983], [461558.91257, 5479264.170282], [461558.164877, 5479240.864173], [461557.435348, 5479218.125001], [461556.036401, 5479174.530897], [461555.912844, 5479170.678086], [461555.704116, 5479164.226202], [461554.528542, 5479127.856459], [461554.058224, 5479123.716978], [461553.374441, 5479117.699361], [461549.681173, 5479104.541207], [461545.526118, 5479091.383153], [461548.079074, 5479085.832408], [461571.809056, 5479034.237537], [461572.896513, 5479031.87318], [461570.590332, 5479026.318083], [461558.132028, 5478996.308807], [461555.87759, 5478990.878415], [461523.021556, 5478911.263156], [461511.183169, 5478882.576579], [461481.581205, 5478810.571416], [461481.233905, 5478809.723895], [461476.085019, 5478797.159987], [461474.977025, 5478794.456521], [461472.249317, 5478787.800972], [461471.450081, 5478785.850732], [461444.20289, 5478719.622487], [461425.247395, 5478673.547433], [461412.077061, 5478641.534415], [461400.55377, 5478613.524827], [461399.263466, 5478610.388631], [461398.369665, 5478608.215963], [461394.469764, 5478598.736411], [461386.695701, 5478579.839425], [461376.378603, 5478554.760688], [461375.595939, 5478551.613193], [461373.55487, 5478552.29422], [461352.189053, 5478561.082074], [461322.823744, 5478573.159544], [461295.495196, 5478584.399758], [461290.412892, 5478586.50934], [461290.408192, 5478586.51124], [461263.146395, 5478598.335606], [461210.98886, 5478620.972113], [461181.584164, 5478634.151846], [461132.921226, 5478655.96332], [461121.330196, 5478661.22059], [461114.80598, 5478664.17985], [461098.301207, 5478671.584686], [461091.010055, 5478674.68403], [461089.996748, 5478675.114852], [461104.02374, 5478707.24869], [461107.667335, 5478715.594285], [461136.798829, 5478786.760205], [461138.491616, 5478790.895792], [461169.995891, 5478868.293897], [461182.887689, 5478897.993207], [461183.945382, 5478900.429877], [461188.973686, 5478912.013692], [461192.881414, 5478921.015928], [461202.331024, 5478944.643406], [461222.311248, 5478994.600149], [461235.620216, 5479027.351212], [461239.358962, 5479036.5507], [461255.204746, 5479075.541488], [461260.744611, 5479090.08486], [461261.43706, 5479097.183474], [461261.31606, 5479106.635562], [461259.985155, 5479210.633831], [461259.887868, 5479218.229175], [461259.762358, 5479228.042492], [461259.704408, 5479232.575539], [461258.811618, 5479266.683361], [461258.784818, 5479267.985488], [461253.577163, 5479268.03235], [461250.775933, 5479268.057584], [461250.617231, 5479268.058986], [461249.791623, 5479268.066396], [461218.585854, 5479268.346972], [461218.410653, 5479268.348573], [461199.266522, 5479268.52069], [461130.198069, 5479269.14148], [461080.584921, 5479269.588239], [461074.015251, 5479269.647343], [461073.92305, 5479269.648145], [460937.152191, 5479270.878401], [460930.336016, 5479270.939778], [460908.16828, 5479271.139499], [460907.662575, 5479271.144011], [460907.051868, 5479271.149525], [460918.561679, 5479281.767241], [460924.584139, 5479287.871465], [460930.55621, 5479294.024923], [460936.477497, 5479300.227302], [460957.856493, 5479323.502452], [460978.519897, 5479347.414967], [460998.449109, 5479371.942506], [461013.253369, 5479391.194466], [461027.605341, 5479410.786412], [461041.496877, 5479430.707392], [461056.268577, 5479453.373609], [461070.136318, 5479476.603612], [461083.078332, 5479500.361907], [461093.692153, 5479521.690301], [461103.560033, 5479543.373959], [461112.669638, 5479565.386382], [461118.589731, 5479580.976631], [461124.129906, 5479596.706265], [461129.286444, 5479612.56586], [461133.871056, 5479627.848747], [461138.126005, 5479643.226243], [461142.049459, 5479658.691619], [461145.791248, 5479674.928947], [461149.16771, 5479691.246147], [461152.17705, 5479707.635041], [461154.817845, 5479724.087071], [461157.088615, 5479740.594618], [461158.988305, 5479757.148965], [461160.516227, 5479773.741794], [461161.671624, 5479790.364661], [461162.45363, 5479807.009128], [461162.881784, 5479832.131474], [461162.372043, 5479857.252416], [461160.925359, 5479882.336778], [461159.450666, 5479898.934853], [461157.565359, 5479915.491216], [461155.270836, 5479931.995864], [461153.527623, 5479942.602827], [461152.568403, 5479948.438806], [461149.459737, 5479964.809808], [461145.946641, 5479981.098936], [461139.700163, 5480007.208703], [461138.711386, 5480011.004328], [461132.932213, 5480033.187755], [461125.6453, 5480059.026366], [461117.843004, 5480084.713198], [461109.527666, 5480110.238454], [461100.702938, 5480135.592035], [461089.043858, 5480166.813545], [461086.481201, 5480173.18817], [461076.612721, 5480197.73564], [461063.416988, 5480228.338744], [461052.313831, 5480253.413134], [461047.259636, 5480264.827278], [461039.979934, 5480281.507118], [461031.297236, 5480301.401056], [461015.529608, 5480338.059269], [461002.512137, 5480368.732861], [460989.631915, 5480399.464008], [460976.888056, 5480430.25189], [460970.743455, 5480445.092621], [460964.526702, 5480459.903245], [460958.237622, 5480474.68314], [460951.741237, 5480489.743832], [460945.17012, 5480504.772024], [460938.52447, 5480519.767308], [460931.127247, 5480536.22581], [460923.639972, 5480552.643601], [460916.063059, 5480569.020068], [460906.372534, 5480589.630022], [460896.539588, 5480610.172599], [460886.564616, 5480630.64686], [460878.433251, 5480647.076761], [460870.21066, 5480663.461034], [460861.89694, 5480679.799301], [460854.015573, 5480694.477628], [460846.075868, 5480709.124257], [460838.077623, 5480723.739082], [460830.022162, 5480738.322256], [460821.908678, 5480752.873196], [460813.737227, 5480767.391581], [460805.508336, 5480781.877869], [460797.22168, 5480796.331271], [460788.877326, 5480810.751585], [460780.477834, 5480825.136467], [460772.021219, 5480839.487547], [460770.989947, 5480841.22188], [460763.507487, 5480853.805025], [460754.935197, 5480868.091703], [460746.305949, 5480882.344082], [460737.620293, 5480896.561831], [460730.507144, 5480908.11218], [460723.356567, 5480919.639228], [460716.168679, 5480931.143207], [460707.263191, 5480945.259172], [460698.280457, 5480959.326136], [460689.220898, 5480973.343563], [460680.102025, 5480987.285385], [460670.906959, 5481001.177159], [460661.63606, 5481015.018444], [460652.288733, 5481028.811255], [460642.865957, 5481042.552692], [460633.367991, 5481056.242133], [460631.310662, 5481059.178357], [460631.543862, 5481059.356155], [460631.806762, 5481059.556653], [460633.290662, 5481060.68844], [460655.176708, 5481076.195785], [460655.789611, 5481076.629991], [460685.091232, 5481097.391958], [460715.908524, 5481119.379335], [460734.087519, 5481132.017604], [460748.704936, 5481141.060023], [460754.516946, 5481144.655663], [460763.747371, 5481149.827104], [460770.993203, 5481153.886786], [460778.928449, 5481158.332695], [460788.190873, 5481161.449105], [460808.447038, 5481169.412731], [460830.261474, 5481176.164573], [460845.670029, 5481179.62689], [460855.365279, 5481180.665485], [460891.722227, 5481184.127109], [460918.730458, 5481183.261235], [460934.163101, 5481182.409115], [460940.683419, 5481182.049064], [460973.059208, 5481179.105201], [460991.06508, 5481176.33465], [461051.487352, 5481164.214897], [461081.058283, 5481156.077194], [461101.314792, 5481149.324625], [461113.433938, 5481143.784097], [461122.609834, 5481139.628788], [461129.881394, 5481135.819742], [461138.191646, 5481131.145104], [461144.770572, 5481127.163018], [461151.176434, 5481123.007739], [461204.824131, 5481085.573382], [461213.077137, 5481079.814465], [461223.521374, 5481072.526748], [461253.939883, 5481051.166356], [461264.684887, 5481043.621135], [461281.822496, 5481031.587175], [461296.192821, 5481021.496308], [461315.858473, 5481007.686513], [461453.518207, 5480902.868335], [461453.533008, 5480902.857035], [461454.053035, 5480902.46073], [461454.302848, 5480902.270228], [461454.343451, 5480902.239328], [461463.479244, 5480895.276041], [461464.153481, 5480894.762135], [461582.779615, 5480804.344379], [461598.513571, 5480792.351859], [461617.888332, 5480777.583755], [461631.13332, 5480767.488148], [461682.521498, 5480728.316229], [461725.00283, 5480695.933885], [461752.216048, 5480675.190003], [461753.881728, 5480673.920281], [461785.809399, 5480649.585913], [461808.607971, 5480632.209318], [461854.839683, 5480596.972895], [461939.95557, 5480532.011569], [461967.555598, 5480510.946512], [462010.509731, 5480478.049034], [462053.463649, 5480445.150894], [462074.052284, 5480429.382403], [462115.009134, 5480398.102093], [462187.874654, 5480342.450181], [462203.750531, 5480330.325262], [462205.017743, 5480329.357457], [462295.50397, 5480260.249404], [462394.249948, 5480185.093425], [462404.317548, 5480177.430873], [462417.634152, 5480167.295601], [462493.552715, 5480109.435901], [462559.172052, 5480059.424916], [462572.010171, 5480049.640663], [462589.072396, 5480036.637326], [462597.174882, 5480030.93886], [462603.076916, 5480026.787884], [462635.279549, 5480007.126858], [462631.31064, 5479971.106552], [462630.191958, 5479960.954388], [462629.073371, 5479950.802224], [462627.59324, 5479937.368986], [462626.897903, 5479931.057422], [462623.045473, 5479896.093222], [462618.272037, 5479857.24262], [462612.197805, 5479807.797658], [462610.072317, 5479790.593485], [462608.651733, 5479779.094798], [462606.161475, 5479758.937432], [462605.966861, 5479757.36131], [462605.45847, 5479750.530235], [462604.352166, 5479735.663443], [462604.369283, 5479735.364155], [462604.81423, 5479727.584379], [462605.969171, 5479714.42711], [462606.09641, 5479713.695937], [462607.816541, 5479703.808675], [462608.041386, 5479702.853091], [462612.43401, 5479684.18758], [462612.324722, 5479684.12279], [462611.778382, 5479683.798641], [462577.808204, 5479663.643699], [462568.784052, 5479657.69703], [462556.488563, 5479649.594727], [462534.123236, 5479634.856505], [462529.861575, 5479632.048218], [462527.709553, 5479630.630128], [462504.236774, 5479611.58333], [462484.482786, 5479595.554273], [462470.60971, 5479584.297212], [462459.147359, 5479574.996105], [462442.895606, 5479561.902577], [462427.22598, 5479549.278106], [462415.195848, 5479539.585635], [462399.531465, 5479526.965087], [462385.625167, 5479515.761528], [462367.317432, 5479501.011612], [462347.147688, 5479485.480266], [462343.630142, 5479482.771656], [462340.1324, 5479480.078282], [462338.235279, 5479478.617341], [462327.564576, 5479470.400449], [462307.677265, 5479455.086474], [462301.936952, 5479450.666267], [462288.188172, 5479440.079191], [462268.839843, 5479425.180431], [462245.515075, 5479410.072211], [462231.256878, 5479400.836697], [462216.784016, 5479391.462306], [462207.897808, 5479385.70652], [462187.363061, 5479373.744097], [462168.469682, 5479362.737868], [462160.5946, 5479358.55918], [462157.699929, 5479357.023348], [462134.535517, 5479344.732174], [462113.468543, 5479334.669713], [462091.492268, 5479324.17286], [462061.971574, 5479310.072225], [462049.85097, 5479304.282929], [462048.311554, 5479303.547617], [462036.428313, 5479297.871661], [462016.62961, 5479288.809306], [462004.762791, 5479283.377633], [461983.158286, 5479273.488571], [461982.074572, 5479272.992557], [461978.438827, 5479271.328315], [461977.728719, 5479271.003307]]]}}, {"type": "Feature", "properties": {"code": "061", "name": "Sandhofen", "id_name": "061 Sandhofen"}, "geometry": {"type": "Polygon", "coordinates": [[[457860.804938, 5488620.425428], [457860.819038, 5488620.432128], [457860.879938, 5488620.461129], [457911.996305, 5488644.794298], [458001.606297, 5488687.452361], [458018.775457, 5488695.625657], [458053.231742, 5488712.028105], [458070.357834, 5488720.180524], [458079.448801, 5488724.508028], [458133.407922, 5488751.487834], [458187.366888, 5488776.924803], [458262.652582, 5488812.793435], [458334.597628, 5488847.07204], [458354.527152, 5488856.535229], [458382.413485, 5488869.776477], [458441.743674, 5488897.948801], [458453.79293, 5488903.596968], [458453.80463, 5488903.602468], [458454.722635, 5488904.032881], [458491.077551, 5488921.074424], [458544.111063, 5488944.200637], [458567.100541, 5488953.337723], [458604.237175, 5488968.096701], [458656.655065, 5488987.36696], [458706.759886, 5489003.554079], [458729.500328, 5489010.49116], [458752.24054, 5489017.428513], [458766.579463, 5489021.366596], [458806.971205, 5489032.459997], [458875.576774, 5489049.417901], [458889.7309, 5489052.309565], [458903.885459, 5489055.20135], [458947.266119, 5489064.064122], [459007.393168, 5489073.313746], [459010.792071, 5489073.758412], [459089.874606, 5489084.104883], [459113.528993, 5489086.189435], [459158.75008, 5489090.174504], [459188.235277, 5489092.48708], [459270.046088, 5489095.382013], [459280.271714, 5489095.74385], [459318.89264, 5489097.110393], [459371.731286, 5489098.783809], [459383.152879, 5489099.145528], [459387.880776, 5489099.295235], [459446.659126, 5489101.156633], [459520.311263, 5489104.06811], [459520.323563, 5489104.06861], [459520.330663, 5489104.068909], [459548.987534, 5489105.201633], [459674.653221, 5489109.598452], [459696.902288, 5489110.376675], [459723.057734, 5489111.292107], [459780.235852, 5489113.2932], [460035.618157, 5489122.315679], [460046.657271, 5489122.705515], [460047.365679, 5489122.730504], [460055.94687, 5489123.023552], [460157.842393, 5489126.503792], [460217.400747, 5489128.599565], [460246.903924, 5489129.75006], [460273.913153, 5489130.802967], [460335.676902, 5489133.211147], [460490.021202, 5489138.66168], [460513.747956, 5489139.486679], [460514.23505, 5489139.503675], [460631.613618, 5489143.587271], [460645.130584, 5489144.057559], [460670.871389, 5489144.952797], [460802.568442, 5489149.568651], [460887.799199, 5489152.213967], [460890.641207, 5489152.302072], [460910.778692, 5489152.926938], [460939.884676, 5489153.921039], [461005.327252, 5489156.156737], [461005.525053, 5489156.163537], [461008.405268, 5489156.261837], [461008.482169, 5489156.264437], [461008.70927, 5489156.272237], [461008.878071, 5489156.277937], [461008.906471, 5489156.278937], [461008.905475, 5489156.107629], [461008.858262, 5489147.88993], [461008.73744, 5489126.878211], [461008.562244, 5489096.46181], [461008.143698, 5489069.071004], [461007.553658, 5489016.425358], [461007.501358, 5489012.13265], [461007.211763, 5488988.427096], [461007.04487, 5488974.873231], [461006.873444, 5488960.954481], [461006.698099, 5488946.726022], [461006.103615, 5488899.373682], [461005.379141, 5488841.242335], [461004.940468, 5488805.84188], [461004.891229, 5488801.868547], [461004.785977, 5488793.364132], [461004.061769, 5488735.430093], [461003.818645, 5488715.830819], [461003.469837, 5488687.683545], [461002.68029, 5488629.112327], [461002.61481, 5488624.261687], [461002.390373, 5488603.977487], [461002.088117, 5488576.646409], [461001.76639, 5488550.688517], [461001.729602, 5488547.719634], [461001.717805, 5488546.766907], [461001.496575, 5488528.899006], [461000.91906, 5488486.685058], [461000.772723, 5488475.992404], [461000.115626, 5488423.283622], [460999.45845, 5488370.311587], [460998.850568, 5488321.239144], [460998.801485, 5488317.27403], [460998.719616, 5488309.742812], [460998.691927, 5488307.195338], [460998.535887, 5488292.845322], [460998.341368, 5488274.948921], [460997.552948, 5488211.593714], [460996.746298, 5488150.909171], [460996.568156, 5488137.525769], [460995.978334, 5488090.015113], [460995.977037, 5488089.910612], [460995.958076, 5488088.383201], [460995.929934, 5488086.131884], [460995.927938, 5488085.968983], [460995.386657, 5488042.558496], [460995.320595, 5488037.200666], [460994.730827, 5487989.455211], [460994.383382, 5487963.950475], [460994.034788, 5487938.318886], [461001.377361, 5487931.181207], [461018.378069, 5487914.654548], [461036.626436, 5487896.992877], [461059.716135, 5487874.562133], [461065.034174, 5487869.374076], [461080.790339, 5487854.002751], [461083.950981, 5487850.920011], [461101.329194, 5487833.97049], [461123.995102, 5487811.789275], [461138.993353, 5487797.153739], [461142.463604, 5487793.767357], [461165.362143, 5487771.391932], [461188.221903, 5487749.071605], [461203.454561, 5487734.182265], [461226.638607, 5487713.359954], [461240.505155, 5487700.838887], [461248.608593, 5487693.521627], [461257.723862, 5487685.272828], [461271.404555, 5487672.892814], [461290.784328, 5487655.365818], [461295.761844, 5487650.86431], [461298.418556, 5487648.452801], [461300.249967, 5487646.790395], [461329.276338, 5487620.444387], [461344.519993, 5487606.61123], [461361.010282, 5487591.646889], [461380.895692, 5487576.046501], [461415.183917, 5487548.894198], [461449.113661, 5487524.015304], [461489.996621, 5487494.040861], [461508.149267, 5487480.617708], [461511.190071, 5487478.588557], [461531.096488, 5487465.304361], [461539.761921, 5487459.521686], [461577.253122, 5487434.474208], [461602.250444, 5487417.767155], [461615.601787, 5487408.843497], [461624.414983, 5487402.953023], [461674.463584, 5487369.04087], [461680.415758, 5487365.051229], [461696.304173, 5487354.401301], [461719.28337, 5487338.948232], [461741.464124, 5487321.301724], [461749.449189, 5487314.647327], [461761.255343, 5487303.649245], [461770.90379, 5487294.536477], [461782.215656, 5487282.447887], [461790.514754, 5487273.464621], [461802.344419, 5487258.418558], [461808.77317, 5487249.989781], [461816.360107, 5487239.50102], [461816.646107, 5487239.105713], [461821.457216, 5487232.454573], [461821.822816, 5487231.949061], [461838.687531, 5487209.490494], [461848.739118, 5487196.385155], [461852.044329, 5487191.784727], [461855.737248, 5487186.644796], [461856.720455, 5487185.276188], [461867.810945, 5487173.446291], [461880.324517, 5487157.845332], [461886.645877, 5487149.878397], [461897.107779, 5487138.528883], [461904.852495, 5487130.081619], [461925.848163, 5487108.379003], [461941.778806, 5487094.226863], [461956.412749, 5487081.8707], [461966.10592, 5487074.333922], [461985.540758, 5487059.222743], [461992.253238, 5487054.003468], [462003.294512, 5487045.678616], [462022.383412, 5487029.782415], [462022.790408, 5487029.443518], [462022.827608, 5487029.412518], [462022.866308, 5487029.380218], [462016.257435, 5487024.408989], [461990.835716, 5487005.358365], [461953.889238, 5486979.566693], [461872.881078, 5486927.016561], [461807.207348, 5486884.312735], [461729.445338, 5486833.455975], [461699.924741, 5486814.149483], [461699.440317, 5486813.836863], [461649.77284, 5486781.783158], [461618.653017, 5486761.699646], [461582.341327, 5486738.265856], [461534.489899, 5486707.432014], [461429.57208, 5486639.827199], [461427.048506, 5486638.201143], [461395.311525, 5486617.751381], [461382.10008, 5486609.238316], [461373.335151, 5486603.196905], [461370.245281, 5486601.067077], [461287.511427, 5486544.041042], [461178.797248, 5486616.507062], [461041.876529, 5486707.728459], [461000.940447, 5486735.004441], [460976.160218, 5486750.859046], [460958.748916, 5486761.411434], [460940.28264, 5486770.908414], [460737.152178, 5486851.104186], [460669.090489, 5486875.902073], [460614.980263, 5486890.688163], [460561.361719, 5486902.424403], [460509.474781, 5486914.216862], [460489.361152, 5486918.78836], [460470.484818, 5486923.078396], [460439.999982, 5486929.377122], [460392.853401, 5486939.11889], [460303.326978, 5486957.741228], [460302.187165, 5486957.978326], [460292.240536, 5486960.047405], [460211.688906, 5486976.983812], [460176.43915, 5486984.281458], [460116.032213, 5486995.434579], [459954.697748, 5487025.176144], [459848.538024, 5487044.59146], [459809.516301, 5487051.20068], [459664.004951, 5487074.471483], [459657.033784, 5487075.582689], [459618.134574, 5487081.783042], [459500.742775, 5487100.494957], [459405.115492, 5487120.345492], [459395.568747, 5487123.099233], [459260.446426, 5487176.707726], [459245.231359, 5487184.762989], [459169.995964, 5487224.14306], [459156.453752, 5487231.292886], [459154.874913, 5487232.126406], [459084.062193, 5487269.513707], [459026.506703, 5487299.668535], [459001.033129, 5487315.778849], [458995.355581, 5487319.319341], [458860.600491, 5487403.353636], [458716.051336, 5487493.545086], [458693.44931, 5487507.656649], [458637.980352, 5487542.289972], [458606.531383, 5487559.915151], [458450.747178, 5487646.526441], [458308.787676, 5487725.425302], [458293.816961, 5487733.783185], [458293.752461, 5487733.819185], [458293.599361, 5487733.904786], [458290.110641, 5487743.900782], [458259.280027, 5487828.071351], [458226.290497, 5487911.419426], [458191.164789, 5487993.889891], [458152.584932, 5488078.2614], [458111.76878, 5488161.573858], [458068.744344, 5488243.768018], [458048.310133, 5488281.025276], [458027.421699, 5488318.030424], [458006.083238, 5488354.77662], [457918.37979, 5488501.041569], [457863.486698, 5488614.864791], [457860.804938, 5488620.425428]]]}}, {"type": "Feature", "properties": {"code": "062", "name": "Sandhofen-Nord", "id_name": "062 Sandhofen-Nord"}, "geometry": {"type": "Polygon", "coordinates": [[[461008.906471, 5489156.278937], [461008.878071, 5489156.277937], [461008.70927, 5489156.272237], [461008.482169, 5489156.264437], [461008.405268, 5489156.261837], [461005.525053, 5489156.163537], [461005.327252, 5489156.156737], [460939.884676, 5489153.921039], [460910.778692, 5489152.926938], [460890.641207, 5489152.302072], [460887.799199, 5489152.213967], [460802.568442, 5489149.568651], [460670.871389, 5489144.952797], [460645.130584, 5489144.057559], [460631.613618, 5489143.587271], [460514.23505, 5489139.503675], [460513.747956, 5489139.486679], [460490.021202, 5489138.66168], [460335.676902, 5489133.211147], [460273.913153, 5489130.802967], [460246.903924, 5489129.75006], [460217.400747, 5489128.599565], [460157.842393, 5489126.503792], [460055.94687, 5489123.023552], [460047.365679, 5489122.730504], [460046.657271, 5489122.705515], [460035.618157, 5489122.315679], [459780.235852, 5489113.2932], [459723.057734, 5489111.292107], [459696.902288, 5489110.376675], [459674.653221, 5489109.598452], [459548.987534, 5489105.201633], [459520.330663, 5489104.068909], [459520.323563, 5489104.06861], [459520.311263, 5489104.06811], [459446.659126, 5489101.156633], [459387.880776, 5489099.295235], [459383.152879, 5489099.145528], [459371.731286, 5489098.783809], [459318.89264, 5489097.110393], [459280.271714, 5489095.74385], [459270.046088, 5489095.382013], [459188.235277, 5489092.48708], [459158.75008, 5489090.174504], [459113.528993, 5489086.189435], [459089.874606, 5489084.104883], [459010.792071, 5489073.758412], [459007.393168, 5489073.313746], [458947.266119, 5489064.064122], [458903.885459, 5489055.20135], [458889.7309, 5489052.309565], [458875.576774, 5489049.417901], [458806.971205, 5489032.459997], [458766.579463, 5489021.366596], [458752.24054, 5489017.428513], [458729.500328, 5489010.49116], [458706.759886, 5489003.554079], [458656.655065, 5488987.36696], [458604.237175, 5488968.096701], [458567.100541, 5488953.337723], [458544.111063, 5488944.200637], [458491.077551, 5488921.074424], [458454.722635, 5488904.032881], [458453.80463, 5488903.602468], [458453.79293, 5488903.596968], [458441.743674, 5488897.948801], [458382.413485, 5488869.776477], [458354.527152, 5488856.535229], [458334.597628, 5488847.07204], [458262.652582, 5488812.793435], [458187.366888, 5488776.924803], [458133.407922, 5488751.487834], [458079.448801, 5488724.508028], [458070.357834, 5488720.180524], [458053.231742, 5488712.028105], [458018.775457, 5488695.625657], [458001.606297, 5488687.452361], [457911.996305, 5488644.794298], [457860.879938, 5488620.461129], [457860.819038, 5488620.432128], [457860.804938, 5488620.425428], [457844.886119, 5488653.433648], [457803.025293, 5488744.099711], [457772.108974, 5488828.099286], [457744.306577, 5488913.180439], [457719.656227, 5488999.228169], [457708.055702, 5489044.472915], [457697.326646, 5489089.932749], [457687.473301, 5489135.590317], [457680.073967, 5489173.036368], [457673.263533, 5489210.59405], [457667.04391, 5489248.254025], [457655.296593, 5489332.652872], [457646.515849, 5489417.41161], [457640.711251, 5489502.425943], [457638.269675, 5489568.187416], [457637.609764, 5489633.990949], [457638.731574, 5489699.788112], [457640.100881, 5489735.328469], [457642.035081, 5489770.842513], [457644.533776, 5489806.321217], [457648.334564, 5489849.436448], [457652.968617, 5489892.470076], [457658.43375, 5489935.406101], [457665.800692, 5489984.992264], [457674.274282, 5490034.400214], [457683.854142, 5490083.606488], [457692.244221, 5490122.518293], [457701.325763, 5490161.274845], [457711.094569, 5490199.863643], [457722.873986, 5490243.404387], [457735.294491, 5490286.766836], [457748.352869, 5490329.941445], [457763.673505, 5490377.885659], [457779.780796, 5490425.571395], [457796.670348, 5490472.985744], [457814.04706, 5490519.357629], [457832.171468, 5490565.442227], [457851.039886, 5490611.227417], [457868.714688, 5490652.308522], [457886.987302, 5490693.126949], [457905.854981, 5490733.673792], [457945.548676, 5490813.290667], [457988.955516, 5490890.945117], [458032.570776, 5490960.990296], [458035.979324, 5490966.464371], [458052.97471, 5490992.740843], [458069.631295, 5491019.233227], [458085.946135, 5491045.937074], [458096.226951, 5491063.335068], [458106.493264, 5491080.708755], [458126.461841, 5491115.81581], [458145.846053, 5491151.249052], [458158.868173, 5491175.978337], [458163.152366, 5491184.114205], [458179.955097, 5491217.23931], [458196.251699, 5491250.616708], [458213.022543, 5491287.131773], [458228.612393, 5491324.166332], [458243.006101, 5491361.682075], [458254.472252, 5491394.468056], [458265.024487, 5491427.559473], [458274.654863, 5491460.930852], [458284.308668, 5491497.527041], [458293.290071, 5491534.29389], [458301.596199, 5491571.219124], [458309.251657, 5491608.428682], [458316.221799, 5491645.772697], [458317.556952, 5491653.73612], [458322.503172, 5491683.238604], [458324.423975, 5491695.624311], [458326.269503, 5491708.021361], [458328.039839, 5491720.429428], [458332.969873, 5491759.343508], [458336.910959, 5491798.370238], [458339.860405, 5491837.484655], [458341.713856, 5491873.962237], [458342.704772, 5491910.473622], [458342.832857, 5491946.998506], [458342.711516, 5491957.36934], [458342.520576, 5491967.738973], [458342.260034, 5491978.107193], [458340.203319, 5492029.096459], [458336.936865, 5492080.02231], [458332.462455, 5492130.856315], [458328.401329, 5492168.17832], [458323.688653, 5492205.423568], [458318.326786, 5492242.580817], [458310.11862, 5492291.276422], [458300.45838, 5492339.704155], [458289.355965, 5492387.822457], [458279.23778, 5492428.62577], [458268.084745, 5492469.157742], [458255.904351, 5492509.393358], [458429.315153, 5492567.470456], [458425.156869, 5492569.759476], [458427.969575, 5492570.089131], [458447.937832, 5492572.428827], [458462.462064, 5492574.128391], [458464.581166, 5492574.378327], [458463.271759, 5492576.227468], [458562.851013, 5492588.023305], [458565.970641, 5492588.392967], [458643.559347, 5492597.53867], [458715.034299, 5492605.964468], [458770.173741, 5492612.467211], [458778.668624, 5492613.468058], [458782.152332, 5492612.931417], [458968.256556, 5492584.273718], [459119.613064, 5492560.94125], [459263.334808, 5492538.801226], [459268.475354, 5492538.009361], [459399.067159, 5492518.006652], [459437.423961, 5492573.813493], [459468.272803, 5492623.202488], [459491.89482, 5492665.734662], [459508.599526, 5492713.294832], [459508.972334, 5492714.554601], [459510.783267, 5492720.674046], [459535.950257, 5492805.715503], [459537.672834, 5492813.275126], [459553.914882, 5492884.551618], [459561.122769, 5492942.816324], [459561.617666, 5492954.501991], [459565.082702, 5493036.324813], [459559.785748, 5493101.514801], [459549.689904, 5493132.602807], [459648.460459, 5493154.517204], [459665.407781, 5493158.279214], [459681.718415, 5493161.899754], [459686.133265, 5493163.053078], [459758.617809, 5493181.986771], [459811.227277, 5493200.411564], [459846.463545, 5493207.409942], [459875.142126, 5493215.337208], [459912.907062, 5493221.205794], [459915.160867, 5493221.748461], [459972.244115, 5493235.491382], [459978.062298, 5493236.122202], [459985.053634, 5493236.880243], [460041.328619, 5493242.981685], [460063.06829, 5493245.338717], [460147.856264, 5493240.447006], [460153.31213, 5493240.132204], [460175.559996, 5493239.59279], [460244.376389, 5493237.92407], [460250.494921, 5493237.281902], [460335.149932, 5493228.398677], [460453.703086, 5493215.95444], [460477.853808, 5493213.425721], [460588.378891, 5493201.271303], [460602.663019, 5493199.700534], [460721.063277, 5493187.86177], [460727.742857, 5493187.193749], [460735.679632, 5493186.404032], [460752.385972, 5493184.666843], [460771.72509, 5493182.655891], [460782.990562, 5493181.486576], [460794.086216, 5493180.337452], [460879.144989, 5493170.187485], [460907.401827, 5493166.815541], [461000.624267, 5493154.756839], [461055.133371, 5493147.705439], [461059.853212, 5493147.41224], [461059.861112, 5493147.41174], [461153.94437, 5493141.568558], [461156.985254, 5493141.561816], [461179.19884, 5493141.512643], [461234.602342, 5493141.389152], [461299.316663, 5493129.443941], [461400.806283, 5493020.369561], [461511.75189, 5492942.951408], [461597.537673, 5492883.096607], [461732.614054, 5492773.791401], [461767.342475, 5492745.703239], [461782.174236, 5492733.707524], [461905.975016, 5492631.449232], [461911.692683, 5492630.869429], [462014.041338, 5492596.212148], [462132.883999, 5492555.886427], [462067.760158, 5492420.824866], [462003.53882, 5492287.597803], [462004.996941, 5492268.256395], [462013.969824, 5492149.084613], [462017.638151, 5492142.92653], [462134.718907, 5492067.561401], [462313.935407, 5491952.191863], [462531.27653, 5491812.343224], [462531.286503, 5491809.934221], [462531.296476, 5491807.565119], [462531.548079, 5491718.824361], [462531.683618, 5491671.108836], [462531.946142, 5491620.057927], [462532.252562, 5491560.432968], [462532.809293, 5491451.926094], [462536.577776, 5491451.28639], [462541.362754, 5491450.506384], [462541.397054, 5491450.500784], [462549.762412, 5491449.137175], [462549.812375, 5491446.61817], [462563.938288, 5491444.224859], [462753.01282, 5491412.188883], [462762.868977, 5491410.519473], [462864.198891, 5491393.34504], [463099.680216, 5491353.218199], [463118.099104, 5491350.079506], [463124.950095, 5491348.925546], [463371.600619, 5491307.384276], [463417.215662, 5491301.32243], [463421.257905, 5491300.785257], [463490.764082, 5491291.548971], [463492.643344, 5491285.791273], [463494.675999, 5491279.551575], [463496.661748, 5491273.456277], [463499.650613, 5491264.299879], [463500.942029, 5491262.220382], [463545.650229, 5491190.22852], [463573.671731, 5491145.107099], [463618.08897, 5491074.671561], [463628.041052, 5491058.890605], [463637.937064, 5491043.206829], [463667.109053, 5490996.912694], [463701.992022, 5490941.556658], [463733.636657, 5490890.64859], [463750.153583, 5490864.076984], [463765.727816, 5490839.02693], [463831.092897, 5490736.117265], [463831.252803, 5490735.877359], [463833.83669, 5490732.99419], [463861.721435, 5490701.880766], [463915.571289, 5490639.965626], [463917.320936, 5490637.952814], [463919.159885, 5490635.837298], [463923.512784, 5490630.833051], [463941.4713, 5490610.187104], [464006.698198, 5490536.634395], [464022.59073, 5490518.713212], [464029.118286, 5490511.216903], [464104.630334, 5490424.500349], [464130.027473, 5490395.500444], [464130.031474, 5490395.495844], [464207.221904, 5490307.355535], [464214.261722, 5490298.909421], [464274.871474, 5490226.191712], [464281.373533, 5490218.390759], [464320.199284, 5490173.422977], [464355.98556, 5490131.974383], [464373.012344, 5490111.568591], [464481.605254, 5489981.42353], [464482.772077, 5489980.051186], [464583.175218, 5489861.979523], [464615.099947, 5489824.750413], [464659.344934, 5489773.154206], [464665.673788, 5489765.776022], [464667.189528, 5489764.009001], [464668.362059, 5489762.642185], [464729.076997, 5489691.859179], [464729.080997, 5489691.854479], [464736.754359, 5489682.908691], [464780.924348, 5489630.943569], [464811.974673, 5489594.413486], [464836.220991, 5489565.945149], [464887.234672, 5489506.047868], [464962.994499, 5489415.942745], [464968.474798, 5489409.494604], [465012.638682, 5489357.53135], [465012.656882, 5489357.509849], [465041.96269, 5489323.028213], [465047.580396, 5489316.260769], [465060.365771, 5489300.855541], [465060.210672, 5489300.854044], [465060.111272, 5489300.850047], [465059.844473, 5489300.839252], [465059.718074, 5489300.834155], [465049.280313, 5489300.413979], [465048.792515, 5489300.39429], [465036.112259, 5489299.883862], [464997.836036, 5489298.294494], [464953.966645, 5489296.594371], [464910.207917, 5489294.746876], [464875.454899, 5489293.268007], [464833.03869, 5489291.493905], [464804.580441, 5489290.368636], [464791.915759, 5489289.867934], [464752.308654, 5489288.167894], [464717.470647, 5489286.708092], [464702.922216, 5489286.112146], [464670.570329, 5489284.786707], [464624.198646, 5489282.864945], [464577.509137, 5489280.979677], [464528.823306, 5489279.205833], [464490.0039, 5489278.023729], [464452.282257, 5489276.730532], [464406.353773, 5489275.32623], [464358.776865, 5489273.810835], [464307.207273, 5489272.185016], [464272.450255, 5489270.930342], [464262.153649, 5489270.55861], [464216.767132, 5489269.005848], [464175.251808, 5489267.675383], [464131.391685, 5489266.104644], [464092.374558, 5489264.736838], [464054.108093, 5489263.443056], [464010.692269, 5489261.927997], [463964.074372, 5489260.264351], [463900.318457, 5489258.08406], [463852.861562, 5489256.494319], [463812.329424, 5489255.089674], [463774.126331, 5489253.722402], [463729.960064, 5489252.040644], [463691.387272, 5489250.821066], [463646.677609, 5489249.158031], [463624.667813, 5489248.425007], [463587.940856, 5489247.094618], [463529.934998, 5489245.074422], [463470.933377, 5489242.905805], [463418.384892, 5489241.082353], [463368.595911, 5489239.259504], [463323.248093, 5489237.657361], [463268.41167, 5489235.686553], [463214.997677, 5489233.742872], [463207.453003, 5489233.468473], [463153.706035, 5489231.546219], [463100.456904, 5489229.820821], [463057.366738, 5489228.465568], [463004.65441, 5489226.937192], [462953.18928, 5489225.359238], [462900.033738, 5489223.584146], [462894.370031, 5489223.400932], [462843.673896, 5489221.760011], [462782.651311, 5489219.590143], [462719.376226, 5489217.273389], [462649.431439, 5489214.610971], [462590.099253, 5489212.391961], [462548.132686, 5489210.832882], [462548.090285, 5489210.831282], [462546.502046, 5489210.772282], [462546.458145, 5489210.770582], [462527.784792, 5489210.076984], [462502.898199, 5489209.152274], [462433.063074, 5489206.807095], [462431.390736, 5489206.751], [462399.121336, 5489205.667576], [462330.48941, 5489203.367271], [462256.573494, 5489200.688681], [462225.470724, 5489199.560906], [462204.833422, 5489198.812675], [462090.793255, 5489194.661009], [462084.521331, 5489194.432588], [462083.992237, 5489194.412687], [462082.730652, 5489194.365282], [462082.227758, 5489194.346381], [462081.687365, 5489194.326079], [462081.19737, 5489194.307677], [462080.691976, 5489194.288676], [462080.630177, 5489194.286375], [462079.855586, 5489194.257373], [462052.381427, 5489193.225231], [462001.704687, 5489191.321427], [461955.022043, 5489189.784661], [461899.470933, 5489187.95597], [461881.9182, 5489187.377976], [461869.598414, 5489186.926946], [461762.219248, 5489182.996723], [461642.958333, 5489178.528354], [461630.385057, 5489178.085437], [461627.196563, 5489177.973132], [461559.487064, 5489175.58861], [461558.888478, 5489175.567523], [461511.142185, 5489173.885996], [461391.618722, 5489169.418889], [461381.937946, 5489169.082321], [461370.045418, 5489168.668902], [461350.039567, 5489167.973323], [461291.708404, 5489165.944088], [461273.234789, 5489165.301581], [461152.923231, 5489161.183533], [461047.007711, 5489157.590541], [461008.906471, 5489156.278937]]]}}, {"type": "Feature", "properties": {"code": "071", "name": "Sch\u00f6nau-Nord", "id_name": "071 Sch\u00f6nau-Nord"}, "geometry": {"type": "Polygon", "coordinates": [[[461755.839492, 5488101.672257], [461716.477087, 5488100.438286], [461713.84474, 5488100.355713], [461708.76245, 5488100.196373], [461707.899534, 5488100.169349], [461636.955619, 5488097.285215], [461636.558619, 5488097.269112], [461636.021818, 5488097.247308], [461563.896086, 5488094.314785], [461550.60937, 5488093.973895], [461550.144962, 5488093.961989], [461549.809657, 5488093.953484], [461549.805257, 5488093.953284], [461549.786456, 5488093.952884], [461549.817662, 5488093.486481], [461549.820363, 5488093.38458], [461535.091473, 5488092.973689], [461497.25159, 5488091.581573], [461485.138871, 5488091.135806], [461478.615624, 5488090.895875], [461427.060756, 5488089.248707], [461417.184112, 5488088.933163], [461413.650328, 5488088.943317], [461411.237539, 5488088.950253], [461405.471914, 5488087.691959], [461398.239943, 5488085.281103], [461377.560459, 5488091.424862], [461354.376284, 5488089.044217], [461348.009099, 5488087.550953], [461334.710122, 5488086.940774], [461292.42813, 5488086.72541], [461159.772738, 5488099.817618], [461138.604075, 5488101.093084], [461126.486679, 5488100.51426], [461083.848412, 5488096.269133], [461035.163964, 5488091.887425], [460995.958076, 5488088.383201], [460995.977037, 5488089.910612], [460995.978334, 5488090.015113], [460996.568156, 5488137.525769], [460996.746298, 5488150.909171], [460997.552948, 5488211.593714], [460998.341368, 5488274.948921], [460998.535887, 5488292.845322], [460998.691927, 5488307.195338], [460998.719616, 5488309.742812], [460998.801485, 5488317.27403], [460998.850568, 5488321.239144], [460999.45845, 5488370.311587], [461000.115626, 5488423.283622], [461000.772723, 5488475.992404], [461000.91906, 5488486.685058], [461001.496575, 5488528.899006], [461001.717805, 5488546.766907], [461001.729602, 5488547.719634], [461001.76639, 5488550.688517], [461002.088117, 5488576.646409], [461002.390373, 5488603.977487], [461002.61481, 5488624.261687], [461002.68029, 5488629.112327], [461003.469837, 5488687.683545], [461003.818645, 5488715.830819], [461004.061769, 5488735.430093], [461004.785977, 5488793.364132], [461004.891229, 5488801.868547], [461004.940468, 5488805.84188], [461005.379141, 5488841.242335], [461006.103615, 5488899.373682], [461006.698099, 5488946.726022], [461006.873444, 5488960.954481], [461007.04487, 5488974.873231], [461007.211763, 5488988.427096], [461007.501358, 5489012.13265], [461007.553658, 5489016.425358], [461008.143698, 5489069.071004], [461008.562244, 5489096.46181], [461008.73744, 5489126.878211], [461008.858262, 5489147.88993], [461008.905475, 5489156.107629], [461008.906471, 5489156.278937], [461047.007711, 5489157.590541], [461152.923231, 5489161.183533], [461273.234789, 5489165.301581], [461291.708404, 5489165.944088], [461350.039567, 5489167.973323], [461370.045418, 5489168.668902], [461381.937946, 5489169.082321], [461391.618722, 5489169.418889], [461511.142185, 5489173.885996], [461558.888478, 5489175.567523], [461559.487064, 5489175.58861], [461627.196563, 5489177.973132], [461630.385057, 5489178.085437], [461642.958333, 5489178.528354], [461762.219248, 5489182.996723], [461869.598414, 5489186.926946], [461881.9182, 5489187.377976], [461899.470933, 5489187.95597], [461955.022043, 5489189.784661], [462001.704687, 5489191.321427], [462052.381427, 5489193.225231], [462079.855586, 5489194.257373], [462080.630177, 5489194.286375], [462080.691976, 5489194.288676], [462081.19737, 5489194.307677], [462081.687365, 5489194.326079], [462082.227758, 5489194.346381], [462082.730652, 5489194.365282], [462083.992237, 5489194.412687], [462084.521331, 5489194.432588], [462090.793255, 5489194.661009], [462204.833422, 5489198.812675], [462225.470724, 5489199.560906], [462256.573494, 5489200.688681], [462330.48941, 5489203.367271], [462399.121336, 5489205.667576], [462431.390736, 5489206.751], [462433.063074, 5489206.807095], [462502.898199, 5489209.152274], [462527.784792, 5489210.076984], [462546.458145, 5489210.770582], [462546.502046, 5489210.772282], [462548.090285, 5489210.831282], [462548.132686, 5489210.832882], [462548.133086, 5489210.756284], [462548.225529, 5489194.291767], [462548.46844, 5489152.061166], [462548.508835, 5489117.034692], [462548.549142, 5489080.99591], [462548.670464, 5489051.715671], [462548.832026, 5489019.460886], [462548.831284, 5488986.478079], [462548.830941, 5488956.469558], [462548.830601, 5488923.891073], [462548.870011, 5488888.014304], [462548.871088, 5488855.515876], [462548.831741, 5488826.234734], [462548.913523, 5488793.412417], [462548.954766, 5488757.858282], [462548.995851, 5488725.116602], [462549.117831, 5488695.956558], [462549.077984, 5488663.377064], [462549.199927, 5488630.63565], [462549.281262, 5488601.354692], [462549.443808, 5488568.937209], [462549.6463, 5488536.236389], [462549.808563, 5488487.529258], [462550.051755, 5488451.408746], [462550.166578, 5488430.864274], [462550.335009, 5488400.738636], [462550.537186, 5488360.185863], [462550.698893, 5488327.767628], [462550.942254, 5488295.592355], [462551.063577, 5488269.083267], [462551.065662, 5488268.32566], [462551.143865, 5488239.640307], [462551.387221, 5488191.053532], [462551.810989, 5488147.32504], [462551.83239, 5488145.118523], [462551.968758, 5488128.662702], [462551.964958, 5488128.662602], [462551.932157, 5488128.662101], [462551.925857, 5488128.662001], [462551.913757, 5488128.661901], [462551.172949, 5488128.650786], [462551.136548, 5488128.650185], [462531.678826, 5488128.359493], [462531.299022, 5488128.353786], [462467.57239, 5488127.40206], [462459.736946, 5488127.28498], [462453.678412, 5488127.194518], [462453.132109, 5488127.186312], [462447.934284, 5488127.108606], [462408.092205, 5488125.653793], [462376.278992, 5488124.492566], [462375.902691, 5488124.478863], [462375.57689, 5488124.46696], [462351.427828, 5488123.585446], [462325.588323, 5488122.641974], [462297.892368, 5488121.630626], [462297.542467, 5488121.617916], [462297.346766, 5488121.610811], [462287.541026, 5488121.252643], [462273.03057, 5488120.706848], [462224.600137, 5488118.885205], [462187.950978, 5488117.50687], [462053.975803, 5488112.468576], [462047.450609, 5488112.205639], [461966.754772, 5488108.954348], [461958.579904, 5488108.353049], [461957.325708, 5488108.260819], [461957.274209, 5488108.257017], [461957.187509, 5488108.250615], [461950.832632, 5488107.783161], [461947.528627, 5488107.679607], [461930.495306, 5488107.145838], [461923.790699, 5488106.935735], [461900.903078, 5488106.218394], [461889.862299, 5488105.872373], [461867.933327, 5488105.185119], [461867.864925, 5488105.183017], [461867.831225, 5488105.181917], [461860.123792, 5488104.940353], [461828.648304, 5488103.953979], [461789.87269, 5488102.738951], [461755.839492, 5488101.672257]]]}}, {"type": "Feature", "properties": {"code": "072", "name": "Sch\u00f6nau-S\u00fcd", "id_name": "072 Sch\u00f6nau-S\u00fcd"}, "geometry": {"type": "Polygon", "coordinates": [[[462552.075028, 5488115.837408], [462551.973788, 5488079.946175], [462551.703693, 5488041.228647], [462551.432941, 5488002.025362], [462550.893126, 5487954.188291], [462550.1914, 5487888.921396], [462549.784243, 5487856.660654], [462549.705446, 5487850.419706], [462548.95018, 5487807.196193], [462548.141242, 5487767.669263], [462548.140341, 5487767.598761], [462547.601501, 5487723.959287], [462547.061742, 5487681.3833], [462546.521881, 5487624.966262], [462546.306006, 5487590.32275], [462546.036001, 5487550.309942], [462545.820479, 5487508.111826], [462545.874598, 5487464.618574], [462545.874484, 5487428.768479], [462545.874486, 5487424.173647], [462545.843591, 5487411.816589], [462545.766889, 5487380.894545], [462545.767251, 5487342.005103], [462545.767251, 5487341.689088], [462545.713088, 5487303.779412], [462545.820865, 5487255.131581], [462545.821377, 5487224.237034], [462546.091973, 5487182.360824], [462546.092645, 5487142.130595], [462546.038864, 5487102.817708], [462545.985292, 5487050.79669], [462545.921903, 5487031.769594], [462545.86593, 5487014.952506], [462545.779533, 5486989.007054], [462544.996767, 5486910.646317], [462544.882744, 5486899.214407], [462544.818804, 5486880.999597], [462544.626587, 5486826.115102], [462544.506449, 5486807.878525], [462543.986384, 5486728.967663], [462543.761426, 5486702.362313], [462543.746123, 5486700.5548], [462543.430247, 5486663.206626], [462543.512838, 5486658.967824], [462543.522737, 5486658.46313], [462543.517937, 5486658.46623], [462527.443826, 5486668.971001], [462515.362354, 5486676.86635], [462457.919886, 5486714.404484], [462426.988777, 5486734.617619], [462403.95113, 5486751.256021], [462365.234301, 5486779.414308], [462325.720492, 5486808.990264], [462293.009529, 5486833.473575], [462275.673787, 5486846.449027], [462188.915362, 5486911.404372], [462151.054984, 5486938.363435], [462093.013692, 5486979.693113], [462031.915426, 5487023.084399], [462023.542402, 5487028.909824], [462022.866308, 5487029.380218], [462022.827608, 5487029.412518], [462022.790408, 5487029.443518], [462022.383412, 5487029.782415], [462003.294512, 5487045.678616], [461992.253238, 5487054.003468], [461985.540758, 5487059.222743], [461966.10592, 5487074.333922], [461956.412749, 5487081.8707], [461941.778806, 5487094.226863], [461925.848163, 5487108.379003], [461904.852495, 5487130.081619], [461897.107779, 5487138.528883], [461886.645877, 5487149.878397], [461880.324517, 5487157.845332], [461867.810945, 5487173.446291], [461856.720455, 5487185.276188], [461855.737248, 5487186.644796], [461852.044329, 5487191.784727], [461848.739118, 5487196.385155], [461838.687531, 5487209.490494], [461821.822816, 5487231.949061], [461821.457216, 5487232.454573], [461816.646107, 5487239.105713], [461816.360107, 5487239.50102], [461808.77317, 5487249.989781], [461802.344419, 5487258.418558], [461790.514754, 5487273.464621], [461782.215656, 5487282.447887], [461770.90379, 5487294.536477], [461761.255343, 5487303.649245], [461749.449189, 5487314.647327], [461741.464124, 5487321.301724], [461719.28337, 5487338.948232], [461696.304173, 5487354.401301], [461680.415758, 5487365.051229], [461674.463584, 5487369.04087], [461624.414983, 5487402.953023], [461615.601787, 5487408.843497], [461602.250444, 5487417.767155], [461577.253122, 5487434.474208], [461539.761921, 5487459.521686], [461531.096488, 5487465.304361], [461511.190071, 5487478.588557], [461508.149267, 5487480.617708], [461489.996621, 5487494.040861], [461449.113661, 5487524.015304], [461415.183917, 5487548.894198], [461380.895692, 5487576.046501], [461361.010282, 5487591.646889], [461344.519993, 5487606.61123], [461329.276338, 5487620.444387], [461300.249967, 5487646.790395], [461298.418556, 5487648.452801], [461295.761844, 5487650.86431], [461290.784328, 5487655.365818], [461271.404555, 5487672.892814], [461257.723862, 5487685.272828], [461248.608593, 5487693.521627], [461240.505155, 5487700.838887], [461226.638607, 5487713.359954], [461203.454561, 5487734.182265], [461188.221903, 5487749.071605], [461165.362143, 5487771.391932], [461142.463604, 5487793.767357], [461138.993353, 5487797.153739], [461123.995102, 5487811.789275], [461101.329194, 5487833.97049], [461083.950981, 5487850.920011], [461080.790339, 5487854.002751], [461065.034174, 5487869.374076], [461059.716135, 5487874.562133], [461036.626436, 5487896.992877], [461018.378069, 5487914.654548], [461001.377361, 5487931.181207], [460994.034788, 5487938.318886], [460994.383382, 5487963.950475], [460994.730827, 5487989.455211], [460995.320595, 5488037.200666], [460995.386657, 5488042.558496], [460995.927938, 5488085.968983], [460995.929934, 5488086.131884], [460995.958076, 5488088.383201], [461035.163964, 5488091.887425], [461083.848412, 5488096.269133], [461126.486679, 5488100.51426], [461138.604075, 5488101.093084], [461159.772738, 5488099.817618], [461292.42813, 5488086.72541], [461334.710122, 5488086.940774], [461348.009099, 5488087.550953], [461354.376284, 5488089.044217], [461377.560459, 5488091.424862], [461398.239943, 5488085.281103], [461405.471914, 5488087.691959], [461411.237539, 5488088.950253], [461413.650328, 5488088.943317], [461417.184112, 5488088.933163], [461427.060756, 5488089.248707], [461478.615624, 5488090.895875], [461485.138871, 5488091.135806], [461497.25159, 5488091.581573], [461535.091473, 5488092.973689], [461549.820363, 5488093.38458], [461549.817662, 5488093.486481], [461549.786456, 5488093.952884], [461549.805257, 5488093.953284], [461549.809657, 5488093.953484], [461550.144962, 5488093.961989], [461550.60937, 5488093.973895], [461563.896086, 5488094.314785], [461636.021818, 5488097.247308], [461636.558619, 5488097.269112], [461636.955619, 5488097.285215], [461707.899534, 5488100.169349], [461708.76245, 5488100.196373], [461713.84474, 5488100.355713], [461716.477087, 5488100.438286], [461755.839492, 5488101.672257], [461789.87269, 5488102.738951], [461828.648304, 5488103.953979], [461860.123792, 5488104.940353], [461867.831225, 5488105.181917], [461867.864925, 5488105.183017], [461867.933327, 5488105.185119], [461889.862299, 5488105.872373], [461900.903078, 5488106.218394], [461923.790699, 5488106.935735], [461930.495306, 5488107.145838], [461947.528627, 5488107.679607], [461950.832632, 5488107.783161], [461957.187509, 5488108.250615], [461957.274209, 5488108.257017], [461957.325708, 5488108.260819], [461958.579904, 5488108.353049], [461966.754772, 5488108.954348], [462047.450609, 5488112.205639], [462053.975803, 5488112.468576], [462187.950978, 5488117.50687], [462224.600137, 5488118.885205], [462273.03057, 5488120.706848], [462287.541026, 5488121.252643], [462297.346766, 5488121.610811], [462297.542467, 5488121.617916], [462297.892368, 5488121.630626], [462325.588323, 5488122.641974], [462351.427828, 5488123.585446], [462375.57689, 5488124.46696], [462375.902691, 5488124.478863], [462376.278992, 5488124.492566], [462408.092205, 5488125.653793], [462447.934284, 5488127.108606], [462453.132109, 5488127.186312], [462453.678412, 5488127.194518], [462459.736946, 5488127.28498], [462467.57239, 5488127.40206], [462531.299022, 5488128.353786], [462531.678826, 5488128.359493], [462551.136548, 5488128.650185], [462551.172949, 5488128.650786], [462551.913757, 5488128.661901], [462551.925857, 5488128.662001], [462551.932157, 5488128.662101], [462551.964958, 5488128.662602], [462551.968758, 5488128.662702], [462552.075028, 5488115.837408]]]}}, {"type": "Feature", "properties": {"code": "081", "name": "Waldhof-West", "id_name": "081 Waldhof-West"}, "geometry": {"type": "Polygon", "coordinates": [[[462953.851618, 5486201.474409], [462934.93221, 5486156.360432], [462930.44629, 5486145.663946], [462929.866458, 5486143.741293], [462928.020459, 5486137.620627], [462925.966253, 5486130.809455], [462923.355228, 5486132.892101], [462912.245405, 5486129.463722], [462899.413365, 5486125.503972], [462889.876916, 5486122.561101], [462865.740497, 5486115.112799], [462848.543692, 5486109.806154], [462842.986718, 5486108.091268], [462829.599392, 5486103.959794], [462824.932144, 5486092.706228], [462817.726948, 5486075.335322], [462816.142018, 5486071.514335], [462809.482352, 5486055.45934], [462809.414049, 5486055.294341], [462798.380031, 5486028.694414], [462797.126392, 5486025.672195], [462793.541988, 5486017.030924], [462788.487264, 5486004.844623], [462788.249368, 5486004.271031], [462787.877875, 5486003.375343], [462781.320569, 5485987.566659], [462770.360887, 5485961.142552], [462765.945352, 5485950.497865], [462764.873921, 5485947.915044], [462764.432309, 5485946.850335], [462763.318478, 5485944.165314], [462762.196146, 5485939.613874], [462761.23822, 5485935.728539], [462760.527801, 5485932.848014], [462757.318525, 5485919.8358], [462757.250723, 5485919.560898], [462752.81375, 5485909.021107], [462750.57514, 5485903.702979], [462747.874655, 5485897.288165], [462745.912443, 5485892.626628], [462745.145479, 5485890.804752], [462741.486456, 5485882.112569], [462735.539292, 5485867.984697], [462732.962775, 5485861.86429], [462732.038606, 5485859.668821], [462727.425172, 5485848.709645], [462725.175559, 5485843.365491], [462722.542665, 5485837.11103], [462720.970132, 5485833.375848], [462719.581092, 5485830.076259], [462718.49814, 5485827.503764], [462718.07066, 5485826.488366], [462717.486997, 5485824.778577], [462716.866839, 5485822.961696], [462715.621125, 5485819.312435], [462715.417739, 5485818.716441], [462715.146058, 5485817.920549], [462710.015728, 5485802.890308], [462704.022894, 5485785.333194], [462698.883018, 5485770.274837], [462694.618292, 5485757.780245], [462689.581162, 5485743.022967], [462683.605348, 5485725.515472], [462683.502654, 5485725.277975], [462677.765887, 5485712.000867], [462677.509903, 5485711.408475], [462673.887031, 5485703.023896], [462673.883231, 5485703.017296], [462669.41963, 5485695.408113], [462661.159013, 5485702.881773], [462651.508192, 5485711.604126], [462636.144547, 5485725.48977], [462626.900758, 5485733.844636], [462613.232535, 5485746.198648], [462598.182039, 5485759.801655], [462592.357176, 5485765.066292], [462590.616081, 5485766.8073], [462586.75327, 5485770.66991], [462585.300603, 5485772.122504], [462575.312414, 5485777.333722], [462575.156912, 5485777.414922], [462567.716712, 5485780.800841], [462567.677411, 5485780.818741], [462567.60921, 5485780.849742], [462549.862735, 5485788.320695], [462486.763613, 5485814.884947], [462462.637967, 5485827.675923], [462443.080647, 5485838.044741], [462418.938641, 5485850.961229], [462324.91929, 5485900.947758], [462270.645487, 5485931.249038], [462266.768378, 5485937.536224], [462262.891383, 5485943.823308], [462257.986607, 5485951.776985], [462252.748654, 5485960.270956], [462247.434929, 5485968.887722], [462228.798583, 5485999.109175], [462213.469073, 5486023.968118], [462201.651285, 5486043.132651], [462191.803868, 5486059.101877], [462182.648202, 5486073.359241], [462160.653532, 5486104.453792], [462146.91781, 5486123.872253], [462146.627306, 5486124.282967], [462130.671353, 5486146.839835], [462116.858127, 5486166.367699], [462112.58544, 5486172.408071], [462110.325843, 5486175.52007], [462109.940243, 5486176.051087], [462008.594596, 5486123.874683], [461938.12373, 5486087.593281], [461754.783338, 5485993.197909], [461734.269196, 5485985.197501], [461713.751085, 5485977.197444], [461654.825992, 5485954.223187], [461642.870602, 5485949.561713], [461629.828116, 5485944.476177], [461629.100703, 5485944.192578], [461628.9157, 5485944.120378], [461628.912, 5485944.118978], [461628.9029, 5485944.115378], [461603.411085, 5486055.518184], [461600.039032, 5486064.80014], [461589.862233, 5486092.813996], [461561.752452, 5486151.311492], [461513.303854, 5486248.689603], [461492.717668, 5486287.074797], [461484.407668, 5486302.903123], [461453.999683, 5486345.502452], [461376.380517, 5486446.839458], [461368.852709, 5486455.279784], [461358.964834, 5486466.36615], [461301.168907, 5486531.167676], [461287.557128, 5486543.998042], [461287.511427, 5486544.041042], [461370.245281, 5486601.067077], [461373.335151, 5486603.196905], [461382.10008, 5486609.238316], [461395.311525, 5486617.751381], [461427.048506, 5486638.201143], [461429.57208, 5486639.827199], [461534.489899, 5486707.432014], [461582.341327, 5486738.265856], [461618.653017, 5486761.699646], [461649.77284, 5486781.783158], [461699.440317, 5486813.836863], [461699.924741, 5486814.149483], [461729.445338, 5486833.455975], [461807.207348, 5486884.312735], [461872.881078, 5486927.016561], [461953.889238, 5486979.566693], [461990.835716, 5487005.358365], [462016.257435, 5487024.408989], [462022.866308, 5487029.380218], [462023.542402, 5487028.909824], [462031.915426, 5487023.084399], [462093.013692, 5486979.693113], [462151.054984, 5486938.363435], [462188.915362, 5486911.404372], [462275.673787, 5486846.449027], [462293.009529, 5486833.473575], [462325.720492, 5486808.990264], [462365.234301, 5486779.414308], [462403.95113, 5486751.256021], [462426.988777, 5486734.617619], [462457.919886, 5486714.404484], [462515.362354, 5486676.86635], [462527.443826, 5486668.971001], [462543.517937, 5486658.46623], [462543.522737, 5486658.46313], [462543.526637, 5486658.46083], [462543.544437, 5486658.45013], [462543.686636, 5486658.364431], [462543.693136, 5486658.360531], [462546.603019, 5486656.606181], [462546.865018, 5486656.448186], [462564.980173, 5486645.5265], [462568.374976, 5486643.479722], [462612.929966, 5486616.616825], [462616.233802, 5486614.624913], [462749.325132, 5486534.380182], [462773.138181, 5486521.321218], [462773.394983, 5486521.180415], [462776.767908, 5486519.330678], [462808.812828, 5486498.70748], [462813.220385, 5486495.870822], [462910.883417, 5486433.015463], [462914.301544, 5486430.823609], [462918.053969, 5486428.417524], [462939.695496, 5486414.541339], [462958.994094, 5486402.168709], [462961.025118, 5486400.866671], [463001.371201, 5486375.000125], [463005.940077, 5486372.070888], [463010.29716, 5486369.277544], [463018.578227, 5486362.961752], [463018.580827, 5486362.959752], [463018.576027, 5486362.937852], [463018.536124, 5486362.756653], [463018.533424, 5486362.744353], [463018.240803, 5486361.414061], [463018.238503, 5486361.403661], [463018.210901, 5486361.278262], [463017.640759, 5486358.686377], [463017.125721, 5486356.344691], [463016.70949, 5486354.452403], [463016.560079, 5486353.772907], [463016.322761, 5486352.694413], [463015.986736, 5486351.166622], [463014.243699, 5486343.242669], [463013.146748, 5486340.69197], [463012.707727, 5486339.67087], [463012.427913, 5486339.02017], [463009.269275, 5486331.674962], [463008.694364, 5486330.338054], [463008.471159, 5486329.818752], [463008.260455, 5486329.328849], [463004.681892, 5486321.00692], [463004.049882, 5486319.536917], [463001.929751, 5486314.606612], [462995.421976, 5486299.472649], [462989.303399, 5486285.243686], [462989.120689, 5486284.818981], [462985.452599, 5486276.288783], [462976.314383, 5486255.038254], [462953.851618, 5486201.474409]]]}}, {"type": "Feature", "properties": {"code": "082", "name": "Gartenstadt", "id_name": "082 Gartenstadt"}, "geometry": {"type": "Polygon", "coordinates": [[[465423.596055, 5486658.346184], [465419.501376, 5486607.90265], [465417.383273, 5486607.941842], [465408.185559, 5486608.111905], [465372.603474, 5486608.770132], [465325.399515, 5486609.53507], [465278.76996, 5486610.189802], [465278.75846, 5486610.190002], [465278.74456, 5486610.190202], [465276.514389, 5486610.221492], [465272.527942, 5486610.288775], [465231.578629, 5486610.98062], [465183.452079, 5486611.703811], [465156.457048, 5486612.130901], [465133.193945, 5486612.498776], [465084.23686, 5486613.221419], [465034.66534, 5486614.052799], [465034.011748, 5486614.062601], [464986.28619, 5486614.775922], [464962.918942, 5486615.1821], [464962.885042, 5486615.182701], [464936.353318, 5486615.643669], [464887.107091, 5486616.547093], [464839.940648, 5486617.480093], [464837.788447, 5486617.522707], [464831.374445, 5486617.640245], [464788.469514, 5486618.426246], [464773.406781, 5486618.723488], [464739.042491, 5486619.401807], [464676.891958, 5486620.527607], [464676.806658, 5486620.529107], [464676.743258, 5486620.530308], [464676.484459, 5486620.53501], [464671.18107, 5486620.630947], [464659.992193, 5486620.857329], [464621.139297, 5486621.643246], [464594.868599, 5486622.130499], [464594.816099, 5486622.131499], [464589.006701, 5486622.239135], [464588.952701, 5486622.240135], [464588.764901, 5486622.243633], [464587.414201, 5486622.268618], [464586.593901, 5486622.283809], [464581.542503, 5486622.377453], [464578.885613, 5486615.497346], [464559.175233, 5486564.451852], [464554.282036, 5486552.344304], [464532.798459, 5486499.188722], [464529.98122, 5486491.651667], [464527.583722, 5486478.547325], [464525.785637, 5486467.413077], [464525.015068, 5486459.447749], [464525.358019, 5486448.313343], [464526.214441, 5486441.009966], [464526.814399, 5486435.894029], [464531.216888, 5486416.708378], [464531.730758, 5486413.796482], [464532.158818, 5486409.514136], [464507.661963, 5486406.792937], [464507.493363, 5486406.774241], [464497.319975, 5486404.189789], [464497.044565, 5486404.119807], [464479.315494, 5486399.324903], [464475.675449, 5486397.9976], [464471.39302, 5486394.65766], [464466.339615, 5486389.433468], [464458.716814, 5486379.669963], [464437.818962, 5486355.005182], [464432.121558, 5486348.853057], [464409.624072, 5486324.55978], [464403.713664, 5486318.284088], [464401.316283, 5486315.738483], [464378.775016, 5486290.406798], [464371.818186, 5486282.588744], [464365.145337, 5486275.089907], [464353.564749, 5486262.146784], [464340.211039, 5486247.221672], [464333.256415, 5486239.448793], [464328.440971, 5486234.066803], [464281.746795, 5486182.124461], [464251.608228, 5486147.866997], [464249.905502, 5486145.926487], [464239.960354, 5486134.592343], [464207.494755, 5486098.000163], [464200.485663, 5486090.100184], [464194.686992, 5486083.333945], [464180.761229, 5486067.084642], [464157.586929, 5486040.043667], [464110.380276, 5485984.377113], [464094.676666, 5485966.101169], [464093.889187, 5485965.18458], [464085.121245, 5485954.980423], [464084.904652, 5485954.728537], [464066.778712, 5485933.63411], [464061.59693, 5485927.603545], [464057.423817, 5485922.701917], [463986.912353, 5485839.880294], [463986.427951, 5485839.31149], [463943.82518, 5485789.777367], [463943.285557, 5485789.15006], [463943.254157, 5485789.17266], [463943.246357, 5485789.17826], [463902.313493, 5485818.650151], [463876.936527, 5485836.921987], [463874.959333, 5485838.34572], [463860.073939, 5485849.011867], [463818.74624, 5485878.62549], [463817.273144, 5485879.624805], [463801.478929, 5485890.338695], [463800.509536, 5485890.996196], [463798.738051, 5485892.197798], [463790.105066, 5485898.053902], [463766.871469, 5485913.814403], [463757.214142, 5485919.733655], [463755.543157, 5485920.757781], [463744.346175, 5485927.620761], [463739.429098, 5485930.634596], [463732.955616, 5485934.376373], [463723.042724, 5485940.106144], [463672.038914, 5485969.587013], [463665.086164, 5485973.605834], [463642.938487, 5485986.407533], [463634.51266, 5485991.520166], [463603.545526, 5486010.31042], [463581.27224, 5486025.369235], [463581.170642, 5486025.437938], [463580.343354, 5486025.997364], [463572.119787, 5486031.557341], [463563.70374, 5486036.60745], [463527.858652, 5486058.116266], [463441.440033, 5486107.740188], [463431.284149, 5486113.571576], [463412.880563, 5486124.138792], [463396.982955, 5486133.267161], [463395.626658, 5486134.045933], [463392.851241, 5486135.639583], [463392.318333, 5486135.945575], [463380.243748, 5486142.878736], [463357.226954, 5486156.50213], [463351.110939, 5486160.122138], [463342.886302, 5486164.990339], [463336.976912, 5486168.487894], [463321.216013, 5486177.816567], [463320.676407, 5486178.135963], [463270.455319, 5486207.861508], [463268.560805, 5486208.982815], [463268.362803, 5486209.099916], [463245.092854, 5486222.873498], [463242.130543, 5486224.626876], [463202.141272, 5486248.296428], [463190.615718, 5486255.118326], [463184.692045, 5486258.62444], [463175.500716, 5486264.065908], [463174.910207, 5486264.415399], [463174.617802, 5486264.588595], [463166.589069, 5486269.34168], [463095.723866, 5486311.295942], [463081.935021, 5486320.145271], [463066.131887, 5486330.287246], [463036.411833, 5486349.360414], [463027.349017, 5486356.272378], [463019.731125, 5486362.082395], [463018.586827, 5486362.955152], [463018.580827, 5486362.959752], [463018.578227, 5486362.961752], [463010.29716, 5486369.277544], [463005.940077, 5486372.070888], [463001.371201, 5486375.000125], [462961.025118, 5486400.866671], [462958.994094, 5486402.168709], [462939.695496, 5486414.541339], [462918.053969, 5486428.417524], [462914.301544, 5486430.823609], [462910.883417, 5486433.015463], [462813.220385, 5486495.870822], [462808.812828, 5486498.70748], [462776.767908, 5486519.330678], [462773.394983, 5486521.180415], [462773.138181, 5486521.321218], [462749.325132, 5486534.380182], [462616.233802, 5486614.624913], [462612.929966, 5486616.616825], [462568.374976, 5486643.479722], [462564.980173, 5486645.5265], [462546.865018, 5486656.448186], [462546.603019, 5486656.606181], [462543.693136, 5486658.360531], [462543.686636, 5486658.364431], [462543.544437, 5486658.45013], [462543.526637, 5486658.46083], [462543.522737, 5486658.46313], [462543.512838, 5486658.967824], [462543.430247, 5486663.206626], [462543.746123, 5486700.5548], [462543.761426, 5486702.362313], [462543.986384, 5486728.967663], [462544.506449, 5486807.878525], [462544.626587, 5486826.115102], [462544.818804, 5486880.999597], [462544.882744, 5486899.214407], [462544.996767, 5486910.646317], [462545.779533, 5486989.007054], [462545.86593, 5487014.952506], [462545.921903, 5487031.769594], [462545.985292, 5487050.79669], [462546.038864, 5487102.817708], [462546.092645, 5487142.130595], [462546.091973, 5487182.360824], [462545.821377, 5487224.237034], [462545.820865, 5487255.131581], [462545.713088, 5487303.779412], [462545.767251, 5487341.689088], [462545.767251, 5487342.005103], [462545.766889, 5487380.894545], [462545.843591, 5487411.816589], [462545.874486, 5487424.173647], [462545.874484, 5487428.768479], [462545.874598, 5487464.618574], [462545.820479, 5487508.111826], [462546.036001, 5487550.309942], [462546.306006, 5487590.32275], [462546.521881, 5487624.966262], [462547.061742, 5487681.3833], [462547.601501, 5487723.959287], [462548.140341, 5487767.598761], [462548.141242, 5487767.669263], [462548.95018, 5487807.196193], [462549.705446, 5487850.419706], [462549.784243, 5487856.660654], [462550.1914, 5487888.921396], [462550.893126, 5487954.188291], [462551.432941, 5488002.025362], [462551.703693, 5488041.228647], [462551.973788, 5488079.946175], [462552.075028, 5488115.837408], [462551.968758, 5488128.662702], [462551.83239, 5488145.118523], [462551.810989, 5488147.32504], [462551.387221, 5488191.053532], [462551.143865, 5488239.640307], [462551.065662, 5488268.32566], [462551.063577, 5488269.083267], [462550.942254, 5488295.592355], [462550.698893, 5488327.767628], [462550.537186, 5488360.185863], [462550.335009, 5488400.738636], [462550.166578, 5488430.864274], [462550.051755, 5488451.408746], [462549.808563, 5488487.529258], [462549.6463, 5488536.236389], [462549.443808, 5488568.937209], [462549.281262, 5488601.354692], [462549.199927, 5488630.63565], [462549.077984, 5488663.377064], [462549.117831, 5488695.956558], [462548.995851, 5488725.116602], [462548.954766, 5488757.858282], [462548.913523, 5488793.412417], [462548.831741, 5488826.234734], [462548.871088, 5488855.515876], [462548.870011, 5488888.014304], [462548.830601, 5488923.891073], [462548.830941, 5488956.469558], [462548.831284, 5488986.478079], [462548.832026, 5489019.460886], [462548.670464, 5489051.715671], [462548.549142, 5489080.99591], [462548.508835, 5489117.034692], [462548.46844, 5489152.061166], [462548.225529, 5489194.291767], [462548.133086, 5489210.756284], [462548.132686, 5489210.832882], [462590.099253, 5489212.391961], [462649.431439, 5489214.610971], [462719.376226, 5489217.273389], [462782.651311, 5489219.590143], [462843.673896, 5489221.760011], [462894.370031, 5489223.400932], [462900.033738, 5489223.584146], [462953.18928, 5489225.359238], [463004.65441, 5489226.937192], [463057.366738, 5489228.465568], [463100.456904, 5489229.820821], [463153.706035, 5489231.546219], [463207.453003, 5489233.468473], [463214.997677, 5489233.742872], [463268.41167, 5489235.686553], [463323.248093, 5489237.657361], [463368.595911, 5489239.259504], [463418.384892, 5489241.082353], [463470.933377, 5489242.905805], [463529.934998, 5489245.074422], [463587.940856, 5489247.094618], [463624.667813, 5489248.425007], [463646.677609, 5489249.158031], [463691.387272, 5489250.821066], [463729.960064, 5489252.040644], [463774.126331, 5489253.722402], [463812.329424, 5489255.089674], [463852.861562, 5489256.494319], [463900.318457, 5489258.08406], [463964.074372, 5489260.264351], [464010.692269, 5489261.927997], [464054.108093, 5489263.443056], [464092.374558, 5489264.736838], [464131.391685, 5489266.104644], [464175.251808, 5489267.675383], [464216.767132, 5489269.005848], [464262.153649, 5489270.55861], [464272.450255, 5489270.930342], [464307.207273, 5489272.185016], [464358.776865, 5489273.810835], [464406.353773, 5489275.32623], [464452.282257, 5489276.730532], [464490.0039, 5489278.023729], [464528.823306, 5489279.205833], [464577.509137, 5489280.979677], [464624.198646, 5489282.864945], [464670.570329, 5489284.786707], [464702.922216, 5489286.112146], [464717.470647, 5489286.708092], [464752.308654, 5489288.167894], [464791.915759, 5489289.867934], [464804.580441, 5489290.368636], [464833.03869, 5489291.493905], [464875.454899, 5489293.268007], [464910.207917, 5489294.746876], [464953.966645, 5489296.594371], [464997.836036, 5489298.294494], [465036.112259, 5489299.883862], [465048.792515, 5489300.39429], [465049.280313, 5489300.413979], [465059.718074, 5489300.834155], [465059.844473, 5489300.839252], [465060.111272, 5489300.850047], [465060.210672, 5489300.854044], [465060.365771, 5489300.855541], [465074.999618, 5489283.223228], [465128.398293, 5489218.887917], [465205.6773, 5489125.134281], [465222.835992, 5489104.451078], [465283.106752, 5489031.79997], [465360.477424, 5488938.115713], [465437.65118, 5488844.660325], [465467.385441, 5488808.735571], [465469.395452, 5488806.306781], [465515.047175, 5488751.136695], [465592.48173, 5488657.503654], [465665.709756, 5488569.035669], [465669.878441, 5488563.999583], [465671.987142, 5488561.461854], [465671.993642, 5488561.453954], [465671.944142, 5488561.433054], [465671.858244, 5488561.396754], [465671.51315, 5488561.263054], [465671.433351, 5488561.232154], [465667.106315, 5488559.5563], [465664.745876, 5488540.045434], [465656.531281, 5488478.357025], [465648.39499, 5488417.80625], [465640.25842, 5488355.756669], [465632.806386, 5488300.472649], [465626.905268, 5488256.237289], [465617.912295, 5488188.320555], [465615.439835, 5488169.77757], [465615.434435, 5488169.737169], [465610.717934, 5488134.363978], [465603.52349, 5488080.36511], [465596.140826, 5488024.995212], [465587.661559, 5487961.83193], [465579.781891, 5487903.679128], [465571.4743, 5487842.571597], [465562.824132, 5487779.750349], [465553.574112, 5487711.748226], [465545.094673, 5487648.755818], [465534.17516, 5487566.27955], [465528.854889, 5487526.574797], [465525.952964, 5487504.914503], [465511.050624, 5487393.490053], [465501.800566, 5487325.229984], [465494.263656, 5487269.13183], [465484.851498, 5487200.358228], [465474.830936, 5487124.176574], [465465.666382, 5487055.660224], [465456.279742, 5486986.885841], [465447.030023, 5486917.34146], [465442.318587, 5486883.66543], [465441.805708, 5486879.999747], [465439.321588, 5486848.481776], [465433.754208, 5486779.964318], [465428.478479, 5486717.485192], [465423.596055, 5486658.346184]]]}}, {"type": "Feature", "properties": {"code": "083", "name": "Luzenberg", "id_name": "083 Luzenberg"}, "geometry": {"type": "Polygon", "coordinates": [[[461683.824794, 5485555.646437], [461684.167497, 5485556.362935], [461684.156199, 5485556.450037], [461684.059216, 5485557.197449], [461683.953235, 5485558.013762], [461683.879348, 5485558.583171], [461683.734774, 5485559.696488], [461683.680484, 5485560.114695], [461683.490219, 5485561.580319], [461683.462424, 5485561.794622], [461683.307152, 5485562.990641], [461683.245863, 5485563.463349], [461683.195372, 5485563.851855], [461683.187773, 5485563.910756], [461683.163178, 5485564.100059], [461683.162478, 5485564.105559], [461683.146681, 5485564.226861], [461683.080099, 5485565.070473], [461656.08248, 5485809.375542], [461642.869383, 5485875.449577], [461630.761649, 5485935.991704], [461628.9029, 5485944.115378], [461628.912, 5485944.118978], [461628.9157, 5485944.120378], [461629.100703, 5485944.192578], [461629.828116, 5485944.476177], [461642.870602, 5485949.561713], [461654.825992, 5485954.223187], [461713.751085, 5485977.197444], [461734.269196, 5485985.197501], [461754.783338, 5485993.197909], [461938.12373, 5486087.593281], [462008.594596, 5486123.874683], [462109.940243, 5486176.051087], [462110.325843, 5486175.52007], [462112.58544, 5486172.408071], [462116.858127, 5486166.367699], [462130.671353, 5486146.839835], [462146.627306, 5486124.282967], [462146.91781, 5486123.872253], [462160.653532, 5486104.453792], [462182.648202, 5486073.359241], [462191.803868, 5486059.101877], [462201.651285, 5486043.132651], [462213.469073, 5486023.968118], [462228.798583, 5485999.109175], [462247.434929, 5485968.887722], [462252.748654, 5485960.270956], [462257.986607, 5485951.776985], [462262.891383, 5485943.823308], [462266.768378, 5485937.536224], [462270.645487, 5485931.249038], [462324.91929, 5485900.947758], [462418.938641, 5485850.961229], [462443.080647, 5485838.044741], [462462.637967, 5485827.675923], [462486.763613, 5485814.884947], [462549.862735, 5485788.320695], [462567.60921, 5485780.849742], [462567.586072, 5485779.644756], [462567.559638, 5485778.273372], [462567.27864, 5485763.669948], [462566.882227, 5485743.074094], [462566.510385, 5485710.260187], [462566.13891, 5485668.869743], [462566.885616, 5485637.920046], [462569.123554, 5485608.089082], [462572.835889, 5485568.744504], [462572.852991, 5485568.563106], [462573.178511, 5485566.610225], [462579.192718, 5485530.528235], [462582.176189, 5485517.103955], [462587.769948, 5485491.747194], [462595.227733, 5485463.407595], [462603.804156, 5485434.694691], [462615.736205, 5485401.879637], [462630.315539, 5485365.895083], [462648.777387, 5485328.333243], [462651.942763, 5485321.893261], [462675.061381, 5485282.366072], [462675.192176, 5485282.167669], [462698.925409, 5485246.194927], [462719.210174, 5485218.41391], [462733.379572, 5485199.023057], [462747.175907, 5485182.242692], [462778.124845, 5485142.715516], [462810.564953, 5485102.442521], [462849.375135, 5485052.747553], [462850.461864, 5485051.355964], [462913.474901, 5484972.302757], [462935.807803, 5484943.974911], [462936.00011, 5484943.730899], [462944.049329, 5484933.521983], [463012.646553, 5484847.124497], [463044.525169, 5484806.972815], [463052.117253, 5484797.410691], [463102.454645, 5484733.902169], [463116.255537, 5484716.490179], [463186.172501, 5484628.29727], [463229.4908, 5484574.028876], [463229.5093, 5484574.005675], [463229.5145, 5484573.999174], [463229.5274, 5484573.982973], [463288.718933, 5484499.827346], [463301.449917, 5484483.74619], [463305.979416, 5484478.024613], [463331.227313, 5484446.133551], [463336.123225, 5484440.350375], [463336.163724, 5484440.299775], [463372.982694, 5484394.364921], [463389.73585, 5484373.463635], [463407.604992, 5484350.931808], [463439.793886, 5484310.344114], [463471.070103, 5484270.947842], [463479.368873, 5484260.927213], [463502.406439, 5484231.465195], [463526.299546, 5484201.317822], [463532.542774, 5484193.438398], [463541.706744, 5484181.019817], [463558.064747, 5484158.366737], [463582.696249, 5484124.538302], [463583.264756, 5484123.705231], [463592.676653, 5484109.912553], [463592.686953, 5484109.897453], [463593.440159, 5484108.793182], [463593.306459, 5484108.928479], [463593.291859, 5484108.943278], [463588.182251, 5484114.112134], [463588.011651, 5484114.284829], [463577.082003, 5484125.341135], [463561.47325, 5484141.784195], [463537.58483, 5484166.192495], [463532.06082, 5484171.523944], [463526.630565, 5484176.366173], [463524.353032, 5484178.397121], [463516.067296, 5484185.334461], [463499.046129, 5484197.3463], [463478.363148, 5484211.742559], [463456.640653, 5484226.862336], [463430.318318, 5484245.972281], [463412.789731, 5484258.593912], [463393.7771, 5484271.055028], [463377.706236, 5484281.39671], [463359.656914, 5484292.412849], [463342.237301, 5484302.561416], [463342.195402, 5484302.583715], [463321.426077, 5484313.609033], [463306.170833, 5484321.926986], [463291.333238, 5484329.056863], [463291.007743, 5484329.212161], [463271.4213, 5484338.563346], [463264.392925, 5484341.712255], [463257.94533, 5484344.600878], [463257.890431, 5484344.624677], [463244.199727, 5484350.510474], [463226.600066, 5484357.704667], [463206.334483, 5484366.279837], [463191.368161, 5484372.639078], [463168.051653, 5484382.274314], [463142.094594, 5484392.937604], [463105.433585, 5484408.154569], [463105.376886, 5484408.17807], [463081.755685, 5484417.982642], [463023.01661, 5484442.376746], [463021.3145, 5484443.087775], [462962.740411, 5484467.55751], [462892.399173, 5484496.945147], [462813.670191, 5484529.737724], [462813.615892, 5484529.760424], [462787.239435, 5484540.793793], [462757.698846, 5484553.151084], [462741.403963, 5484559.926426], [462709.499592, 5484573.192138], [462686.14303, 5484583.011857], [462653.236359, 5484596.789816], [462591.619572, 5484622.32176], [462561.636036, 5484634.850836], [462561.580435, 5484634.874138], [462558.919891, 5484635.98595], [462558.90999, 5484635.962449], [462545.4159, 5484604.108214], [462545.389796, 5484604.046516], [462504.41644, 5484507.845302], [462501.623908, 5484501.160357], [462501.557808, 5484501.160358], [462384.129946, 5484549.17811], [462349.815138, 5484563.27052], [462302.060401, 5484547.353104], [462282.152323, 5484540.37826], [462230.556333, 5484522.301368], [462199.979215, 5484509.320735], [462189.064701, 5484504.6872], [462159.524119, 5484491.964211], [462136.354389, 5484481.984804], [462059.077036, 5484449.372682], [462040.07106, 5484440.765135], [462037.328754, 5484440.525619], [462024.875253, 5484439.43775], [461995.986963, 5484436.825373], [461974.901188, 5484434.918683], [461970.761423, 5484434.544205], [461932.989908, 5484431.019786], [461904.024448, 5484428.280215], [461894.434421, 5484428.084766], [461864.68578, 5484426.91147], [461844.1357, 5484426.129355], [461827.026552, 5484425.773705], [461827.014752, 5484425.773506], [461828.842901, 5484435.149649], [461829.456083, 5484438.294296], [461836.178148, 5484471.810724], [461839.039149, 5484486.185424], [461839.051849, 5484486.249225], [461838.424653, 5484487.099651], [461838.415854, 5484487.111652], [461842.798504, 5484510.691671], [461844.189563, 5484518.17552], [461844.550518, 5484524.640357], [461844.554818, 5484524.716959], [461847.903408, 5484543.807988], [461849.655598, 5484553.79881], [461850.590681, 5484567.12527], [461850.591381, 5484567.13557], [461850.591881, 5484567.14267], [461850.895968, 5484576.264079], [461850.898568, 5484576.34078], [461850.880065, 5484581.254738], [461850.826705, 5484595.420005], [461846.780292, 5484612.763201], [461840.999533, 5484637.396886], [461840.935233, 5484637.782291], [461831.236234, 5484658.01601], [461823.132089, 5484673.684578], [461823.10769, 5484673.731577], [461824.353978, 5484675.067132], [461824.804975, 5484675.550452], [461835.443009, 5484686.949472], [461855.411826, 5484708.346706], [461865.507904, 5484719.164874], [461959.226424, 5484820.223368], [462017.672435, 5484883.242778], [462018.69184, 5484884.341897], [462018.744545, 5484884.398798], [461993.479466, 5484894.447192], [461992.129822, 5484894.983912], [461959.631811, 5484907.908892], [461892.673786, 5484934.539446], [461878.460656, 5484965.610142], [461862.593801, 5485000.295534], [461745.154402, 5485257.006806], [461743.148637, 5485267.372312], [461740.291077, 5485282.138682], [461727.070323, 5485346.175364], [461710.680358, 5485425.565268], [461709.476574, 5485431.396049], [461703.621125, 5485459.757842], [461683.834893, 5485555.597536], [461683.824794, 5485555.646437]]]}}, {"type": "Feature", "properties": {"code": "084", "name": "Waldhof-Ost", "id_name": "084 Waldhof-Ost"}, "geometry": {"type": "Polygon", "coordinates": [[[462567.60921, 5485780.849742], [462567.677411, 5485780.818741], [462567.716712, 5485780.800841], [462575.156912, 5485777.414922], [462575.312414, 5485777.333722], [462585.300603, 5485772.122504], [462586.75327, 5485770.66991], [462590.616081, 5485766.8073], [462592.357176, 5485765.066292], [462598.182039, 5485759.801655], [462613.232535, 5485746.198648], [462626.900758, 5485733.844636], [462636.144547, 5485725.48977], [462651.508192, 5485711.604126], [462661.159013, 5485702.881773], [462669.41963, 5485695.408113], [462673.883231, 5485703.017296], [462673.887031, 5485703.023896], [462677.509903, 5485711.408475], [462677.765887, 5485712.000867], [462683.502654, 5485725.277975], [462683.605348, 5485725.515472], [462689.581162, 5485743.022967], [462694.618292, 5485757.780245], [462698.883018, 5485770.274837], [462704.022894, 5485785.333194], [462710.015728, 5485802.890308], [462715.146058, 5485817.920549], [462715.417739, 5485818.716441], [462715.621125, 5485819.312435], [462716.866839, 5485822.961696], [462717.486997, 5485824.778577], [462718.07066, 5485826.488366], [462718.49814, 5485827.503764], [462719.581092, 5485830.076259], [462720.970132, 5485833.375848], [462722.542665, 5485837.11103], [462725.175559, 5485843.365491], [462727.425172, 5485848.709645], [462732.038606, 5485859.668821], [462732.962775, 5485861.86429], [462735.539292, 5485867.984697], [462741.486456, 5485882.112569], [462745.145479, 5485890.804752], [462745.912443, 5485892.626628], [462747.874655, 5485897.288165], [462750.57514, 5485903.702979], [462752.81375, 5485909.021107], [462757.250723, 5485919.560898], [462757.318525, 5485919.8358], [462760.527801, 5485932.848014], [462761.23822, 5485935.728539], [462762.196146, 5485939.613874], [462763.318478, 5485944.165314], [462764.432309, 5485946.850335], [462764.873921, 5485947.915044], [462765.945352, 5485950.497865], [462770.360887, 5485961.142552], [462781.320569, 5485987.566659], [462787.877875, 5486003.375343], [462788.249368, 5486004.271031], [462788.487264, 5486004.844623], [462793.541988, 5486017.030924], [462797.126392, 5486025.672195], [462798.380031, 5486028.694414], [462809.414049, 5486055.294341], [462809.482352, 5486055.45934], [462816.142018, 5486071.514335], [462817.726948, 5486075.335322], [462824.932144, 5486092.706228], [462829.599392, 5486103.959794], [462842.986718, 5486108.091268], [462848.543692, 5486109.806154], [462865.740497, 5486115.112799], [462889.876916, 5486122.561101], [462899.413365, 5486125.503972], [462912.245405, 5486129.463722], [462923.355228, 5486132.892101], [462925.966253, 5486130.809455], [462928.020459, 5486137.620627], [462929.866458, 5486143.741293], [462930.44629, 5486145.663946], [462934.93221, 5486156.360432], [462953.851618, 5486201.474409], [462976.314383, 5486255.038254], [462985.452599, 5486276.288783], [462989.120689, 5486284.818981], [462989.303399, 5486285.243686], [462995.421976, 5486299.472649], [463001.929751, 5486314.606612], [463004.049882, 5486319.536917], [463004.681892, 5486321.00692], [463008.260455, 5486329.328849], [463008.471159, 5486329.818752], [463008.694364, 5486330.338054], [463009.269275, 5486331.674962], [463012.427913, 5486339.02017], [463012.707727, 5486339.67087], [463013.146748, 5486340.69197], [463014.243699, 5486343.242669], [463015.986736, 5486351.166622], [463016.322761, 5486352.694413], [463016.560079, 5486353.772907], [463016.70949, 5486354.452403], [463017.125721, 5486356.344691], [463017.640759, 5486358.686377], [463018.210901, 5486361.278262], [463018.238503, 5486361.403661], [463018.240803, 5486361.414061], [463018.533424, 5486362.744353], [463018.536124, 5486362.756653], [463018.576027, 5486362.937852], [463018.580827, 5486362.959752], [463018.585727, 5486362.955952], [463019.731125, 5486362.082395], [463027.349017, 5486356.272378], [463036.411833, 5486349.360414], [463066.131887, 5486330.287246], [463081.935021, 5486320.145271], [463095.723866, 5486311.295942], [463166.589069, 5486269.34168], [463174.617802, 5486264.588595], [463174.910207, 5486264.415399], [463175.500716, 5486264.065908], [463184.692045, 5486258.62444], [463190.615718, 5486255.118326], [463202.141272, 5486248.296428], [463242.130543, 5486224.626876], [463245.092854, 5486222.873498], [463268.362803, 5486209.099916], [463268.560805, 5486208.982815], [463270.455319, 5486207.861508], [463320.676407, 5486178.135963], [463321.216013, 5486177.816567], [463336.976912, 5486168.487894], [463342.886302, 5486164.990339], [463351.110939, 5486160.122138], [463357.226954, 5486156.50213], [463380.243748, 5486142.878736], [463392.318333, 5486135.945575], [463392.851241, 5486135.639583], [463395.626658, 5486134.045933], [463396.982955, 5486133.267161], [463412.880563, 5486124.138792], [463431.284149, 5486113.571576], [463441.440033, 5486107.740188], [463527.858652, 5486058.116266], [463563.70374, 5486036.60745], [463572.119787, 5486031.557341], [463580.343354, 5486025.997364], [463581.170642, 5486025.437938], [463581.27224, 5486025.369235], [463603.545526, 5486010.31042], [463634.51266, 5485991.520166], [463642.938487, 5485986.407533], [463665.086164, 5485973.605834], [463672.038914, 5485969.587013], [463723.042724, 5485940.106144], [463732.955616, 5485934.376373], [463739.429098, 5485930.634596], [463744.346175, 5485927.620761], [463755.543157, 5485920.757781], [463757.214142, 5485919.733655], [463766.871469, 5485913.814403], [463790.105066, 5485898.053902], [463798.738051, 5485892.197798], [463800.509536, 5485890.996196], [463801.478929, 5485890.338695], [463817.273144, 5485879.624805], [463818.74624, 5485878.62549], [463860.073939, 5485849.011867], [463874.959333, 5485838.34572], [463876.936527, 5485836.921987], [463902.313493, 5485818.650151], [463943.246357, 5485789.17826], [463943.254157, 5485789.17266], [463943.285557, 5485789.15006], [463942.963543, 5485788.775655], [463928.416269, 5485771.861659], [463883.989982, 5485715.546257], [463882.207791, 5485712.955331], [463858.580931, 5485678.605044], [463842.935942, 5485654.509903], [463827.573022, 5485628.120044], [463819.867642, 5485614.884165], [463813.549897, 5485603.850268], [463811.530946, 5485600.324261], [463797.77468, 5485573.764744], [463793.373166, 5485565.266374], [463790.917387, 5485559.867231], [463787.272599, 5485551.853701], [463785.396148, 5485547.728275], [463772.909612, 5485520.275141], [463746.874001, 5485460.896809], [463740.62712, 5485446.970504], [463733.641976, 5485431.397359], [463732.551273, 5485428.965935], [463732.089072, 5485427.935425], [463721.340289, 5485403.97168], [463717.756948, 5485395.645835], [463711.894321, 5485382.024396], [463678.650582, 5485304.783218], [463633.855885, 5485202.161825], [463624.282405, 5485180.179527], [463616.97395, 5485164.078453], [463615.064611, 5485159.369153], [463614.647903, 5485158.341153], [463614.283095, 5485157.441552], [463614.277095, 5485157.426652], [463611.130439, 5485149.664732], [463610.122223, 5485147.177922], [463593.427001, 5485102.414501], [463590.558016, 5485094.381452], [463590.405317, 5485093.953755], [463588.288334, 5485088.026304], [463574.9275, 5485036.696416], [463561.338077, 5484982.168945], [463555.101169, 5484958.782552], [463554.942757, 5484958.188245], [463551.422354, 5484942.992564], [463549.886412, 5484936.362338], [463539.983292, 5484893.612648], [463525.183877, 5484830.748731], [463542.872244, 5484828.625697], [463548.465165, 5484827.954458], [463559.865322, 5484827.331406], [463586.087565, 5484825.898207], [463615.941963, 5484824.266635], [463619.701713, 5484824.061227], [463630.657868, 5484823.4624], [463636.785089, 5484823.139086], [463660.61541, 5484821.882066], [463665.102594, 5484821.6454], [463697.041381, 5484819.960861], [463768.266451, 5484814.176023], [463792.887811, 5484812.261098], [463795.672396, 5484812.044496], [463818.464467, 5484808.63506], [463868.576677, 5484801.138571], [463873.943743, 5484800.339114], [463857.842432, 5484771.676831], [463853.845781, 5484765.624503], [463852.475401, 5484764.025798], [463844.153343, 5484757.754701], [463836.132892, 5484751.710667], [463828.381034, 5484745.869153], [463824.157911, 5484743.072349], [463819.586692, 5484740.045037], [463799.548781, 5484726.983952], [463740.223378, 5484688.313988], [463680.322326, 5484650.840404], [463664.7304, 5484641.086146], [463628.41851, 5484618.369436], [463535.259008, 5484560.129953], [463526.399493, 5484554.591199], [463431.38092, 5484495.608424], [463378.727471, 5484465.745761], [463336.123225, 5484440.350375], [463331.227313, 5484446.133551], [463305.979416, 5484478.024613], [463301.449917, 5484483.74619], [463288.718933, 5484499.827346], [463229.5274, 5484573.982973], [463229.5145, 5484573.999174], [463229.5093, 5484574.005675], [463229.4908, 5484574.028876], [463186.172501, 5484628.29727], [463116.255537, 5484716.490179], [463102.454645, 5484733.902169], [463052.117253, 5484797.410691], [463044.525169, 5484806.972815], [463012.646553, 5484847.124497], [462944.049329, 5484933.521983], [462936.00011, 5484943.730899], [462935.807803, 5484943.974911], [462913.474901, 5484972.302757], [462850.461864, 5485051.355964], [462849.375135, 5485052.747553], [462810.564953, 5485102.442521], [462778.124845, 5485142.715516], [462747.175907, 5485182.242692], [462733.379572, 5485199.023057], [462719.210174, 5485218.41391], [462698.925409, 5485246.194927], [462675.192176, 5485282.167669], [462675.061381, 5485282.366072], [462651.942763, 5485321.893261], [462648.777387, 5485328.333243], [462630.315539, 5485365.895083], [462615.736205, 5485401.879637], [462603.804156, 5485434.694691], [462595.227733, 5485463.407595], [462587.769948, 5485491.747194], [462582.176189, 5485517.103955], [462579.192718, 5485530.528235], [462573.178511, 5485566.610225], [462572.852991, 5485568.563106], [462572.835889, 5485568.744504], [462569.123554, 5485608.089082], [462566.885616, 5485637.920046], [462566.13891, 5485668.869743], [462566.510385, 5485710.260187], [462566.882227, 5485743.074094], [462567.27864, 5485763.669948], [462567.559638, 5485778.273372], [462567.586072, 5485779.644756], [462567.60921, 5485780.849742]]]}}, {"type": "Feature", "properties": {"code": "091", "name": "Neuostheim", "id_name": "091 Neuostheim"}, "geometry": {"type": "Polygon", "coordinates": [[[466292.51019, 5480508.023398], [466301.695124, 5480507.647997], [466316.051644, 5480508.096078], [466325.688421, 5480508.397031], [466355.869511, 5480510.272559], [466368.555266, 5480511.5641], [466400.718965, 5480514.83759], [466433.233741, 5480518.146528], [466453.760083, 5480520.77079], [466509.790983, 5480532.204976], [466581.914214, 5480546.544796], [466646.913961, 5480557.041792], [466707.667898, 5480566.836151], [466816.839726, 5480586.1436], [466819.411085, 5480586.579902], [466860.966636, 5480593.631432], [466925.056298, 5480604.506363], [466932.281495, 5480605.732307], [466937.103601, 5480606.791406], [466940.905887, 5480607.626588], [466931.561678, 5480565.325689], [466930.539291, 5480560.697839], [466918.035856, 5480503.270513], [466913.117947, 5480480.924407], [466902.799096, 5480434.03956], [466890.374329, 5480377.854787], [466878.104065, 5480322.136802], [466869.359773, 5480283.242304], [466866.773319, 5480271.738602], [466854.11423, 5480215.244573], [466841.454957, 5480158.82977], [466831.661684, 5480115.103517], [466831.275344, 5480113.378217], [466829.32404, 5480104.666114], [466823.36041, 5480078.323818], [466816.587428, 5480048.406782], [466804.937969, 5479997.116524], [466793.143838, 5479946.838552], [466791.968289, 5479941.82746], [466778.105143, 5479884.558189], [466762.651537, 5479822.27916], [466761.173395, 5479816.358754], [466747.121502, 5479760.077434], [466734.65091, 5479709.523764], [466719.695516, 5479648.952777], [466706.836786, 5479596.224554], [466691.927642, 5479533.711644], [466677.834116, 5479471.121036], [466664.634072, 5479408.375177], [466653.607327, 5479346.716504], [466645.143416, 5479284.74694], [466638.873704, 5479233.792707], [466638.36409, 5479229.650805], [466633.238556, 5479174.321288], [466629.199043, 5479121.011473], [466627.101581, 5479063.197442], [466626.789749, 5479004.995108], [466627.643001, 5478952.84961], [466629.505768, 5478912.585511], [466633.62076, 5478855.508645], [466636.270339, 5478827.620409], [466575.343707, 5478858.69368], [466540.975436, 5478876.166744], [466479.784995, 5478906.776022], [466466.805755, 5478913.268665], [466413.2756, 5478940.205714], [466380.736428, 5478956.7468], [466339.793029, 5478975.909016], [466280.346703, 5479003.86553], [466212.549948, 5479035.870495], [466149.102584, 5479065.602768], [466079.05715, 5479098.36388], [465861.898182, 5479197.464051], [465767.364117, 5479240.604791], [465654.669318, 5479292.08247], [465575.751553, 5479328.1303], [465415.34359, 5479401.403516], [465386.036712, 5479414.887728], [465337.749002, 5479437.105072], [465233.623118, 5479485.01405], [465185.430677, 5479507.187162], [465108.90692, 5479544.248034], [465108.79552, 5479544.301937], [465108.70732, 5479544.343739], [465108.69162, 5479544.35104], [465094.960218, 5479550.835817], [465024.483601, 5479587.508845], [464941.974261, 5479631.631146], [464824.51107, 5479698.099459], [464779.760682, 5479724.458366], [464767.861088, 5479731.662356], [464630.210951, 5479814.993414], [464477.912368, 5479907.247583], [464375.985782, 5479968.966701], [464353.000658, 5479982.883981], [464349.775894, 5479984.838316], [464249.079727, 5480045.864319], [464248.998323, 5480045.913621], [464201.766613, 5480074.251503], [464200.291395, 5480075.136593], [464147.579638, 5480107.797575], [464065.646578, 5480157.648474], [464016.37109, 5480186.871118], [463984.284297, 5480206.926116], [463982.689726, 5480207.940835], [463960.585627, 5480222.008005], [463933.863014, 5480239.014292], [463902.048911, 5480257.668168], [463901.966013, 5480257.71667], [463899.865354, 5480258.948425], [463899.810355, 5480258.980627], [463903.72937, 5480267.335646], [463920.390101, 5480302.766453], [463940.388773, 5480345.293504], [463945.314211, 5480355.726067], [463948.491776, 5480362.456388], [463964.385492, 5480396.120684], [463969.600795, 5480407.146008], [463971.563731, 5480411.295883], [463981.000789, 5480431.247139], [463991.514659, 5480453.475177], [463994.623732, 5480460.104241], [463997.948599, 5480467.193398], [464031.327442, 5480538.36113], [464045.928298, 5480570.067907], [464049.619427, 5480578.083463], [464067.728488, 5480617.407482], [464093.946238, 5480674.459984], [464101.564449, 5480690.713195], [464103.456609, 5480694.749808], [464103.472109, 5480694.782808], [464110.728582, 5480710.264006], [464126.046701, 5480742.943709], [464142.388208, 5480777.875266], [464156.971354, 5480809.047799], [464185.984167, 5480870.805267], [464210.390704, 5480922.902474], [464232.317359, 5480969.750547], [464254.017211, 5481016.083338], [464275.088552, 5481061.104632], [464279.78657, 5481071.14206], [464282.785905, 5481077.508431], [464305.711133, 5481126.168457], [464327.700905, 5481172.887672], [464336.420586, 5481191.426315], [464336.447284, 5481191.483116], [464345.19344, 5481210.078103], [464357.845862, 5481236.978286], [464359.245962, 5481239.954897], [464376.244522, 5481275.950839], [464395.876329, 5481318.578434], [464396.12883, 5481318.46234], [464396.403932, 5481318.335746], [464404.484773, 5481314.619637], [464459.529627, 5481288.865924], [464530.672663, 5481255.54571], [464608.162975, 5481219.272627], [464677.295848, 5481187.006325], [464753.590698, 5481151.401216], [464825.52759, 5481117.693221], [464906.181468, 5481080.013695], [464992.479104, 5481039.697385], [465078.706281, 5480999.170116], [465177.540206, 5480952.511487], [465285.57155, 5480901.896696], [465435.491764, 5480831.412156], [465545.973929, 5480779.611227], [465555.21361, 5480775.276527], [465556.24002, 5480774.795015], [465635.212084, 5480737.745903], [465745.532248, 5480686.069996], [465817.024917, 5480652.577473], [465837.89443, 5480642.204874], [465883.507029, 5480618.085045], [465922.4563, 5480597.551503], [465924.045074, 5480596.713864], [465934.292125, 5480591.340093], [465941.290141, 5480588.215706], [466000.158017, 5480568.703026], [466007.271118, 5480566.345396], [466028.093141, 5480559.675013], [466046.913419, 5480554.254308], [466069.424776, 5480547.770494], [466073.062473, 5480546.746281], [466142.667395, 5480527.147815], [466179.124833, 5480519.835729], [466189.968486, 5480517.773541], [466205.620234, 5480515.805016], [466235.049037, 5480512.617782], [466277.130376, 5480508.773881], [466292.51019, 5480508.023398]]]}}, {"type": "Feature", "properties": {"code": "092", "name": "Neuhermsheim", "id_name": "092 Neuhermsheim"}, "geometry": {"type": "Polygon", "coordinates": [[[464767.861088, 5479731.662356], [464779.760682, 5479724.458366], [464824.51107, 5479698.099459], [464941.974261, 5479631.631146], [465024.483601, 5479587.508845], [465094.960218, 5479550.835817], [465108.69162, 5479544.35104], [465108.70732, 5479544.343739], [465108.79552, 5479544.301937], [465094.713897, 5479518.623982], [465047.775039, 5479438.069974], [465034.778088, 5479414.892706], [464999.168542, 5479351.390344], [464966.571303, 5479290.654041], [464961.686066, 5479281.551853], [464920.321624, 5479205.088345], [464877.910682, 5479126.242381], [464855.697441, 5479084.58397], [464850.490978, 5479074.820126], [464846.82733, 5479067.949355], [464801.486486, 5478984.081801], [464775.891085, 5478936.350005], [464753.112027, 5478894.209337], [464734.266608, 5478859.109255], [464720.977429, 5478832.596754], [464713.351476, 5478817.382616], [464708.235634, 5478806.907199], [464705.522311, 5478801.351188], [464694.332803, 5478778.439136], [464682.423168, 5478752.549206], [464675.051545, 5478736.287251], [464669.029108, 5478723.001587], [464666.79432, 5478718.071701], [464665.451362, 5478714.81221], [464652.574266, 5478683.558792], [464649.79898, 5478676.801388], [464649.222264, 5478675.397387], [464648.907971, 5478675.570786], [464638.597123, 5478681.261145], [464609.102107, 5478697.085717], [464594.170061, 5478705.099922], [464576.179133, 5478714.755876], [464562.00743, 5478722.33945], [464555.43784, 5478725.855], [464527.432084, 5478740.840899], [464513.628364, 5478748.270233], [464511.368783, 5478749.486322], [464492.160758, 5478759.824328], [464438.032163, 5478788.848374], [464432.915243, 5478791.592061], [464429.121733, 5478793.626226], [464391.151163, 5478814.005871], [464366.195031, 5478827.400451], [464358.471099, 5478831.530307], [464325.113874, 5478849.365763], [464304.64854, 5478860.308154], [464283.049484, 5478871.922884], [464260.816061, 5478883.878689], [464248.912473, 5478890.279723], [464207.170994, 5478912.628623], [464202.123306, 5478915.331146], [464175.787244, 5478930.31758], [464163.776651, 5478938.873093], [464160.418117, 5478941.269363], [464160.387818, 5478941.290963], [464117.339648, 5478972.004427], [464077.687015, 5479000.242347], [464077.671315, 5479000.253547], [464071.83607, 5479004.408968], [464054.501969, 5479016.800091], [464038.408263, 5479028.304241], [464038.405263, 5479028.306441], [464032.371174, 5479032.619747], [464022.565429, 5479039.607466], [464005.51963, 5479051.754686], [463985.486716, 5479066.030617], [463979.706665, 5479070.074183], [463974.820583, 5479073.49254], [463968.065434, 5479078.320117], [463964.9099, 5479080.592653], [463955.93587, 5479087.055456], [463943.712559, 5479095.773164], [463919.870669, 5479112.77776], [463916.043399, 5479115.510654], [463916.0172, 5479115.529355], [463887.490078, 5479135.899641], [463882.845463, 5479139.22391], [463877.167578, 5479143.287696], [463847.332325, 5479164.641479], [463827.961299, 5479178.424486], [463808.78396, 5479192.069084], [463806.248946, 5479193.877709], [463788.215343, 5479206.744494], [463780.491042, 5479212.255627], [463774.549483, 5479216.441605], [463761.75917, 5479225.45239], [463755.94301, 5479230.060276], [463755.300902, 5479230.568896], [463752.977668, 5479232.36647], [463752.959868, 5479232.38027], [463744.019928, 5479239.297001], [463742.091561, 5479240.788946], [463732.351292, 5479248.325175], [463730.448028, 5479249.79762], [463720.440865, 5479257.526155], [463720.348566, 5479257.597457], [463699.108358, 5479274.000544], [463696.236055, 5479276.218884], [463691.343756, 5479280.020652], [463691.332456, 5479280.029452], [463678.165249, 5479290.261329], [463678.10475, 5479290.308329], [463670.956124, 5479295.863527], [463659.969731, 5479304.401076], [463657.509407, 5479306.302309], [463650.120644, 5479312.012306], [463644.371876, 5479316.454738], [463643.903986, 5479316.81644], [463640.740855, 5479319.260657], [463638.413504, 5479321.05927], [463638.241707, 5479321.191971], [463627.381315, 5479329.58453], [463595.683935, 5479354.202579], [463583.786555, 5479363.412498], [463552.626037, 5479387.499549], [463531.273028, 5479404.071535], [463517.772653, 5479414.54931], [463478.067296, 5479445.310334], [463440.369381, 5479474.524405], [463411.632392, 5479496.789214], [463396.769562, 5479508.279918], [463396.492569, 5479508.494019], [463387.222266, 5479515.661128], [463365.234935, 5479532.704399], [463343.27094, 5479549.747904], [463320.913042, 5479567.074198], [463299.76548, 5479583.445162], [463283.366235, 5479596.152067], [463253.860636, 5479619.002457], [463227.850446, 5479639.139303], [463208.214866, 5479654.354045], [463191.494202, 5479667.313353], [463173.328153, 5479681.396365], [463165.88032, 5479687.166696], [463156.943308, 5479694.09095], [463146.891083, 5479701.872301], [463139.880687, 5479707.299034], [463137.912435, 5479708.825656], [463122.964924, 5479720.418749], [463104.980672, 5479734.334817], [463092.693288, 5479743.845253], [463091.009257, 5479749.108702], [463091.019457, 5479749.107202], [463091.028357, 5479749.105902], [463091.363252, 5479749.056294], [463091.382552, 5479749.053394], [463093.758421, 5479748.701441], [463094.127616, 5479748.646733], [463097.190877, 5479748.192864], [463113.363026, 5479745.506336], [463130.275111, 5479742.69692], [463158.753474, 5479738.833477], [463160.657253, 5479738.575289], [463200.723936, 5479734.339809], [463239.94681, 5479729.489041], [463255.126493, 5479728.458898], [463260.048079, 5479728.315725], [463287.580795, 5479727.514586], [463306.641166, 5479727.514612], [463324.156018, 5479728.459138], [463346.487351, 5479730.777419], [463362.800274, 5479733.181562], [463374.562733, 5479735.499854], [463403.700956, 5479741.401326], [463405.084958, 5479741.681656], [463444.579798, 5479752.328975], [463462.541179, 5479758.124553], [463484.863851, 5479765.851704], [463497.055549, 5479770.831376], [463507.856397, 5479775.381757], [463525.2853, 5479783.109101], [463544.860843, 5479792.811091], [463562.547435, 5479802.384418], [463576.928387, 5479810.97048], [463593.670203, 5479821.445277], [463605.274892, 5479829.539947], [463617.795491, 5479838.273834], [463633.807583, 5479850.680737], [463651.869587, 5479866.036236], [463668.750989, 5479880.388654], [463693.692234, 5479904.9017], [463715.157703, 5479927.310665], [463727.083911, 5479941.434076], [463742.53896, 5479960.537266], [463766.717319, 5479994.450839], [463783.623232, 5480020.808857], [463791.320075, 5480034.415577], [463800.284617, 5480050.263168], [463806.376743, 5480061.032826], [463834.281508, 5480119.716916], [463869.041029, 5480193.383021], [463882.468397, 5480222.009114], [463899.810355, 5480258.980627], [463899.865354, 5480258.948425], [463901.966013, 5480257.71667], [463902.048911, 5480257.668168], [463933.863014, 5480239.014292], [463960.585627, 5480222.008005], [463982.689726, 5480207.940835], [463984.284297, 5480206.926116], [464016.37109, 5480186.871118], [464065.646578, 5480157.648474], [464147.579638, 5480107.797575], [464200.291395, 5480075.136593], [464201.766613, 5480074.251503], [464248.998323, 5480045.913621], [464249.079727, 5480045.864319], [464349.775894, 5479984.838316], [464353.000658, 5479982.883981], [464375.985782, 5479968.966701], [464477.912368, 5479907.247583], [464630.210951, 5479814.993414], [464767.861088, 5479731.662356]]]}}, {"type": "Feature", "properties": {"code": "101", "name": "Seckenheim", "id_name": "101 Seckenheim"}, "geometry": {"type": "Polygon", "coordinates": [[[469584.242806, 5478592.838366], [469607.570261, 5478590.345047], [469682.249919, 5478602.629274], [469747.112787, 5478626.288939], [469807.268506, 5478650.549373], [469814.355607, 5478653.407598], [469859.07777, 5478678.457003], [469931.928099, 5478733.814189], [469955.518596, 5478713.911525], [469957.509794, 5478712.230794], [469962.825686, 5478707.743926], [470053.149099, 5478685.301018], [470205.807464, 5478650.531712], [470272.980305, 5478623.919907], [470284.94555, 5478618.351611], [470264.713645, 5478577.358181], [470234.76559, 5478524.159233], [470205.037412, 5478473.450083], [470174.579993, 5478423.660305], [470166.403146, 5478409.446047], [470145.919902, 5478374.203458], [470143.541778, 5478370.111863], [470113.693773, 5478318.212628], [470093.341574, 5478285.096476], [470083.735166, 5478265.924211], [470066.42194, 5478231.857892], [470057.0539, 5478213.421019], [470056.944399, 5478213.480423], [470056.770598, 5478213.574529], [470036.893192, 5478224.971003], [470001.291402, 5478245.249671], [469937.244923, 5478281.73184], [469928.80833, 5478286.505892], [469853.497946, 5478329.12241], [469842.955402, 5478335.088058], [469826.912746, 5478343.385755], [469818.628721, 5478348.477118], [469812.104461, 5478337.280798], [469807.350937, 5478329.123263], [469807.267437, 5478328.980065], [469755.91344, 5478240.849291], [469748.418802, 5478227.954548], [469732.604429, 5478200.746351], [469730.652979, 5478197.388924], [469729.156332, 5478194.814131], [469656.908114, 5478070.515388], [469592.178753, 5477959.154379], [469591.846744, 5477958.583268], [469591.844344, 5477958.579168], [469589.775291, 5477955.0196], [469589.387283, 5477954.351976], [469561.033123, 5477905.569963], [469549.763226, 5477886.1813], [469442.379158, 5477701.436273], [469439.711087, 5477696.846042], [469434.807068, 5477688.409311], [469272.368666, 5477408.950432], [469241.416288, 5477355.813055], [469229.388229, 5477335.163706], [469227.43291, 5477331.807012], [469224.941045, 5477333.232896], [469105.885842, 5477402.112744], [468992.272014, 5477468.000743], [468875.928918, 5477535.314654], [468872.109943, 5477537.528451], [468856.226158, 5477546.736538], [468774.550191, 5477594.086146], [468717.162996, 5477627.179945], [468702.179812, 5477635.82037], [468691.111847, 5477642.203017], [468653.623704, 5477663.97933], [468585.968609, 5477703.278285], [468503.770696, 5477750.902304], [468475.645965, 5477767.212736], [468393.881398, 5477814.630014], [468376.370494, 5477824.768618], [468368.771597, 5477829.16841], [468360.867788, 5477833.744548], [468288.90001, 5477875.412146], [468286.444195, 5477876.828518], [468221.195156, 5477914.462602], [468220.120858, 5477915.082389], [468217.862787, 5477910.810778], [468185.846734, 5477855.737612], [468180.357744, 5477846.295491], [468165.752543, 5477821.1787], [468157.771161, 5477807.453584], [468156.288353, 5477804.903663], [468139.981665, 5477776.862527], [468139.100776, 5477775.348012], [468100.704162, 5477708.083465], [468100.456265, 5477702.897966], [468099.917941, 5477691.635567], [468096.381908, 5477612.68555], [468092.945518, 5477532.16346], [468089.511059, 5477454.389272], [468088.396968, 5477426.51356], [468086.366161, 5477375.736426], [468084.007447, 5477311.714653], [468081.59463, 5477251.125721], [468080.863557, 5477232.766734], [468077.916591, 5477155.389376], [468075.85432, 5477103.738847], [468074.184958, 5477060.925859], [468073.79208, 5477036.720628], [468075.95246, 5477016.492356], [468084.95332, 5476985.578513], [468086.45946, 5476980.40532], [468109.72282, 5476913.632134], [468129.460908, 5476857.709352], [468131.228641, 5476847.595079], [468131.818071, 5476840.230274], [468131.622013, 5476826.482678], [468130.2475, 5476818.135842], [468127.596584, 5476807.530539], [468126.320165, 5476804.388198], [468123.374151, 5476796.139881], [468121.404861, 5476792.533815], [468113.723828, 5476779.790379], [468112.49219, 5476777.590137], [468105.858099, 5476765.737882], [468102.11049, 5476767.664598], [468046.700371, 5476796.153486], [467998.894383, 5476820.732716], [467984.824372, 5476827.966562], [467700.566568, 5476974.119154], [467695.957062, 5476976.489171], [467669.394536, 5476990.161286], [467530.869264, 5477061.464697], [467390.628224, 5477133.627954], [467367.509234, 5477145.523488], [467221.424994, 5477220.623065], [467139.831575, 5477262.600582], [467063.245941, 5477302.172227], [467029.258565, 5477319.424723], [467029.249165, 5477319.429523], [467029.241265, 5477319.433523], [467009.43642, 5477329.486592], [466909.915522, 5477380.676379], [466856.016227, 5477408.519302], [466838.761784, 5477417.432456], [466814.723155, 5477431.220132], [466814.723655, 5477431.223332], [466815.259422, 5477434.921922], [466815.84257, 5477438.947018], [466816.476097, 5477443.32082], [466817.575025, 5477450.906891], [466818.338799, 5477456.178806], [466818.434346, 5477457.039324], [466819.474464, 5477466.40545], [466820.991194, 5477480.062962], [466821.643017, 5477485.932286], [466822.272588, 5477492.610699], [466824.002764, 5477510.963065], [466824.795512, 5477518.634103], [466824.796711, 5477518.645903], [466826.619942, 5477536.289901], [466826.83341, 5477538.355835], [466828.489103, 5477557.586805], [466828.489402, 5477557.589705], [466828.490601, 5477557.603405], [466828.779268, 5477560.956035], [466828.781665, 5477560.984035], [466829.191991, 5477565.748479], [466829.904779, 5477574.867765], [466832.164278, 5477603.767614], [466833.112316, 5477636.827045], [466833.230945, 5477641.021509], [466834.059675, 5477670.358943], [466835.00644, 5477702.474132], [466834.535691, 5477728.921921], [466834.537327, 5477763.870468], [466833.593957, 5477794.096337], [466831.233765, 5477839.9076], [466826.51189, 5477902.248801], [466821.317442, 5477945.226123], [466817.067033, 5477980.174438], [466808.565935, 5478034.014458], [466800.536312, 5478079.589243], [466793.215266, 5478116.188705], [466790.144012, 5478131.540421], [466777.389413, 5478191.993883], [466774.330447, 5478203.845867], [466773.610782, 5478206.634934], [466769.833481, 5478223.165224], [466769.446158, 5478224.598858], [466765.111674, 5478240.640045], [466756.985734, 5478271.700778], [466751.890825, 5478291.17468], [466734.890159, 5478353.044442], [466734.185108, 5478355.695542], [466723.08386, 5478397.439194], [466719.771693, 5478409.032726], [466717.416898, 5478417.275412], [466701.833365, 5478471.116161], [466692.389351, 5478505.120553], [466681.528419, 5478550.932204], [466673.028004, 5478589.187402], [466666.416711, 5478619.650197], [466658.008577, 5478665.518445], [466656.027216, 5478676.326237], [466655.210071, 5478681.480273], [466649.887293, 5478715.054525], [466646.109546, 5478740.085825], [466641.387468, 5478780.23024], [466639.56711, 5478794.339882], [466639.264232, 5478796.687408], [466637.609653, 5478809.5121], [466636.413919, 5478825.679665], [466636.40482, 5478825.802468], [466636.276838, 5478827.532307], [466636.276338, 5478827.538907], [466636.270738, 5478827.615208], [466636.270339, 5478827.620409], [466633.62076, 5478855.508645], [466629.505768, 5478912.585511], [466627.643001, 5478952.84961], [466626.789749, 5479004.995108], [466627.101581, 5479063.197442], [466629.199043, 5479121.011473], [466633.238556, 5479174.321288], [466638.36409, 5479229.650805], [466638.873704, 5479233.792707], [466645.143416, 5479284.74694], [466653.607327, 5479346.716504], [466664.634072, 5479408.375177], [466677.834116, 5479471.121036], [466691.927642, 5479533.711644], [466706.836786, 5479596.224554], [466719.695516, 5479648.952777], [466734.65091, 5479709.523764], [466747.121502, 5479760.077434], [466761.173395, 5479816.358754], [466762.651537, 5479822.27916], [466778.105143, 5479884.558189], [466791.968289, 5479941.82746], [466793.143838, 5479946.838552], [466804.937969, 5479997.116524], [466816.587428, 5480048.406782], [466823.36041, 5480078.323818], [466829.32404, 5480104.666114], [466831.275344, 5480113.378217], [466831.661684, 5480115.103517], [466841.454957, 5480158.82977], [466854.11423, 5480215.244573], [466866.773319, 5480271.738602], [466869.359773, 5480283.242304], [466878.104065, 5480322.136802], [466890.374329, 5480377.854787], [466902.799096, 5480434.03956], [466913.117947, 5480480.924407], [466918.035856, 5480503.270513], [466930.539291, 5480560.697839], [466931.561678, 5480565.325689], [466940.905887, 5480607.626588], [466942.011112, 5480607.869412], [466949.281878, 5480609.509978], [467110.668741, 5480643.717135], [467163.527706, 5480652.393523], [467183.439632, 5480653.702992], [467256.720638, 5480657.092199], [467293.275638, 5480657.722032], [467330.820261, 5480655.593236], [467366.825553, 5480652.62448], [467402.710736, 5480647.137222], [467504.756738, 5480626.26716], [467653.312594, 5480589.910952], [467753.410162, 5480563.948362], [467791.776865, 5480551.461909], [467848.196405, 5480531.027462], [467855.563366, 5480527.718387], [467872.872838, 5480519.233703], [467889.784132, 5480509.980592], [467906.263663, 5480499.978489], [467919.873727, 5480490.923293], [467933.129058, 5480481.356213], [467946.010789, 5480471.291354], [467957.982642, 5480460.185316], [467969.839062, 5480448.95623], [467981.578831, 5480437.60543], [468021.643151, 5480397.025724], [468060.217261, 5480355.030366], [468097.252774, 5480311.66959], [468146.870761, 5480244.842848], [468157.724007, 5480230.083317], [468168.409242, 5480215.20177], [468178.925078, 5480200.200251], [468193.933445, 5480178.195344], [468208.577752, 5480155.945729], [468222.853569, 5480133.457545], [468233.268731, 5480116.744074], [468286.474538, 5480035.243517], [468325.798944, 5479967.719777], [468364.112162, 5479897.977021], [468398.410913, 5479827.016213], [468439.125278, 5479737.382036], [468478.807002, 5479647.10659], [468487.303281, 5479629.263213], [468498.339884, 5479604.282746], [468526.816393, 5479539.830029], [468527.272294, 5479538.774441], [468550.93677, 5479483.985291], [468560.253701, 5479462.414046], [468592.283321, 5479389.724277], [468593.630561, 5479386.666851], [468609.290357, 5479351.480065], [468620.010609, 5479327.391884], [468639.742754, 5479289.397384], [468661.124578, 5479252.361972], [468680.811139, 5479220.165995], [468683.446273, 5479215.856291], [468706.907147, 5479181.509868], [468711.127847, 5479177.119159], [468735.67614, 5479151.58142], [468735.681941, 5479151.57792], [468797.632455, 5479114.065852], [468780.858158, 5479070.232705], [468777.589511, 5479061.695933], [468773.91105, 5479052.399545], [468815.924649, 5479016.213097], [468826.099616, 5479006.185779], [468896.064004, 5478937.23745], [468913.636245, 5478919.920452], [468986.119041, 5478860.153784], [469017.8162, 5478835.680791], [469055.862653, 5478806.305314], [469066.188915, 5478797.058943], [469084.062394, 5478781.075394], [469095.008213, 5478771.279538], [469101.465721, 5478765.491979], [469117.169516, 5478751.447907], [469161.289583, 5478721.257399], [469167.070848, 5478717.301292], [469263.834582, 5478673.350377], [469273.198054, 5478669.318707], [469370.02422, 5478627.63006], [469446.821613, 5478610.694862], [469472.42306, 5478605.049378], [469475.002951, 5478604.480427], [469570.789783, 5478594.270985], [469574.513763, 5478593.873982], [469580.071431, 5478593.284177], [469584.242806, 5478592.838366]]]}}, {"type": "Feature", "properties": {"code": "102", "name": "Hochst\u00e4tt", "id_name": "102 Hochst\u00e4tt"}, "geometry": {"type": "Polygon", "coordinates": [[[466636.270339, 5478827.620409], [466636.270738, 5478827.615208], [466636.276338, 5478827.538907], [466636.276838, 5478827.532307], [466636.40482, 5478825.802468], [466636.413919, 5478825.679665], [466637.609653, 5478809.5121], [466639.264232, 5478796.687408], [466639.56711, 5478794.339882], [466641.387468, 5478780.23024], [466646.109546, 5478740.085825], [466649.887293, 5478715.054525], [466655.210071, 5478681.480273], [466656.027216, 5478676.326237], [466658.008577, 5478665.518445], [466666.416711, 5478619.650197], [466673.028004, 5478589.187402], [466681.528419, 5478550.932204], [466692.389351, 5478505.120553], [466701.833365, 5478471.116161], [466717.416898, 5478417.275412], [466719.771693, 5478409.032726], [466723.08386, 5478397.439194], [466734.185108, 5478355.695542], [466734.890159, 5478353.044442], [466751.890825, 5478291.17468], [466756.985734, 5478271.700778], [466765.111674, 5478240.640045], [466769.446158, 5478224.598858], [466769.833481, 5478223.165224], [466773.610782, 5478206.634934], [466774.330447, 5478203.845867], [466777.389413, 5478191.993883], [466790.144012, 5478131.540421], [466793.215266, 5478116.188705], [466800.536312, 5478079.589243], [466808.565935, 5478034.014458], [466817.067033, 5477980.174438], [466821.317442, 5477945.226123], [466826.51189, 5477902.248801], [466831.233765, 5477839.9076], [466833.593957, 5477794.096337], [466834.537327, 5477763.870468], [466834.535691, 5477728.921921], [466835.00644, 5477702.474132], [466834.059675, 5477670.358943], [466833.230945, 5477641.021509], [466833.112316, 5477636.827045], [466832.164278, 5477603.767614], [466829.904779, 5477574.867765], [466829.191991, 5477565.748479], [466828.781665, 5477560.984035], [466828.779268, 5477560.956035], [466828.490601, 5477557.603405], [466828.489402, 5477557.589705], [466828.489103, 5477557.586805], [466826.83341, 5477538.355835], [466826.619942, 5477536.289901], [466824.796711, 5477518.645903], [466824.795512, 5477518.634103], [466824.002764, 5477510.963065], [466822.272588, 5477492.610699], [466821.643017, 5477485.932286], [466820.991194, 5477480.062962], [466819.474464, 5477466.40545], [466818.434346, 5477457.039324], [466818.338799, 5477456.178806], [466817.575025, 5477450.906891], [466816.476097, 5477443.32082], [466815.84257, 5477438.947018], [466815.259422, 5477434.921922], [466814.723655, 5477431.223332], [466814.723155, 5477431.220132], [466814.706755, 5477431.229432], [466740.752464, 5477473.64719], [466726.896015, 5477481.604125], [466628.407109, 5477538.162246], [466564.137674, 5477574.986499], [466500.913737, 5477611.446928], [466494.084256, 5477615.385469], [466436.446254, 5477648.499748], [466427.039865, 5477653.90812], [466421.00247, 5477657.379343], [466420.36587, 5477657.745356], [466414.332966, 5477661.214081], [466373.903261, 5477684.459265], [466306.090534, 5477723.428939], [466245.917262, 5477757.979159], [466178.215222, 5477796.865734], [466117.931533, 5477831.49875], [466110.223375, 5477835.927077], [466068.319618, 5477860.001021], [466021.750759, 5477886.73479], [465967.139647, 5477918.135954], [465962.555884, 5477920.772384], [465897.134462, 5477958.402696], [465845.058307, 5477988.285101], [465791.751524, 5478018.941015], [465775.204396, 5478028.417913], [465752.838244, 5478041.228126], [465708.494996, 5478066.74705], [465661.683653, 5478093.646684], [465648.578733, 5478101.172861], [465620.229763, 5478117.453581], [465580.226776, 5478140.385474], [465532.671071, 5478167.76962], [465525.83895, 5478171.70391], [465489.411593, 5478192.666043], [465468.07315, 5478204.886016], [465468.05755, 5478204.894916], [465449.721587, 5478215.395727], [465349.535913, 5478272.970183], [465270.491183, 5478318.415876], [465246.882861, 5478331.989483], [465139.67414, 5478393.612241], [465077.988594, 5478429.063942], [465018.711078, 5478463.127271], [464951.36944, 5478501.793129], [464938.725172, 5478509.051308], [464938.670973, 5478509.08231], [464891.175752, 5478536.344955], [464832.750063, 5478569.928697], [464790.490598, 5478594.177252], [464739.575341, 5478623.45294], [464705.64925, 5478642.978915], [464705.593851, 5478643.010815], [464702.81722, 5478644.608746], [464677.011636, 5478659.439628], [464670.961034, 5478662.970147], [464668.938869, 5478664.150153], [464666.714508, 5478665.41746], [464666.707908, 5478665.42126], [464653.962455, 5478672.683399], [464649.448958, 5478675.267488], [464649.236063, 5478675.389487], [464649.222264, 5478675.397387], [464649.79898, 5478676.801388], [464652.574266, 5478683.558792], [464665.451362, 5478714.81221], [464666.79432, 5478718.071701], [464669.029108, 5478723.001587], [464675.051545, 5478736.287251], [464682.423168, 5478752.549206], [464694.332803, 5478778.439136], [464705.522311, 5478801.351188], [464708.235634, 5478806.907199], [464713.351476, 5478817.382616], [464720.977429, 5478832.596754], [464734.266608, 5478859.109255], [464753.112027, 5478894.209337], [464775.891085, 5478936.350005], [464801.486486, 5478984.081801], [464846.82733, 5479067.949355], [464850.490978, 5479074.820126], [464855.697441, 5479084.58397], [464877.910682, 5479126.242381], [464920.321624, 5479205.088345], [464961.686066, 5479281.551853], [464966.571303, 5479290.654041], [464999.168542, 5479351.390344], [465034.778088, 5479414.892706], [465047.775039, 5479438.069974], [465094.713897, 5479518.623982], [465108.79552, 5479544.301937], [465108.90692, 5479544.248034], [465185.430677, 5479507.187162], [465233.623118, 5479485.01405], [465337.749002, 5479437.105072], [465386.036712, 5479414.887728], [465415.34359, 5479401.403516], [465575.751553, 5479328.1303], [465654.669318, 5479292.08247], [465767.364117, 5479240.604791], [465861.898182, 5479197.464051], [466079.05715, 5479098.36388], [466149.102584, 5479065.602768], [466212.549948, 5479035.870495], [466280.346703, 5479003.86553], [466339.793029, 5478975.909016], [466380.736428, 5478956.7468], [466413.2756, 5478940.205714], [466466.805755, 5478913.268665], [466479.784995, 5478906.776022], [466540.975436, 5478876.166744], [466575.343707, 5478858.69368], [466636.270339, 5478827.620409]]]}}, {"type": "Feature", "properties": {"code": "110", "name": "Friedrichsfeld", "id_name": "110 Friedrichsfeld"}, "geometry": {"type": "Polygon", "coordinates": [[[469546.408258, 5477334.653111], [469495.377211, 5477245.139954], [469471.117204, 5477201.596036], [469445.767532, 5477158.641925], [469435.581501, 5477140.218776], [469431.612761, 5477132.765262], [469428.53422, 5477126.983797], [469427.570085, 5477122.417789], [469425.395299, 5477112.119325], [469427.534467, 5477106.021719], [469427.824233, 5477100.97361], [469419.027482, 5477080.631164], [469401.17395, 5477050.113032], [469401.17725, 5477050.113532], [469407.575288, 5477051.061246], [469407.634089, 5477051.069947], [469411.769877, 5477051.682618], [469414.528835, 5477052.102464], [469414.580036, 5477052.110165], [469435.750758, 5477055.311404], [469452.714271, 5477057.87068], [469508.622551, 5477024.73439], [469527.115022, 5477013.778771], [469530.946372, 5477011.507355], [469531.587063, 5477011.127553], [469533.252543, 5477010.140246], [469546.807001, 5477033.390861], [469549.255972, 5477031.941444], [469589.839166, 5477007.960633], [469591.133145, 5477007.195617], [469634.021241, 5476981.840494], [469634.157256, 5476981.760293], [469636.240574, 5476980.530986], [469610.913032, 5476941.556907], [469614.048368, 5476939.298274], [469615.811407, 5476938.028255], [469620.399513, 5476940.687101], [469620.79932, 5476940.717096], [469621.079225, 5476940.737093], [469633.331849, 5476941.624088], [469657.386159, 5476943.365261], [469659.086759, 5476918.484988], [469660.417009, 5476899.042629], [469662.737264, 5476865.135782], [469663.636413, 5476852.016662], [469667.35824, 5476797.719509], [469667.429193, 5476796.675843], [469667.558122, 5476794.780509], [469667.980316, 5476788.570027], [469668.118047, 5476786.544299], [469676.958339, 5476786.541046], [469677.105042, 5476786.54105], [469682.79396, 5476786.539298], [469786.703132, 5476786.50608], [469786.773094, 5476782.59774], [469786.901626, 5476775.49315], [469787.238944, 5476756.842932], [469787.341188, 5476751.192816], [469787.362077, 5476750.039433], [469787.662204, 5476733.448177], [469787.795374, 5476726.219828], [469787.941942, 5476718.264594], [469788.142098, 5476707.105727], [469788.224793, 5476702.501405], [469788.910353, 5476664.316116], [469788.954376, 5476661.864317], [469789.517247, 5476630.483356], [469789.621087, 5476624.693074], [469805.107551, 5476623.537653], [469806.553266, 5476623.429741], [469841.537484, 5476620.819968], [469843.490334, 5476620.674275], [469924.15012, 5476614.596412], [469926.009447, 5476614.456512], [469926.809083, 5476610.40811], [469943.651911, 5476525.402418], [469963.343884, 5476424.193396], [469982.975738, 5476322.983208], [470003.175783, 5476219.786981], [470003.976321, 5476215.697393], [470008.683988, 5476191.237732], [470027.585327, 5476093.808375], [470057.481409, 5475919.062809], [470059.296388, 5475908.40483], [470086.926328, 5475746.146166], [470096.781499, 5475688.210293], [470091.6932, 5475681.343268], [470077.774174, 5475662.549525], [470070.030196, 5475652.093619], [470070.010395, 5475652.06682], [470065.551931, 5475646.039623], [470057.094901, 5475634.624892], [470053.767816, 5475630.132591], [470052.481185, 5475628.395529], [470043.479994, 5475616.242704], [470039.001616, 5475610.195343], [470036.965584, 5475607.440907], [470036.452576, 5475606.746824], [470001.280266, 5475555.946666], [469996.731098, 5475549.375894], [469944.940325, 5475474.574872], [469940.941981, 5475468.80712], [469939.252706, 5475466.377957], [469931.67404, 5475455.474679], [469926.627869, 5475448.214892], [469846.35021, 5475331.868996], [469844.644218, 5475329.398044], [469842.381831, 5475326.121182], [469840.662442, 5475323.652138], [469842.761617, 5475319.763601], [469755.337506, 5475193.693322], [469875.899396, 5475123.170611], [469862.344607, 5475103.348097], [469853.198327, 5475089.97331], [469844.271964, 5475076.91859], [469837.144945, 5475066.502878], [469835.60558, 5475064.253797], [469828.658512, 5475054.097982], [469821.681409, 5475043.902168], [469814.844168, 5475033.916208], [469808.186814, 5475024.179963], [469801.669481, 5475014.663674], [469795.69196, 5475005.927239], [469795.202068, 5475005.207438], [469788.51488, 5474995.431455], [469775.080496, 5474975.799384], [469768.433397, 5474966.083211], [469767.73362, 5474965.0636], [469763.605462, 5474959.025938], [469724.011945, 5474956.628299], [469641.307137, 5474950.985178], [469533.351389, 5474929.604961], [469385.764015, 5474830.072609], [469382.907549, 5474828.146291], [469381.109909, 5474826.933216], [469377.589534, 5474824.557571], [469363.624769, 5474815.150793], [469295.231402, 5474775.565322], [469226.838524, 5474735.989915], [469225.968817, 5474735.490103], [469192.741662, 5474716.327458], [469159.394424, 5474697.104849], [469158.777914, 5474696.748539], [469158.750914, 5474696.732939], [469154.206465, 5474694.106037], [469144.140272, 5474688.301298], [469132.554891, 5474681.620498], [469123.318545, 5474676.30244], [469113.852216, 5474670.844357], [469047.346247, 5474632.490261], [469048.506945, 5474622.31714], [469062.070688, 5474503.461558], [469067.278752, 5474457.678264], [469067.279652, 5474457.670264], [469068.908097, 5474443.355298], [469069.211028, 5474440.133483], [469070.87726, 5474422.407985], [469072.405179, 5474406.155374], [469078.173753, 5474344.793398], [469076.273508, 5474313.869766], [469074.756947, 5474289.189958], [469070.696782, 5474223.121566], [469063.901922, 5474148.585121], [469062.883481, 5474137.41208], [469062.829185, 5474136.815778], [469060.817711, 5474114.776699], [469056.151096, 5474063.654753], [469056.016178, 5474052.662295], [469055.360573, 5473999.230247], [469055.205324, 5473987.148404], [469053.958747, 5473890.173394], [469054.442287, 5473884.728976], [469065.807351, 5473756.726356], [468952.450894, 5473783.459601], [468933.405148, 5473787.951085], [468931.10144, 5473788.676707], [468909.76541, 5473795.397615], [468896.570721, 5473799.565885], [468884.378043, 5473803.407346], [468862.68333, 5473810.242414], [468791.301642, 5473832.751737], [468789.71145, 5473833.253242], [468732.046545, 5473843.281827], [468703.715786, 5473848.208567], [468689.180515, 5473850.736401], [468639.500122, 5473859.860133], [468592.836709, 5473868.429494], [468526.113068, 5473888.441068], [468513.927887, 5473892.099633], [468555.816567, 5474021.350422], [468555.832468, 5474021.399423], [468555.408362, 5474021.379625], [468522.6853, 5474019.849921], [468477.531081, 5474017.73916], [468399.893125, 5474014.109875], [468173.588831, 5474003.893539], [468105.845999, 5474000.835537], [468055.753704, 5473998.573931], [468038.203768, 5473997.781563], [468018.233082, 5473996.879791], [468015.486383, 5473996.755311], [468015.408283, 5473996.751809], [467879.657217, 5473990.599833], [467732.084477, 5473983.939646], [467549.824382, 5473975.739727], [467423.521082, 5473970.009342], [467388.331759, 5473968.45074], [467325.086924, 5473965.649284], [467323.21397, 5473965.564154], [467271.606703, 5473963.219563], [467269.862944, 5473963.140636], [467269.786741, 5473963.137235], [467256.782096, 5473962.549633], [467237.684911, 5473961.682576], [467228.175567, 5473961.250842], [467212.079944, 5473960.520185], [467187.170886, 5473959.380302], [467185.118918, 5473973.313436], [467177.69799, 5474020.163885], [467170.614268, 5474058.924585], [467163.197126, 5474094.989532], [467155.110746, 5474132.741298], [467150.058139, 5474154.651452], [467140.940286, 5474191.977587], [467140.852918, 5474192.34199], [467165.609027, 5474249.101504], [467177.799351, 5474281.460061], [467188.195428, 5474309.301857], [467204.462017, 5474352.302446], [467205.328266, 5474354.684379], [467213.990641, 5474387.228413], [467227.045765, 5474436.786121], [467236.549469, 5474477.18763], [467236.673176, 5474478.177536], [467238.938007, 5474486.104389], [467244.965403, 5474507.194923], [467252.652847, 5474532.221844], [467265.091518, 5474556.90872], [467267.319385, 5474561.301511], [467284.398671, 5474587.937138], [467312.317992, 5474630.535241], [467339.472181, 5474670.93734], [467369.549632, 5474715.764363], [467395.386753, 5474755.548049], [467413.608842, 5474784.101854], [467429.696581, 5474810.273601], [467450.597877, 5474845.076438], [467452.454209, 5474848.262782], [467473.553717, 5474880.188505], [467481.201629, 5474891.758407], [467481.82028, 5474892.748324], [467495.061498, 5474909.825057], [467505.901981, 5474923.838827], [467530.961501, 5474951.062124], [467575.666209, 5474999.5385], [467587.67422, 5475012.524031], [467602.327489, 5475028.370213], [467634.990152, 5475064.256323], [467641.542466, 5475070.93867], [467660.847121, 5475099.338335], [467675.951907, 5475121.4655], [467679.432318, 5475126.570016], [467695.023913, 5475142.812132], [467723.533986, 5475172.743812], [467751.700475, 5475202.305899], [467779.067979, 5475231.010711], [467795.888606, 5475248.693398], [467805.493918, 5475258.857539], [467829.956944, 5475284.568231], [467832.730846, 5475295.480403], [467836.680623, 5475311.01826], [467844.476269, 5475340.900578], [467853.153701, 5475374.470748], [467861.961734, 5475408.134872], [467871.706272, 5475445.39575], [467879.826608, 5475476.462308], [467886.137453, 5475500.638071], [467889.844836, 5475514.141197], [467903.626155, 5475534.92978], [467923.157146, 5475564.883029], [467924.966858, 5475567.760133], [467930.888119, 5475594.766376], [467939.240672, 5475632.167069], [467944.424596, 5475654.63491], [467946.103583, 5475661.911422], [467950.697468, 5475681.56316], [467956.729957, 5475706.319453], [467957.699337, 5475707.673201], [467965.634498, 5475718.755757], [467998.543108, 5475728.222361], [468007.75868, 5475738.871948], [468011.84204, 5475751.122294], [468015.554074, 5475774.161459], [468020.983348, 5475804.06848], [468025.819049, 5475832.467222], [468030.134796, 5475858.800934], [468033.98626, 5475879.983937], [468036.724058, 5475895.575513], [468037.095267, 5475912.326953], [468037.930586, 5475949.728053], [468038.812377, 5475987.036421], [468039.693921, 5476020.79501], [468040.529908, 5476058.10321], [468041.365474, 5476095.271968], [468041.586087, 5476102.708379], [468042.479108, 5476132.811941], [468043.360816, 5476162.649212], [468044.149864, 5476196.314603], [468045.21748, 5476230.026366], [468046.331611, 5476267.24162], [468047.301382, 5476300.814171], [468048.368863, 5476336.498141], [468049.436643, 5476370.349094], [468050.597167, 5476404.29297], [468051.73868, 5476436.27697], [468051.757289, 5476436.798371], [468053.057228, 5476467.888324], [468054.263994, 5476501.41411], [468055.192012, 5476528.675443], [468056.677688, 5476565.426498], [468058.673265, 5476610.947755], [468060.065994, 5476644.519917], [468060.576542, 5476652.59386], [468061.45832, 5476662.291867], [468062.711566, 5476675.330799], [468063.082831, 5476678.509336], [468064.428693, 5476686.258486], [468065.264073, 5476690.063513], [468066.424266, 5476694.425331], [468067.120413, 5476696.60619], [468070.043866, 5476703.659364], [468071.598438, 5476707.093103], [468077.07439, 5476717.115892], [468079.898458, 5476721.949671], [468085.935372, 5476732.282084], [468089.789675, 5476738.878698], [468104.431132, 5476763.378852], [468105.858099, 5476765.737882], [468112.49219, 5476777.590137], [468113.723828, 5476779.790379], [468121.404861, 5476792.533815], [468123.374151, 5476796.139881], [468126.320165, 5476804.388198], [468127.596584, 5476807.530539], [468130.2475, 5476818.135842], [468131.622013, 5476826.482678], [468131.818071, 5476840.230274], [468131.228641, 5476847.595079], [468129.460908, 5476857.709352], [468109.72282, 5476913.632134], [468086.45946, 5476980.40532], [468084.95332, 5476985.578513], [468075.95246, 5477016.492356], [468073.79208, 5477036.720628], [468074.184958, 5477060.925859], [468075.85432, 5477103.738847], [468077.916591, 5477155.389376], [468080.863557, 5477232.766734], [468081.59463, 5477251.125721], [468084.007447, 5477311.714653], [468086.366161, 5477375.736426], [468088.396968, 5477426.51356], [468089.511059, 5477454.389272], [468092.945518, 5477532.16346], [468096.381908, 5477612.68555], [468099.917941, 5477691.635567], [468100.456265, 5477702.897966], [468100.704162, 5477708.083465], [468139.100776, 5477775.348012], [468139.981665, 5477776.862527], [468156.288353, 5477804.903663], [468157.771161, 5477807.453584], [468165.752543, 5477821.1787], [468180.357744, 5477846.295491], [468185.846734, 5477855.737612], [468217.862787, 5477910.810778], [468220.120858, 5477915.082389], [468221.195156, 5477914.462602], [468286.444195, 5477876.828518], [468288.90001, 5477875.412146], [468360.867788, 5477833.744548], [468368.771597, 5477829.16841], [468376.370494, 5477824.768618], [468393.881398, 5477814.630014], [468475.645965, 5477767.212736], [468503.770696, 5477750.902304], [468585.968609, 5477703.278285], [468653.623704, 5477663.97933], [468691.111847, 5477642.203017], [468702.179812, 5477635.82037], [468717.162996, 5477627.179945], [468774.550191, 5477594.086146], [468856.226158, 5477546.736538], [468872.109943, 5477537.528451], [468875.928918, 5477535.314654], [468992.272014, 5477468.000743], [469105.885842, 5477402.112744], [469224.941045, 5477333.232896], [469227.43291, 5477331.807012], [469229.388229, 5477335.163706], [469241.416288, 5477355.813055], [469272.368666, 5477408.950432], [469434.807068, 5477688.409311], [469439.711087, 5477696.846042], [469442.379158, 5477701.436273], [469549.763226, 5477886.1813], [469561.033123, 5477905.569963], [469589.387283, 5477954.351976], [469589.775291, 5477955.0196], [469591.844344, 5477958.579168], [469591.846744, 5477958.583268], [469592.178753, 5477959.154379], [469656.908114, 5478070.515388], [469729.156332, 5478194.814131], [469730.652979, 5478197.388924], [469732.604429, 5478200.746351], [469748.418802, 5478227.954548], [469755.91344, 5478240.849291], [469807.267437, 5478328.980065], [469807.350937, 5478329.123263], [469812.104461, 5478337.280798], [469818.628721, 5478348.477118], [469826.912746, 5478343.385755], [469842.955402, 5478335.088058], [469853.497946, 5478329.12241], [469928.80833, 5478286.505892], [469937.244923, 5478281.73184], [470001.291402, 5478245.249671], [470036.893192, 5478224.971003], [470056.770598, 5478213.574529], [470056.944399, 5478213.480423], [470057.0539, 5478213.421019], [470056.715904, 5478212.755621], [470055.98891, 5478211.592928], [470025.161376, 5478162.287575], [470019.810546, 5478153.729735], [470010.544256, 5478143.104071], [470001.29096, 5478127.08587], [469962.153376, 5478059.337405], [469932.145103, 5478007.29805], [469902.326493, 5477955.337511], [469872.48708, 5477903.346156], [469843.007739, 5477853.724921], [469840.648407, 5477843.298865], [469815.457656, 5477798.195801], [469784.7989, 5477745.675591], [469754.330378, 5477693.875442], [469724.69124, 5477641.724759], [469709.266964, 5477616.874352], [469698.810886, 5477600.410643], [469670.521688, 5477548.091521], [469655.147591, 5477518.733829], [469647.020753, 5477503.840278], [469636.56489, 5477486.597913], [469621.25091, 5477460.899323], [469596.470019, 5477417.56738], [469570.799861, 5477374.815501], [469546.408258, 5477334.653111]]]}}, {"type": "Feature", "properties": {"code": "121", "name": "K\u00e4fertal-Mitte", "id_name": "121 K\u00e4fertal-Mitte"}, "geometry": {"type": "Polygon", "coordinates": [[[463873.943743, 5484800.339114], [463873.962043, 5484800.372015], [463873.970943, 5484800.387915], [463884.894658, 5484819.952569], [463889.661326, 5484827.559243], [463891.025809, 5484829.736526], [463893.126985, 5484833.08985], [463896.592651, 5484838.62024], [463899.10113, 5484842.623267], [463910.889501, 5484857.736811], [463919.957531, 5484867.107242], [463930.839312, 5484877.081984], [463936.818971, 5484881.068445], [463936.952372, 5484881.157446], [463942.627831, 5484884.941143], [463952.644145, 5484891.121537], [463956.834375, 5484893.707016], [463958.888389, 5484894.54385], [463966.022633, 5484897.45047], [463973.156967, 5484900.357092], [463981.911502, 5484903.327537], [463990.083813, 5484906.100366], [464010.940044, 5484911.54132], [464026.960137, 5484917.284457], [464037.841583, 5484921.818457], [464058.956331, 5484931.691141], [464061.11612, 5484932.700926], [464064.800996, 5484934.913877], [464084.269714, 5484946.606072], [464088.294533, 5484948.987538], [464104.418416, 5484958.52791], [464120.542245, 5484968.068496], [464148.350932, 5484984.694206], [464150.893732, 5484986.219922], [464153.43613, 5484987.745435], [464174.043453, 5485000.109816], [464174.44305, 5485000.376212], [464175.270344, 5485000.927706], [464198.544004, 5485016.443044], [464199.433371, 5485017.035893], [464219.080085, 5485031.845744], [464240.238187, 5485048.469462], [464261.991209, 5485066.486373], [464270.162415, 5485073.254316], [464292.228103, 5485093.807637], [464304.620901, 5485106.502398], [464315.86618, 5485120.047609], [464317.920635, 5485122.522357], [464325.277581, 5485131.166669], [464330.584083, 5485137.401833], [464338.973652, 5485147.259418], [464342.101611, 5485150.934638], [464356.59376, 5485168.56052], [464367.491779, 5485181.815141], [464402.554661, 5485227.758753], [464409.660635, 5485234.94385], [464424.583683, 5485250.03296], [464430.468712, 5485255.983469], [464449.081402, 5485274.802669], [464449.803601, 5485275.532846], [464459.552667, 5485285.389937], [464461.610254, 5485287.470372], [464474.105425, 5485300.104075], [464474.165524, 5485300.164773], [464475.031712, 5485301.040446], [464475.097611, 5485301.107144], [464502.98647, 5485280.11676], [464532.945699, 5485259.351811], [464608.881648, 5485213.371331], [464608.906148, 5485213.35703], [464608.937747, 5485213.338729], [464610.771898, 5485212.268454], [464610.839496, 5485212.228951], [464611.773871, 5485211.683713], [464626.45978, 5485203.114054], [464654.265868, 5485188.340572], [464655.453837, 5485187.709435], [464656.214217, 5485187.305312], [464692.47763, 5485171.031739], [464793.510219, 5485128.995435], [464819.865725, 5485118.030078], [464922.61293, 5485073.862537], [465022.479351, 5485029.198902], [465033.294626, 5485024.362046], [465107.649425, 5484991.109082], [465178.268851, 5484957.501359], [465218.170064, 5484938.512009], [465233.170645, 5484931.372823], [465291.293858, 5484896.499344], [465330.018037, 5484869.041027], [465368.011033, 5484842.10112], [465383.631089, 5484829.930141], [465403.811365, 5484814.206028], [465408.271973, 5484810.466571], [465412.734576, 5484806.725415], [465449.840034, 5484775.618525], [465466.350479, 5484760.399358], [465479.596415, 5484748.18916], [465528.971639, 5484697.28173], [465562.446563, 5484659.623203], [465585.227732, 5484629.868071], [465608.008707, 5484600.11342], [465622.392964, 5484579.893412], [465640.089684, 5484555.016857], [465663.520124, 5484519.96653], [465665.325252, 5484517.266347], [465690.305965, 5484479.897105], [465698.206355, 5484468.078561], [465708.162091, 5484453.515248], [465726.309491, 5484426.969857], [465754.41313, 5484385.861707], [465754.420931, 5484385.850408], [465754.440432, 5484385.821709], [465748.943624, 5484381.577114], [465740.324695, 5484374.921142], [465736.420517, 5484371.906032], [465716.473713, 5484356.348535], [465693.08109, 5484338.054265], [465628.84739, 5484287.915936], [465616.714742, 5484278.483757], [465615.915659, 5484277.862658], [465593.322048, 5484260.297843], [465576.770542, 5484247.429976], [465543.083068, 5484220.948325], [465542.369774, 5484220.38751], [465541.759479, 5484219.917499], [465527.185045, 5484208.690429], [465526.744345, 5484208.350821], [465494.029237, 5484183.149615], [465422.464919, 5484127.266134], [465417.075696, 5484123.084037], [465326.059886, 5484052.456211], [465317.194971, 5484045.576985], [465306.417037, 5484037.633611], [465305.369325, 5484036.861375], [465293.407009, 5484029.00015], [465283.126444, 5484023.030714], [465282.811838, 5484022.848008], [465275.176775, 5484018.775944], [465272.558316, 5484017.379382], [465258.203367, 5484010.543487], [465250.961778, 5484007.74546], [465245.044616, 5484005.459162], [465243.293667, 5484004.814101], [465240.174179, 5484003.664691], [465229.900282, 5484000.395522], [465228.895473, 5484000.075796], [465227.665661, 5483999.729965], [465220.692791, 5483997.768587], [465214.018521, 5483996.14062], [465210.183078, 5483995.205024], [465194.290303, 5483992.385038], [465189.804452, 5483991.744131], [465185.31862, 5483991.103189], [465179.038383, 5483990.590294], [465172.758247, 5483990.077498], [465163.273901, 5483989.820908], [465149.688339, 5483989.564195], [465132.386667, 5483989.819942], [465115.083394, 5483990.075838], [465075.864618, 5483991.612889], [465043.869359, 5483993.045266], [465043.694861, 5483993.053064], [465041.516585, 5483993.150542], [465011.769393, 5483994.273554], [464980.468138, 5483995.584778], [464973.389063, 5483995.881358], [464959.882193, 5483996.44741], [464953.447799, 5483996.715583], [464933.803054, 5483997.534436], [464904.352791, 5483998.804591], [464904.309691, 5483998.806492], [464904.246792, 5483998.809193], [464870.777642, 5484000.252454], [464837.192072, 5484001.53002], [464833.223129, 5484001.680936], [464827.909506, 5484001.883057], [464792.050116, 5484003.241603], [464768.181893, 5484003.638325], [464749.438202, 5484003.94992], [464666.905904, 5484005.321381], [464644.809502, 5484005.688668], [464628.919115, 5484005.256512], [464604.875345, 5484004.602026], [464593.856802, 5484003.606238], [464566.538664, 5484001.137702], [464565.390655, 5484001.033894], [464559.778909, 5484000.52685], [464528.503352, 5483996.343054], [464516.113289, 5483994.640826], [464444.757127, 5483981.951451], [464444.727127, 5483981.94615], [464408.631899, 5483975.527168], [464390.313879, 5483972.269578], [464382.830986, 5483970.811317], [464379.075899, 5483970.079465], [464308.054231, 5483956.238104], [464280.073251, 5483949.716787], [464261.328645, 5483944.010669], [464242.855685, 5483938.03296], [464220.864519, 5483928.934203], [464220.584314, 5483928.786907], [464203.735915, 5483919.934712], [464186.887746, 5483911.08283], [464162.700119, 5483895.536587], [464142.543478, 5483881.141031], [464122.388142, 5483866.745715], [464077.34244, 5483831.555361], [464067.103693, 5483823.556811], [464033.125309, 5483796.203911], [463999.148302, 5483768.851086], [463942.710712, 5483725.661794], [463913.546734, 5483708.097298], [463913.524035, 5483708.083598], [463913.515735, 5483708.078597], [463913.504236, 5483708.071697], [463913.499736, 5483708.068997], [463893.867879, 5483737.063578], [463881.812484, 5483755.93174], [463866.913379, 5483778.26014], [463855.966339, 5483792.552295], [463855.960339, 5483792.560094], [463842.141671, 5483810.752688], [463834.115922, 5483821.105612], [463833.004941, 5483822.538687], [463824.219874, 5483833.513785], [463793.485686, 5483870.899426], [463761.121635, 5483909.346475], [463735.463046, 5483939.899555], [463720.075288, 5483958.247636], [463692.669323, 5483990.889174], [463671.383167, 5484016.346729], [463643.421004, 5484049.569803], [463618.064658, 5484079.845909], [463603.332163, 5484097.092506], [463593.58806, 5484108.576788], [463593.58626, 5484108.579288], [463593.440259, 5484108.793182], [463592.686953, 5484109.897453], [463592.676653, 5484109.912553], [463583.264756, 5484123.705231], [463582.696249, 5484124.538302], [463558.064747, 5484158.366737], [463541.706744, 5484181.019817], [463532.542774, 5484193.438398], [463526.299546, 5484201.317822], [463502.406439, 5484231.465195], [463479.368873, 5484260.927213], [463471.070103, 5484270.947842], [463439.793886, 5484310.344114], [463407.604992, 5484350.931808], [463389.73585, 5484373.463635], [463372.982694, 5484394.364921], [463336.163724, 5484440.299775], [463336.123225, 5484440.350375], [463378.727471, 5484465.745761], [463431.38092, 5484495.608424], [463526.399493, 5484554.591199], [463535.259008, 5484560.129953], [463628.41851, 5484618.369436], [463664.7304, 5484641.086146], [463680.322326, 5484650.840404], [463740.223378, 5484688.313988], [463799.548781, 5484726.983952], [463819.586692, 5484740.045037], [463824.157911, 5484743.072349], [463828.381034, 5484745.869153], [463836.132892, 5484751.710667], [463844.153343, 5484757.754701], [463852.475401, 5484764.025798], [463853.845781, 5484765.624503], [463857.842432, 5484771.676831], [463873.943743, 5484800.339114]]]}}, {"type": "Feature", "properties": {"code": "122", "name": "Speckweggebiet", "id_name": "122 Speckweggebiet"}, "geometry": {"type": "Polygon", "coordinates": [[[464475.097611, 5485301.107144], [464475.031712, 5485301.040446], [464474.165524, 5485300.164773], [464474.105425, 5485300.104075], [464461.610254, 5485287.470372], [464459.552667, 5485285.389937], [464449.803601, 5485275.532846], [464449.081402, 5485274.802669], [464430.468712, 5485255.983469], [464424.583683, 5485250.03296], [464409.660635, 5485234.94385], [464402.554661, 5485227.758753], [464367.491779, 5485181.815141], [464356.59376, 5485168.56052], [464342.101611, 5485150.934638], [464338.973652, 5485147.259418], [464330.584083, 5485137.401833], [464325.277581, 5485131.166669], [464317.920635, 5485122.522357], [464315.86618, 5485120.047609], [464304.620901, 5485106.502398], [464292.228103, 5485093.807637], [464270.162415, 5485073.254316], [464261.991209, 5485066.486373], [464240.238187, 5485048.469462], [464219.080085, 5485031.845744], [464199.433371, 5485017.035893], [464198.544004, 5485016.443044], [464175.270344, 5485000.927706], [464174.44305, 5485000.376212], [464174.043453, 5485000.109816], [464153.43613, 5484987.745435], [464150.893732, 5484986.219922], [464148.350932, 5484984.694206], [464120.542245, 5484968.068496], [464104.418416, 5484958.52791], [464088.294533, 5484948.987538], [464084.269714, 5484946.606072], [464064.800996, 5484934.913877], [464061.11612, 5484932.700926], [464058.956331, 5484931.691141], [464037.841583, 5484921.818457], [464026.960137, 5484917.284457], [464010.940044, 5484911.54132], [463990.083813, 5484906.100366], [463981.911502, 5484903.327537], [463973.156967, 5484900.357092], [463966.022633, 5484897.45047], [463958.888389, 5484894.54385], [463956.834375, 5484893.707016], [463952.644145, 5484891.121537], [463942.627831, 5484884.941143], [463936.952372, 5484881.157446], [463936.818971, 5484881.068445], [463930.839312, 5484877.081984], [463919.957531, 5484867.107242], [463910.889501, 5484857.736811], [463899.10113, 5484842.623267], [463896.592651, 5484838.62024], [463893.126985, 5484833.08985], [463891.025809, 5484829.736526], [463889.661326, 5484827.559243], [463884.894658, 5484819.952569], [463873.970943, 5484800.387915], [463873.962043, 5484800.372015], [463873.943743, 5484800.339114], [463868.576677, 5484801.138571], [463818.464467, 5484808.63506], [463795.672396, 5484812.044496], [463792.887811, 5484812.261098], [463768.266451, 5484814.176023], [463697.041381, 5484819.960861], [463665.102594, 5484821.6454], [463660.61541, 5484821.882066], [463636.785089, 5484823.139086], [463630.657868, 5484823.4624], [463619.701713, 5484824.061227], [463615.941963, 5484824.266635], [463586.087565, 5484825.898207], [463559.865322, 5484827.331406], [463548.465165, 5484827.954458], [463542.872244, 5484828.625697], [463525.183877, 5484830.748731], [463539.983292, 5484893.612648], [463549.886412, 5484936.362338], [463551.422354, 5484942.992564], [463554.942757, 5484958.188245], [463555.101169, 5484958.782552], [463561.338077, 5484982.168945], [463574.9275, 5485036.696416], [463588.288334, 5485088.026304], [463590.405317, 5485093.953755], [463590.558016, 5485094.381452], [463593.427001, 5485102.414501], [463610.122223, 5485147.177922], [463611.130439, 5485149.664732], [463614.277095, 5485157.426652], [463614.283095, 5485157.441552], [463614.647903, 5485158.341153], [463615.064611, 5485159.369153], [463616.97395, 5485164.078453], [463624.282405, 5485180.179527], [463633.855885, 5485202.161825], [463678.650582, 5485304.783218], [463711.894321, 5485382.024396], [463717.756948, 5485395.645835], [463721.340289, 5485403.97168], [463732.089072, 5485427.935425], [463732.551273, 5485428.965935], [463733.641976, 5485431.397359], [463740.62712, 5485446.970504], [463746.874001, 5485460.896809], [463772.909612, 5485520.275141], [463785.396148, 5485547.728275], [463787.272599, 5485551.853701], [463790.917387, 5485559.867231], [463793.373166, 5485565.266374], [463797.77468, 5485573.764744], [463811.530946, 5485600.324261], [463813.549897, 5485603.850268], [463819.867642, 5485614.884165], [463827.573022, 5485628.120044], [463842.935942, 5485654.509903], [463858.580931, 5485678.605044], [463882.207791, 5485712.955331], [463883.989982, 5485715.546257], [463928.416269, 5485771.861659], [463942.963543, 5485788.775655], [463943.285557, 5485789.15006], [463943.368657, 5485789.090759], [463944.235256, 5485788.472055], [463944.353856, 5485788.387455], [463988.395677, 5485756.948637], [463989.552261, 5485756.123143], [464016.570221, 5485736.802708], [464017.154808, 5485736.384701], [464017.696195, 5485735.997494], [464039.693837, 5485720.266404], [464061.691064, 5485704.535037], [464099.976601, 5485677.128354], [464128.170344, 5485656.441611], [464130.426065, 5485654.7865], [464151.883803, 5485639.042461], [464170.421898, 5485617.682428], [464172.125412, 5485615.593043], [464213.140727, 5485565.290123], [464224.013939, 5485553.143456], [464240.94443, 5485534.229845], [464257.874834, 5485515.315737], [464261.321474, 5485511.475546], [464274.866603, 5485496.3839], [464286.662401, 5485483.24118], [464309.057328, 5485458.288583], [464313.204791, 5485453.904069], [464337.267983, 5485428.465339], [464352.985351, 5485412.344146], [464370.577953, 5485395.53274], [464371.120742, 5485395.014043], [464379.003597, 5485387.919336], [464389.167754, 5485378.771294], [464399.331903, 5485369.623129], [464403.358198, 5485366.004253], [464431.170075, 5485341.007471], [464474.067427, 5485302.042753], [464475.097611, 5485301.107144]]]}}, {"type": "Feature", "properties": {"code": "123", "name": "Sonnenschein", "id_name": "123 Sonnenschein"}, "geometry": {"type": "Polygon", "coordinates": [[[464676.743258, 5486620.530308], [464676.747958, 5486620.508107], [464676.749558, 5486620.501107], [464676.760059, 5486620.453205], [464679.336214, 5486608.709623], [464708.064078, 5486474.477757], [464713.782101, 5486447.759155], [464728.681603, 5486378.13953], [464728.752704, 5486377.81472], [464728.934807, 5486376.984695], [464729.023509, 5486376.579783], [464754.903633, 5486258.54402], [464754.921531, 5486258.461417], [464759.678002, 5486236.559264], [464790.449696, 5486094.869619], [464790.49639, 5486094.654922], [464821.420933, 5485953.025243], [464822.717305, 5485947.088215], [464822.723304, 5485947.060716], [464822.730003, 5485947.029917], [464824.013453, 5485941.151108], [464831.722628, 5485906.10945], [464837.82058, 5485878.391744], [464859.092011, 5485781.704223], [464860.199145, 5485776.672151], [464898.756934, 5485598.544092], [464898.738033, 5485598.539993], [464798.229578, 5485576.494052], [464794.638467, 5485575.706298], [464781.289238, 5485546.932403], [464752.574656, 5485540.564549], [464751.86346, 5485540.406855], [464751.697261, 5485540.373556], [464724.083896, 5485534.851638], [464723.68329, 5485534.771445], [464723.698689, 5485534.698443], [464723.784378, 5485534.29083], [464733.998536, 5485485.754444], [464733.985635, 5485485.723943], [464728.410722, 5485472.598571], [464717.639746, 5485449.315311], [464695.429504, 5485401.302872], [464672.363526, 5485351.438625], [464663.373353, 5485332.003965], [464662.552228, 5485330.228778], [464658.708122, 5485321.918839], [464646.364326, 5485295.234318], [464631.909412, 5485263.98481], [464626.273502, 5485251.800959], [464617.661843, 5485233.184184], [464610.756978, 5485217.603093], [464608.881648, 5485213.371331], [464532.945699, 5485259.351811], [464502.98647, 5485280.11676], [464475.097611, 5485301.107144], [464474.067427, 5485302.042753], [464431.170075, 5485341.007471], [464403.358198, 5485366.004253], [464399.331903, 5485369.623129], [464389.167754, 5485378.771294], [464379.003597, 5485387.919336], [464371.120742, 5485395.014043], [464370.577953, 5485395.53274], [464352.985351, 5485412.344146], [464337.267983, 5485428.465339], [464313.204791, 5485453.904069], [464309.057328, 5485458.288583], [464286.662401, 5485483.24118], [464274.866603, 5485496.3839], [464261.321474, 5485511.475546], [464257.874834, 5485515.315737], [464240.94443, 5485534.229845], [464224.013939, 5485553.143456], [464213.140727, 5485565.290123], [464172.125412, 5485615.593043], [464170.421898, 5485617.682428], [464151.883803, 5485639.042461], [464130.426065, 5485654.7865], [464128.170344, 5485656.441611], [464099.976601, 5485677.128354], [464061.691064, 5485704.535037], [464039.693837, 5485720.266404], [464017.696195, 5485735.997494], [464017.154808, 5485736.384701], [464016.570221, 5485736.802708], [463989.552261, 5485756.123143], [463988.395677, 5485756.948637], [463944.353856, 5485788.387455], [463944.235256, 5485788.472055], [463943.368657, 5485789.090759], [463943.285557, 5485789.15006], [463943.82518, 5485789.777367], [463986.427951, 5485839.31149], [463986.912353, 5485839.880294], [464057.423817, 5485922.701917], [464061.59693, 5485927.603545], [464066.778712, 5485933.63411], [464084.904652, 5485954.728537], [464085.121245, 5485954.980423], [464093.889187, 5485965.18458], [464094.676666, 5485966.101169], [464110.380276, 5485984.377113], [464157.586929, 5486040.043667], [464180.761229, 5486067.084642], [464194.686992, 5486083.333945], [464200.485663, 5486090.100184], [464207.494755, 5486098.000163], [464239.960354, 5486134.592343], [464249.905502, 5486145.926487], [464251.608228, 5486147.866997], [464281.746795, 5486182.124461], [464328.440971, 5486234.066803], [464333.256415, 5486239.448793], [464340.211039, 5486247.221672], [464353.564749, 5486262.146784], [464365.145337, 5486275.089907], [464371.818186, 5486282.588744], [464378.775016, 5486290.406798], [464401.316283, 5486315.738483], [464403.713664, 5486318.284088], [464409.624072, 5486324.55978], [464432.121558, 5486348.853057], [464437.818962, 5486355.005182], [464458.716814, 5486379.669963], [464466.339615, 5486389.433468], [464471.39302, 5486394.65766], [464475.675449, 5486397.9976], [464479.315494, 5486399.324903], [464497.044565, 5486404.119807], [464497.319975, 5486404.189789], [464507.493363, 5486406.774241], [464507.661963, 5486406.792937], [464532.158818, 5486409.514136], [464531.730758, 5486413.796482], [464531.216888, 5486416.708378], [464526.814399, 5486435.894029], [464526.214441, 5486441.009966], [464525.358019, 5486448.313343], [464525.015068, 5486459.447749], [464525.785637, 5486467.413077], [464527.583722, 5486478.547325], [464529.98122, 5486491.651667], [464532.798459, 5486499.188722], [464554.282036, 5486552.344304], [464559.175233, 5486564.451852], [464578.885613, 5486615.497346], [464581.542503, 5486622.377453], [464586.593901, 5486622.283809], [464587.414201, 5486622.268618], [464588.764901, 5486622.243633], [464588.952701, 5486622.240135], [464589.006701, 5486622.239135], [464594.816099, 5486622.131499], [464594.868599, 5486622.130499], [464621.139297, 5486621.643246], [464659.992193, 5486620.857329], [464671.18107, 5486620.630947], [464676.484459, 5486620.53501], [464676.743258, 5486620.530308]]]}}, {"type": "Feature", "properties": {"code": "124", "name": "Franklin", "id_name": "124 Franklin"}, "geometry": {"type": "Polygon", "coordinates": [[[466583.956633, 5486648.188608], [466653.55354, 5486556.335462], [466726.874425, 5486460.004826], [466800.384957, 5486363.715526], [466853.539884, 5486293.936979], [466863.549394, 5486280.797548], [466872.157115, 5486269.497618], [466986.058342, 5486189.663483], [467085.31668, 5486120.029063], [467113.684854, 5486099.976313], [467184.60541, 5486050.414529], [467283.134395, 5485980.959417], [467400.81695, 5485912.595362], [467516.820273, 5485844.781966], [467601.466878, 5485771.901199], [467673.298154, 5485710.405853], [467680.645095, 5485704.103787], [467682.084602, 5485702.869013], [467684.013909, 5485701.229645], [467693.120245, 5485693.43274], [467693.909947, 5485692.753039], [467772.42188, 5485625.219608], [467772.43568, 5485625.207708], [467785.472672, 5485613.99391], [467827.255283, 5485578.218793], [467845.70697, 5485562.426589], [467845.69577, 5485562.419889], [467845.67807, 5485562.410589], [467845.67397, 5485562.408389], [467834.7515, 5485556.641602], [467785.206856, 5485529.906878], [467722.958993, 5485496.200724], [467672.038841, 5485468.226461], [467609.561767, 5485434.000561], [467591.323236, 5485423.969213], [467576.792237, 5485415.977792], [467561.579679, 5485407.611687], [467498.692061, 5485373.159259], [467427.838176, 5485334.442875], [467367.143619, 5485301.256813], [467301.666882, 5485265.276295], [467254.83592, 5485239.66688], [467192.470363, 5485205.328337], [467181.464774, 5485199.289423], [467144.940369, 5485179.247647], [467121.387418, 5485166.323326], [467073.065954, 5485139.79497], [467058.734317, 5485131.927107], [467015.925955, 5485108.461157], [467014.191064, 5485107.510165], [466987.997402, 5485093.15175], [466970.047054, 5485083.332664], [466969.042037, 5485082.782855], [466940.704513, 5485067.28141], [466931.283609, 5485062.137999], [466926.546264, 5485059.551543], [466877.647316, 5485032.855243], [466851.886828, 5485018.868327], [466841.595595, 5485013.28091], [466814.878304, 5484998.775079], [466771.854345, 5484975.297519], [466754.565455, 5484965.86312], [466750.826335, 5484963.8228], [466744.083191, 5484960.143067], [466681.256778, 5484925.746362], [466676.089965, 5484922.911531], [466641.344945, 5484903.847433], [466634.003904, 5484899.819561], [466618.776469, 5484891.464701], [466611.881485, 5484887.614701], [466584.473215, 5484872.310678], [466579.065397, 5484869.291097], [466549.075619, 5484852.546132], [466508.140394, 5484829.700238], [466503.976973, 5484827.37649], [466493.123302, 5484821.318392], [466428.668358, 5484786.026002], [466385.586635, 5484762.656353], [466383.247764, 5484761.387602], [466378.957013, 5484759.060115], [466356.107975, 5484746.513097], [466320.355367, 5484726.880455], [466288.264522, 5484709.254755], [466256.594055, 5484691.859629], [466252.15989, 5484689.424126], [466248.968214, 5484687.671081], [466242.116056, 5484683.884652], [466223.513902, 5484673.605242], [466195.443661, 5484658.093819], [466187.13906, 5484653.504558], [466124.025001, 5484618.732197], [466068.879347, 5484588.454088], [465998.142847, 5484549.159166], [465935.956881, 5484513.523544], [465910.167699, 5484497.60561], [465902.493028, 5484492.868415], [465894.238876, 5484487.412912], [465889.635007, 5484484.369937], [465885.668938, 5484481.748559], [465856.543782, 5484462.043854], [465833.831319, 5484446.372658], [465810.381414, 5484428.800237], [465776.970039, 5484403.219392], [465760.017027, 5484390.127923], [465754.440432, 5484385.821709], [465754.420931, 5484385.850408], [465754.41313, 5484385.861707], [465726.309491, 5484426.969857], [465708.162091, 5484453.515248], [465698.206355, 5484468.078561], [465690.305965, 5484479.897105], [465665.325252, 5484517.266347], [465663.520124, 5484519.96653], [465640.089684, 5484555.016857], [465622.392964, 5484579.893412], [465608.008707, 5484600.11342], [465585.227732, 5484629.868071], [465562.446563, 5484659.623203], [465528.971639, 5484697.28173], [465479.596415, 5484748.18916], [465466.350479, 5484760.399358], [465449.840034, 5484775.618525], [465412.734576, 5484806.725415], [465408.271973, 5484810.466571], [465403.811365, 5484814.206028], [465383.631089, 5484829.930141], [465368.011033, 5484842.10112], [465330.018037, 5484869.041027], [465291.293858, 5484896.499344], [465233.170645, 5484931.372823], [465218.170064, 5484938.512009], [465178.268851, 5484957.501359], [465107.649425, 5484991.109082], [465033.294626, 5485024.362046], [465022.479351, 5485029.198902], [464922.61293, 5485073.862537], [464819.865725, 5485118.030078], [464793.510219, 5485128.995435], [464692.47763, 5485171.031739], [464656.214217, 5485187.305312], [464655.453837, 5485187.709435], [464654.265868, 5485188.340572], [464626.45978, 5485203.114054], [464611.773871, 5485211.683713], [464610.839496, 5485212.228951], [464610.771898, 5485212.268454], [464608.937747, 5485213.338729], [464608.906148, 5485213.35703], [464608.881648, 5485213.371331], [464610.756978, 5485217.603093], [464617.661843, 5485233.184184], [464626.273502, 5485251.800959], [464631.909412, 5485263.98481], [464646.364326, 5485295.234318], [464658.708122, 5485321.918839], [464662.552228, 5485330.228778], [464663.373353, 5485332.003965], [464672.363526, 5485351.438625], [464695.429504, 5485401.302872], [464717.639746, 5485449.315311], [464728.410722, 5485472.598571], [464733.985635, 5485485.723943], [464733.998536, 5485485.754444], [464723.784378, 5485534.29083], [464723.698689, 5485534.698443], [464723.68329, 5485534.771445], [464724.083896, 5485534.851638], [464751.697261, 5485540.373556], [464751.86346, 5485540.406855], [464752.574656, 5485540.564549], [464781.289238, 5485546.932403], [464794.638467, 5485575.706298], [464798.229578, 5485576.494052], [464898.738033, 5485598.539993], [464898.756934, 5485598.544092], [464860.199145, 5485776.672151], [464859.092011, 5485781.704223], [464837.82058, 5485878.391744], [464831.722628, 5485906.10945], [464824.013453, 5485941.151108], [464822.730003, 5485947.029917], [464822.723304, 5485947.060716], [464822.717305, 5485947.088215], [464821.420933, 5485953.025243], [464790.49639, 5486094.654922], [464790.449696, 5486094.869619], [464759.678002, 5486236.559264], [464754.921531, 5486258.461417], [464754.903633, 5486258.54402], [464729.023509, 5486376.579783], [464728.934807, 5486376.984695], [464728.752704, 5486377.81472], [464728.681603, 5486378.13953], [464713.782101, 5486447.759155], [464708.064078, 5486474.477757], [464679.336214, 5486608.709623], [464676.760059, 5486620.453205], [464676.749558, 5486620.501107], [464676.747958, 5486620.508107], [464676.743258, 5486620.530308], [464676.806658, 5486620.529107], [464676.891958, 5486620.527607], [464739.042491, 5486619.401807], [464773.406781, 5486618.723488], [464788.469514, 5486618.426246], [464831.374445, 5486617.640245], [464837.788447, 5486617.522707], [464839.940648, 5486617.480093], [464887.107091, 5486616.547093], [464936.353318, 5486615.643669], [464962.885042, 5486615.182701], [464962.918942, 5486615.1821], [464986.28619, 5486614.775922], [465034.011748, 5486614.062601], [465034.66534, 5486614.052799], [465084.23686, 5486613.221419], [465133.193945, 5486612.498776], [465156.457048, 5486612.130901], [465183.452079, 5486611.703811], [465231.578629, 5486610.98062], [465272.527942, 5486610.288775], [465276.514389, 5486610.221492], [465278.74456, 5486610.190202], [465278.75846, 5486610.190002], [465278.76996, 5486610.189802], [465325.399515, 5486609.53507], [465372.603474, 5486608.770132], [465408.185559, 5486608.111905], [465417.383273, 5486607.941842], [465419.501376, 5486607.90265], [465423.596055, 5486658.346184], [465428.478479, 5486717.485192], [465433.754208, 5486779.964318], [465439.321588, 5486848.481776], [465441.805708, 5486879.999747], [465442.318587, 5486883.66543], [465447.030023, 5486917.34146], [465456.279742, 5486986.885841], [465465.666382, 5487055.660224], [465474.830936, 5487124.176574], [465484.851498, 5487200.358228], [465494.263656, 5487269.13183], [465501.800566, 5487325.229984], [465511.050624, 5487393.490053], [465525.952964, 5487504.914503], [465528.854889, 5487526.574797], [465534.17516, 5487566.27955], [465545.094673, 5487648.755818], [465553.574112, 5487711.748226], [465562.824132, 5487779.750349], [465571.4743, 5487842.571597], [465579.781891, 5487903.679128], [465587.661559, 5487961.83193], [465596.140826, 5488024.995212], [465603.52349, 5488080.36511], [465610.717934, 5488134.363978], [465615.434435, 5488169.737169], [465615.439835, 5488169.77757], [465617.912295, 5488188.320555], [465626.905268, 5488256.237289], [465632.806386, 5488300.472649], [465640.25842, 5488355.756669], [465648.39499, 5488417.80625], [465656.531281, 5488478.357025], [465664.745876, 5488540.045434], [465667.106315, 5488559.5563], [465671.433351, 5488561.232154], [465671.51315, 5488561.263054], [465671.858244, 5488561.396754], [465671.944142, 5488561.433054], [465671.993642, 5488561.453954], [465709.053836, 5488516.851568], [465746.627397, 5488471.63079], [465747.005591, 5488471.175683], [465788.958042, 5488345.155003], [465805.152194, 5488296.159388], [465827.062569, 5488229.869413], [465848.095843, 5488165.627213], [465848.113242, 5488165.574112], [465864.817081, 5488114.554362], [465877.814813, 5488074.929846], [465878.604592, 5488072.52178], [465879.334869, 5488070.295316], [465879.339569, 5488070.281116], [465902.651172, 5487999.20883], [465906.947931, 5487986.00816], [465907.989676, 5487982.807843], [465908.605647, 5487980.915531], [465910.909852, 5487973.836279], [465910.915852, 5487973.817979], [465940.274691, 5487883.624103], [465978.008704, 5487768.209202], [466015.762863, 5487653.033715], [466053.236893, 5487537.658561], [466091.031379, 5487422.223159], [466129.255757, 5487307.038376], [466150.206901, 5487244.845318], [466167.619719, 5487193.15194], [466212.252179, 5487135.144818], [466225.985318, 5487117.157906], [466227.248305, 5487115.503615], [466228.586093, 5487113.751425], [466240.248632, 5487098.476588], [466285.802071, 5487038.812509], [466359.141985, 5486942.211239], [466387.715845, 5486904.664747], [466432.642588, 5486845.629382], [466473.16636, 5486793.017287], [466506.602791, 5486749.607376], [466574.061086, 5486661.192601], [466580.223083, 5486653.116305], [466583.956633, 5486648.188608]]]}}, {"type": "Feature", "properties": {"code": "125", "name": "K\u00e4fertal-S\u00fcd", "id_name": "125 K\u00e4fertal-S\u00fcd"}, "geometry": {"type": "Polygon", "coordinates": [[[465837.045646, 5483989.880199], [465841.656685, 5483983.455871], [465846.337527, 5483978.671971], [465848.866283, 5483976.087596], [465854.792658, 5483970.030719], [465864.817424, 5483962.770657], [465871.846462, 5483958.564384], [465881.850635, 5483953.586449], [465885.97371, 5483951.534751], [465914.217115, 5483936.986279], [465921.074813, 5483933.892546], [465935.778765, 5483927.259215], [465953.044455, 5483919.470194], [465994.170566, 5483900.571159], [466016.940303, 5483889.047497], [466018.664462, 5483888.090576], [466020.905707, 5483886.846849], [466022.40507, 5483886.014931], [466046.064833, 5483872.885368], [466083.080212, 5483850.504456], [466083.705708, 5483850.126344], [466092.762761, 5483821.633594], [466094.88116, 5483814.915257], [466106.071359, 5483779.428247], [466118.98842, 5483737.856281], [466128.840827, 5483700.404479], [466140.438944, 5483657.018158], [466143.940802, 5483643.82097], [466150.193052, 5483620.257776], [466160.096526, 5483582.546082], [466170.772971, 5483542.645458], [466175.332401, 5483525.600366], [466180.111264, 5483507.734372], [466180.682945, 5483505.597037], [466190.701974, 5483469.758665], [466198.767924, 5483441.093782], [466201.665926, 5483432.451197], [466215.147892, 5483392.061412], [466227.935737, 5483353.599216], [466229.793231, 5483348.012197], [466242.831857, 5483311.022166], [466258.076526, 5483272.389359], [466278.085997, 5483222.376857], [466294.056422, 5483182.562615], [466312.965231, 5483143.526383], [466336.143557, 5483095.991831], [466352.393866, 5483067.214706], [466358.740215, 5483055.975975], [466359.755873, 5483054.173837], [466382.396657, 5483014.001053], [466389.731135, 5483000.892889], [466389.996432, 5483000.469679], [466400.779767, 5482983.785433], [466400.878566, 5482983.632631], [466401.54516, 5482982.601221], [466402.009555, 5482981.884314], [466402.011855, 5482981.880713], [466402.077754, 5482981.779213], [466402.079754, 5482981.776112], [466402.002454, 5482981.737312], [466400.709551, 5482981.088612], [466400.598651, 5482981.032912], [466349.775837, 5482955.531304], [466348.248021, 5482954.76473], [466344.926519, 5482955.679508], [466294.099074, 5482969.676864], [466211.698686, 5482993.221168], [466203.595215, 5482995.556664], [466143.621612, 5483012.841749], [466073.453855, 5483032.772448], [466006.25571, 5483051.600341], [465966.303361, 5483063.07277], [465954.732568, 5483066.395396], [465947.746527, 5483068.401431], [465886.109748, 5483086.070909], [465815.145789, 5483106.347494], [465768.859945, 5483119.67201], [465685.440671, 5483143.424157], [465656.673485, 5483150.991216], [465655.550892, 5483151.286515], [465655.053895, 5483151.407714], [465561.681919, 5483174.177536], [465497.922131, 5483189.7257], [465429.254837, 5483206.470623], [465374.849945, 5483219.737218], [465305.16588, 5483236.729795], [465246.400157, 5483251.060308], [465204.611775, 5483261.250726], [465075.579891, 5483292.715642], [465067.033044, 5483286.149288], [465034.865736, 5483261.435536], [465034.625736, 5483261.25114], [465005.723435, 5483239.045447], [464985.87213, 5483223.793291], [464980.131744, 5483219.38284], [464951.023748, 5483197.019701], [464921.916073, 5483174.656598], [464866.065706, 5483131.747442], [464786.990443, 5483070.994413], [464730.398523, 5483027.515053], [464634.976376, 5482954.204191], [464627.771186, 5482948.032996], [464626.844772, 5482947.23959], [464608.816279, 5482931.798379], [464538.596297, 5482926.661408], [464529.61422, 5482926.004371], [464513.809198, 5482924.848414], [464490.148223, 5482922.285988], [464467.46392, 5482919.829361], [464435.794745, 5482914.423448], [464421.891348, 5482916.740912], [464415.68243, 5482921.278211], [464411.850026, 5482924.07871], [464344.264343, 5482886.615583], [464330.606596, 5482880.034967], [464319.216917, 5482874.547352], [464248.249112, 5482840.354887], [464248.208312, 5482840.464789], [464247.284899, 5482842.95393], [464247.204598, 5482843.170234], [464234.314734, 5482877.916561], [464223.050373, 5482909.39436], [464196.351909, 5482983.200111], [464194.956649, 5482987.056981], [464188.493968, 5483004.902794], [464181.332367, 5483024.678531], [464169.007318, 5483058.710748], [464146.431184, 5483120.224117], [464127.043546, 5483172.763761], [464109.362203, 5483221.602328], [464091.083157, 5483272.027695], [464089.414947, 5483276.630701], [464088.09439, 5483280.27458], [464085.54725, 5483287.302622], [464071.866472, 5483325.047564], [464051.062, 5483381.417026], [464044.823208, 5483398.420212], [464035.911818, 5483422.708258], [464031.821199, 5483433.857481], [464030.790272, 5483436.677667], [464020.157463, 5483465.765168], [464019.099348, 5483468.659877], [464014.087794, 5483482.36998], [464013.206188, 5483484.650219], [464004.623588, 5483506.850255], [464001.407819, 5483515.1684], [463986.918731, 5483549.696838], [463967.056853, 5483595.848644], [463950.296114, 5483635.288384], [463942.353293, 5483653.901316], [463941.482799, 5483655.940887], [463931.03662, 5483675.322898], [463925.179243, 5483686.789872], [463919.322052, 5483698.257524], [463919.320452, 5483698.260624], [463919.278853, 5483698.342122], [463918.079493, 5483700.690272], [463916.879633, 5483703.039522], [463916.801335, 5483703.192819], [463916.33475, 5483703.881901], [463916.33155, 5483703.886701], [463915.328981, 5483705.367364], [463915.03109, 5483705.807353], [463913.756828, 5483707.689307], [463913.537335, 5483708.013499], [463913.516335, 5483708.044498], [463913.499736, 5483708.068997], [463913.504236, 5483708.071697], [463913.515735, 5483708.078597], [463913.524035, 5483708.083598], [463913.546734, 5483708.097298], [463942.710712, 5483725.661794], [463999.148302, 5483768.851086], [464033.125309, 5483796.203911], [464067.103693, 5483823.556811], [464077.34244, 5483831.555361], [464122.388142, 5483866.745715], [464142.543478, 5483881.141031], [464162.700119, 5483895.536587], [464186.887746, 5483911.08283], [464203.735915, 5483919.934712], [464220.584314, 5483928.786907], [464220.864519, 5483928.934203], [464242.855685, 5483938.03296], [464261.328645, 5483944.010669], [464280.073251, 5483949.716787], [464308.054231, 5483956.238104], [464379.075899, 5483970.079465], [464382.830986, 5483970.811317], [464390.313879, 5483972.269578], [464408.631899, 5483975.527168], [464444.727127, 5483981.94615], [464444.757127, 5483981.951451], [464516.113289, 5483994.640826], [464528.503352, 5483996.343054], [464559.778909, 5484000.52685], [464565.390655, 5484001.033894], [464566.538664, 5484001.137702], [464593.856802, 5484003.606238], [464604.875345, 5484004.602026], [464628.919115, 5484005.256512], [464644.809502, 5484005.688668], [464666.905904, 5484005.321381], [464749.438202, 5484003.94992], [464768.181893, 5484003.638325], [464792.050116, 5484003.241603], [464827.909506, 5484001.883057], [464833.223129, 5484001.680936], [464837.192072, 5484001.53002], [464870.777642, 5484000.252454], [464904.246792, 5483998.809193], [464904.309691, 5483998.806492], [464904.352791, 5483998.804591], [464933.803054, 5483997.534436], [464953.447799, 5483996.715583], [464959.882193, 5483996.44741], [464973.389063, 5483995.881358], [464980.468138, 5483995.584778], [465011.769393, 5483994.273554], [465041.516585, 5483993.150542], [465043.694861, 5483993.053064], [465043.869359, 5483993.045266], [465075.864618, 5483991.612889], [465115.083394, 5483990.075838], [465132.386667, 5483989.819942], [465149.688339, 5483989.564195], [465163.273901, 5483989.820908], [465172.758247, 5483990.077498], [465179.038383, 5483990.590294], [465185.31862, 5483991.103189], [465189.804452, 5483991.744131], [465194.290303, 5483992.385038], [465210.183078, 5483995.205024], [465214.018521, 5483996.14062], [465220.692791, 5483997.768587], [465227.665661, 5483999.729965], [465228.895473, 5484000.075796], [465229.900282, 5484000.395522], [465240.174179, 5484003.664691], [465243.293667, 5484004.814101], [465245.044616, 5484005.459162], [465250.961778, 5484007.74546], [465258.203367, 5484010.543487], [465272.558316, 5484017.379382], [465275.176775, 5484018.775944], [465282.811838, 5484022.848008], [465283.126444, 5484023.030714], [465293.407009, 5484029.00015], [465305.369325, 5484036.861375], [465306.417037, 5484037.633611], [465317.194971, 5484045.576985], [465326.059886, 5484052.456211], [465417.075696, 5484123.084037], [465422.464919, 5484127.266134], [465494.029237, 5484183.149615], [465526.744345, 5484208.350821], [465527.185045, 5484208.690429], [465541.759479, 5484219.917499], [465542.369774, 5484220.38751], [465542.892686, 5484220.187626], [465543.5552, 5484219.934452], [465565.552423, 5484211.527129], [465583.802329, 5484204.551956], [465584.776957, 5484204.179494], [465668.113238, 5484171.069839], [465706.607273, 5484156.47333], [465721.125969, 5484149.405459], [465731.43503, 5484142.721744], [465744.340656, 5484132.273503], [465751.612116, 5484124.822873], [465753.712772, 5484122.670626], [465762.009394, 5484111.646155], [465772.149738, 5484095.128741], [465791.546118, 5484063.745747], [465812.286964, 5484029.789911], [465837.045646, 5483989.880199]]]}}, {"type": "Feature", "properties": {"code": "130", "name": "Vogelstang", "id_name": "130 Vogelstang"}, "geometry": {"type": "Polygon", "coordinates": [[[466678.786593, 5483470.282056], [466641.849326, 5483420.238407], [466626.358861, 5483393.131554], [466570.23749, 5483415.931872], [466566.503705, 5483417.448718], [466545.166751, 5483425.471874], [466536.641738, 5483428.677457], [466536.635738, 5483428.654656], [466536.615337, 5483428.577056], [466536.510032, 5483428.176453], [466520.155115, 5483365.978397], [466491.69509, 5483261.219828], [466488.804506, 5483250.579779], [466447.993564, 5483098.697071], [466438.312864, 5483100.519207], [466434.232332, 5483086.966603], [466432.49358, 5483081.19156], [466434.156153, 5483078.697691], [466438.104666, 5483070.800098], [466439.409022, 5483067.213023], [466440.598477, 5483063.941958], [466442.260873, 5483056.667955], [466443.299958, 5483048.562747], [466443.204891, 5483043.357386], [466442.468387, 5483034.846291], [466440.966003, 5483026.94431], [466435.358289, 5483011.26662], [466431.453295, 5483004.403307], [466427.088924, 5482998.948075], [466421.374662, 5482993.973036], [466415.031012, 5482989.26068], [466402.079754, 5482981.776112], [466402.077754, 5482981.779213], [466402.011855, 5482981.880713], [466402.009555, 5482981.884314], [466401.54516, 5482982.601221], [466400.878566, 5482983.632631], [466400.779767, 5482983.785433], [466389.996432, 5483000.469679], [466389.731135, 5483000.892889], [466382.396657, 5483014.001053], [466359.755873, 5483054.173837], [466358.740215, 5483055.975975], [466352.393866, 5483067.214706], [466336.143557, 5483095.991831], [466312.965231, 5483143.526383], [466294.056422, 5483182.562615], [466278.085997, 5483222.376857], [466258.076526, 5483272.389359], [466242.831857, 5483311.022166], [466229.793231, 5483348.012197], [466227.935737, 5483353.599216], [466215.147892, 5483392.061412], [466201.665926, 5483432.451197], [466198.767924, 5483441.093782], [466190.701974, 5483469.758665], [466180.682945, 5483505.597037], [466180.111264, 5483507.734372], [466175.332401, 5483525.600366], [466170.772971, 5483542.645458], [466160.096526, 5483582.546082], [466150.193052, 5483620.257776], [466143.940802, 5483643.82097], [466140.438944, 5483657.018158], [466128.840827, 5483700.404479], [466118.98842, 5483737.856281], [466106.071359, 5483779.428247], [466094.88116, 5483814.915257], [466092.762761, 5483821.633594], [466083.705708, 5483850.126344], [466083.080212, 5483850.504456], [466046.064833, 5483872.885368], [466022.40507, 5483886.014931], [466020.905707, 5483886.846849], [466018.664462, 5483888.090576], [466016.940303, 5483889.047497], [465994.170566, 5483900.571159], [465953.044455, 5483919.470194], [465935.778765, 5483927.259215], [465921.074813, 5483933.892546], [465914.217115, 5483936.986279], [465885.97371, 5483951.534751], [465881.850635, 5483953.586449], [465871.846462, 5483958.564384], [465864.817424, 5483962.770657], [465854.792658, 5483970.030719], [465848.866283, 5483976.087596], [465846.337527, 5483978.671971], [465841.656685, 5483983.455871], [465837.045646, 5483989.880199], [465812.286964, 5484029.789911], [465791.546118, 5484063.745747], [465772.149738, 5484095.128741], [465762.009394, 5484111.646155], [465753.712772, 5484122.670626], [465751.612116, 5484124.822873], [465744.340656, 5484132.273503], [465731.43503, 5484142.721744], [465721.125969, 5484149.405459], [465706.607273, 5484156.47333], [465668.113238, 5484171.069839], [465584.776957, 5484204.179494], [465583.802329, 5484204.551956], [465565.552423, 5484211.527129], [465543.5552, 5484219.934452], [465542.892686, 5484220.187626], [465542.369774, 5484220.38751], [465543.083068, 5484220.948325], [465576.770542, 5484247.429976], [465593.322048, 5484260.297843], [465615.915659, 5484277.862658], [465616.714742, 5484278.483757], [465628.84739, 5484287.915936], [465693.08109, 5484338.054265], [465716.473713, 5484356.348535], [465736.420517, 5484371.906032], [465740.324695, 5484374.921142], [465748.943624, 5484381.577114], [465754.440432, 5484385.821709], [465760.017027, 5484390.127923], [465776.970039, 5484403.219392], [465810.381414, 5484428.800237], [465833.831319, 5484446.372658], [465856.543782, 5484462.043854], [465885.668938, 5484481.748559], [465889.635007, 5484484.369937], [465894.238876, 5484487.412912], [465902.493028, 5484492.868415], [465910.167699, 5484497.60561], [465935.956881, 5484513.523544], [465998.142847, 5484549.159166], [466068.879347, 5484588.454088], [466124.025001, 5484618.732197], [466187.13906, 5484653.504558], [466195.443661, 5484658.093819], [466223.513902, 5484673.605242], [466242.116056, 5484683.884652], [466248.968214, 5484687.671081], [466252.15989, 5484689.424126], [466256.594055, 5484691.859629], [466288.264522, 5484709.254755], [466320.355367, 5484726.880455], [466356.107975, 5484746.513097], [466378.957013, 5484759.060115], [466383.247764, 5484761.387602], [466385.586635, 5484762.656353], [466428.668358, 5484786.026002], [466493.123302, 5484821.318392], [466503.976973, 5484827.37649], [466508.140394, 5484829.700238], [466549.075619, 5484852.546132], [466579.065397, 5484869.291097], [466584.473215, 5484872.310678], [466611.881485, 5484887.614701], [466618.776469, 5484891.464701], [466634.003904, 5484899.819561], [466641.344945, 5484903.847433], [466676.089965, 5484922.911531], [466681.256778, 5484925.746362], [466744.083191, 5484960.143067], [466750.826335, 5484963.8228], [466754.565455, 5484965.86312], [466771.854345, 5484975.297519], [466814.878304, 5484998.775079], [466841.595595, 5485013.28091], [466851.886828, 5485018.868327], [466877.647316, 5485032.855243], [466926.546264, 5485059.551543], [466931.283609, 5485062.137999], [466940.704513, 5485067.28141], [466969.042037, 5485082.782855], [466970.047054, 5485083.332664], [466987.997402, 5485093.15175], [467014.191064, 5485107.510165], [467015.925955, 5485108.461157], [467058.734317, 5485131.927107], [467073.065954, 5485139.79497], [467121.387418, 5485166.323326], [467144.940369, 5485179.247647], [467181.464774, 5485199.289423], [467192.470363, 5485205.328337], [467254.83592, 5485239.66688], [467301.666882, 5485265.276295], [467367.143619, 5485301.256813], [467427.838176, 5485334.442875], [467498.692061, 5485373.159259], [467561.579679, 5485407.611687], [467576.792237, 5485415.977792], [467591.323236, 5485423.969213], [467609.561767, 5485434.000561], [467672.038841, 5485468.226461], [467722.958993, 5485496.200724], [467785.206856, 5485529.906878], [467834.7515, 5485556.641602], [467845.67397, 5485562.408389], [467845.67807, 5485562.410589], [467845.69577, 5485562.419889], [467845.70697, 5485562.426589], [467866.369315, 5485544.742393], [467876.84486, 5485535.816108], [467879.8698, 5485534.688453], [467879.8747, 5485534.686653], [467890.978294, 5485530.547118], [467949.18461, 5485508.847437], [467969.765839, 5485501.180629], [468063.445329, 5485466.27638], [468100.370037, 5485452.671979], [468112.660036, 5485448.148928], [468159.585839, 5485430.878462], [468159.583838, 5485430.496768], [468159.601937, 5485429.68548], [468159.605937, 5485429.502983], [468159.984149, 5485412.509814], [468160.899553, 5485369.275611], [468161.669147, 5485334.138859], [468162.534891, 5485297.967857], [468163.400519, 5485260.330005], [468164.362421, 5485218.651681], [468165.228083, 5485180.556729], [468166.141956, 5485142.798559], [468166.911457, 5485108.671824], [468167.632901, 5485075.434903], [468168.691031, 5485032.073218], [468169.412281, 5484997.321229], [468170.181883, 5484966.585527], [468170.903291, 5484931.59297], [468171.769262, 5484896.55207], [468172.635611, 5484857.686941], [468173.549412, 5484819.1591], [468174.463139, 5484780.486686], [468175.136544, 5484745.59036], [468176.002395, 5484710.693863], [468176.675796, 5484675.845087], [468177.493202, 5484637.508884], [468177.594291, 5484633.54876], [468178.454977, 5484599.798714], [468179.320755, 5484563.844132], [468180.234641, 5484525.604779], [468180.5361, 5484513.380429], [468181.100148, 5484490.515645], [468181.96612, 5484456.3404], [468182.437938, 5484437.653608], [468183.168355, 5484408.721693], [468184.274621, 5484370.09757], [468184.996146, 5484339.698471], [468186.00598, 5484304.416883], [468186.775292, 5484273.103712], [468187.115309, 5484258.475551], [468187.640712, 5484235.87443], [468188.554314, 5484200.112343], [468189.344361, 5484160.873883], [468166.745098, 5484159.212177], [468143.995972, 5484157.539358], [468041.003989, 5484150.137024], [467997.366485, 5484147.000557], [467927.5549, 5484141.983373], [467924.566778, 5484141.755985], [467902.822308, 5484140.101453], [467895.397159, 5484139.536459], [467872.791394, 5484137.816302], [467871.548884, 5484137.721805], [467869.389467, 5484137.557611], [467868.613461, 5484137.498514], [467745.471853, 5484128.130347], [467741.002508, 5484126.584998], [467707.740579, 5484101.733713], [467707.415775, 5484101.423106], [467703.317031, 5484097.504715], [467673.99583, 5484074.878412], [467657.204258, 5484061.921178], [467646.001355, 5484053.276519], [467623.625353, 5484036.010046], [467621.386402, 5484034.410011], [467620.604187, 5484033.850901], [467619.006659, 5484032.709284], [467583.894016, 5484007.615758], [467522.240688, 5483971.80583], [467520.880487, 5483970.976109], [467520.057087, 5483970.473696], [467519.947787, 5483970.406995], [467516.768982, 5483968.467546], [467515.97668, 5483967.984134], [467494.22496, 5483954.712733], [467491.358745, 5483952.964061], [467450.192797, 5483927.847015], [467418.758284, 5483923.689988], [467414.77631, 5483923.163396], [467412.673724, 5483922.885301], [467405.564773, 5483921.945115], [467403.18069, 5483921.62992], [467402.903692, 5483921.59332], [467402.000398, 5483921.473822], [467400.548811, 5483920.313797], [467382.997002, 5483906.287793], [467363.372574, 5483882.886007], [467334.234877, 5483866.781134], [467333.588175, 5483866.423835], [467310.535414, 5483861.419947], [467204.363549, 5483796.148263], [467141.83514, 5483757.587161], [466994.292716, 5483666.597546], [466922.932335, 5483622.637135], [466855.105566, 5483580.853503], [466721.465081, 5483498.525557], [466721.43578, 5483498.507457], [466688.994501, 5483478.522208], [466688.916802, 5483478.474408], [466687.324217, 5483477.493303], [466685.760633, 5483476.172594], [466678.786593, 5483470.282056]]]}}, {"type": "Feature", "properties": {"code": "140", "name": "Wallstadt", "id_name": "140 Wallstadt"}, "geometry": {"type": "Polygon", "coordinates": [[[469281.076417, 5485445.310188], [469283.579869, 5485444.158453], [469287.97807, 5485461.701571], [469412.800567, 5485420.845698], [469533.035022, 5485381.579222], [469533.994629, 5485381.289305], [469539.555765, 5485379.455707], [469542.271283, 5485378.560258], [469695.129281, 5485328.217958], [469693.839786, 5485324.949368], [469825.167071, 5485277.915597], [469832.054157, 5485266.470143], [469821.71793, 5485148.767853], [469810.641763, 5485022.15896], [469799.565706, 5484895.699795], [469788.490087, 5484769.211326], [469780.283361, 5484674.939437], [469783.152268, 5484668.581926], [469983.710835, 5484521.928813], [469988.568871, 5484518.390161], [469982.992423, 5484517.054085], [469967.167535, 5484513.262727], [469925.124091, 5484497.379808], [469924.574289, 5484497.169916], [469879.412517, 5484472.900047], [469843.735198, 5484446.753298], [469838.208963, 5484442.703448], [469830.814821, 5484436.444417], [469819.576393, 5484426.930681], [469798.984972, 5484409.497988], [469771.67568, 5484370.584183], [469770.706055, 5484369.214802], [469758.710468, 5484349.313133], [469754.482159, 5484342.296058], [469743.39661, 5484323.923781], [469709.809663, 5484271.53576], [469697.484472, 5484252.313799], [469693.486074, 5484246.076371], [469707.090465, 5484236.120348], [469703.821766, 5484230.872508], [469701.722569, 5484227.483948], [469784.769659, 5484166.899244], [469824.113257, 5484137.852685], [469858.075533, 5484106.343108], [469858.309333, 5484106.126308], [469864.216947, 5484102.777562], [469827.67112, 5484083.936282], [469826.891424, 5484085.275763], [469752.251662, 5484046.399144], [469750.582199, 5484041.051171], [469832.460154, 5483888.511283], [469838.127935, 5483877.945401], [469845.295165, 5483864.62075], [469934.69008, 5483698.027592], [469937.416559, 5483692.949142], [469940.367927, 5483687.451662], [469958.760757, 5483653.194857], [469964.468507, 5483642.609062], [470013.479138, 5483551.215478], [470019.146714, 5483540.63984], [470090.867652, 5483406.892404], [470092.746879, 5483403.453736], [470095.175783, 5483399.045349], [470098.434346, 5483393.067634], [470053.070786, 5483369.837523], [469964.972378, 5483322.707245], [469876.884529, 5483275.437134], [469832.940716, 5483251.618173], [469812.518299, 5483240.503416], [469729.720798, 5483208.850404], [469728.805808, 5483208.443754], [469728.011517, 5483208.090798], [469695.495441, 5483194.967459], [469615.162607, 5483162.914012], [469514.262159, 5483123.509855], [469407.740391, 5483067.872518], [469384.712677, 5483055.845394], [469302.450988, 5483007.800303], [469226.14252, 5482963.428139], [469166.928007, 5482920.835999], [469079.997027, 5482859.322126], [469014.876949, 5482816.415344], [469017.106021, 5482813.076711], [469016.534447, 5482812.655064], [469016.496143, 5482812.62686], [469141.61456, 5482572.307847], [469149.433908, 5482557.289516], [469150.623355, 5482553.47098], [469155.351198, 5482538.206666], [468928.770095, 5482476.907421], [468873.880799, 5482461.652583], [468802.788718, 5482441.989186], [468740.202596, 5482424.685175], [468691.480651, 5482410.089957], [468673.137893, 5482402.322455], [468667.140245, 5482399.773369], [468627.115321, 5482366.615347], [468604.083854, 5482339.794931], [468599.36582, 5482327.739447], [468601.755152, 5482316.913624], [468589.389608, 5482315.444074], [468569.176779, 5482324.650089], [468544.245538, 5482336.00537], [468515.956383, 5482340.873206], [468509.506975, 5482338.074796], [468500.382551, 5482334.115644], [468482.340557, 5482326.16882], [468389.520921, 5482284.674562], [468387.411764, 5482283.73481], [468381.784176, 5482281.215771], [468346.049029, 5482265.26149], [468331.065293, 5482258.564115], [468304.266298, 5482250.627149], [468276.218162, 5482250.626686], [468219.391973, 5482256.563642], [468169.542906, 5482262.000661], [468121.143264, 5482261.569481], [468034.661051, 5482248.92044], [467985.303052, 5482241.13025], [467936.491105, 5482230.85703], [467866.925594, 5482214.327202], [467806.568351, 5482199.90498], [467781.337868, 5482194.40761], [467754.257783, 5482187.56072], [467715.372479, 5482172.587447], [467689.275396, 5482158.07151], [467682.99365, 5482154.577332], [467654.255437, 5482138.591694], [467620.857876, 5482117.680422], [467617.794793, 5482118.864974], [467617.721691, 5482118.891476], [467601.335184, 5482124.858303], [467589.530928, 5482129.156537], [467586.990378, 5482130.081633], [467574.447816, 5482135.201224], [467546.601768, 5482146.301573], [467512.727351, 5482159.87305], [467490.768073, 5482168.627252], [467487.075578, 5482170.099327], [467473.580579, 5482175.57371], [467461.604752, 5482180.391365], [467434.551062, 5482191.27469], [467426.184279, 5482194.563136], [467421.58454, 5482196.426073], [467415.57841, 5482198.707151], [467406.607204, 5482202.052617], [467382.270506, 5482211.252786], [467359.32894, 5482220.034787], [467354.159057, 5482221.631491], [467323.310739, 5482227.79033], [467315.283099, 5482229.480603], [467293.971691, 5482233.968017], [467274.185332, 5482238.872661], [467253.068371, 5482245.069757], [467222.638052, 5482254.137251], [467195.970906, 5482262.34955], [467189.239449, 5482264.784855], [467188.417748, 5482265.082088], [467168.227955, 5482272.386651], [467144.088554, 5482281.245058], [467137.25025, 5482283.754385], [467130.316535, 5482286.472457], [467118.91237, 5482291.908646], [467118.775672, 5482291.971647], [467098.780755, 5482301.177876], [467095.38178, 5482302.742865], [467092.005303, 5482304.30635], [467059.298633, 5482319.450712], [467049.737243, 5482323.877983], [467039.902727, 5482328.572547], [467011.315757, 5482343.778331], [467004.218188, 5482347.949764], [466983.469803, 5482360.143782], [466951.088867, 5482380.747917], [466926.588138, 5482397.037122], [466906.671669, 5482410.361464], [466888.040043, 5482424.693059], [466875.211669, 5482434.448832], [466865.458108, 5482441.866211], [466852.423954, 5482451.778383], [466836.818691, 5482463.886023], [466806.550788, 5482490.231163], [466773.043666, 5482519.559916], [466739.798491, 5482550.276334], [466711.87609, 5482576.298208], [466691.498486, 5482596.880634], [466690.328948, 5482598.061947], [466668.983097, 5482620.548086], [466653.918479, 5482636.967798], [466646.41669, 5482645.144474], [466621.220163, 5482672.876193], [466609.215004, 5482686.143505], [466601.991122, 5482694.973928], [466585.455386, 5482715.187049], [466566.374477, 5482739.174696], [466563.426201, 5482742.88105], [466555.920854, 5482752.778982], [466534.316594, 5482781.269814], [466509.717016, 5482817.493924], [466506.081507, 5482823.003769], [466477.67676, 5482866.05188], [466443.075626, 5482918.495626], [466428.301935, 5482941.300376], [466411.144956, 5482967.783553], [466402.079754, 5482981.776112], [466415.031012, 5482989.26068], [466421.374662, 5482993.973036], [466427.088924, 5482998.948075], [466431.453295, 5483004.403307], [466435.358289, 5483011.26662], [466440.966003, 5483026.94431], [466442.468387, 5483034.846291], [466443.204891, 5483043.357386], [466443.299958, 5483048.562747], [466442.260873, 5483056.667955], [466440.598477, 5483063.941958], [466439.409022, 5483067.213023], [466438.104666, 5483070.800098], [466434.156153, 5483078.697691], [466432.49358, 5483081.19156], [466434.232332, 5483086.966603], [466438.312864, 5483100.519207], [466447.993564, 5483098.697071], [466488.804506, 5483250.579779], [466491.69509, 5483261.219828], [466520.155115, 5483365.978397], [466536.510032, 5483428.176453], [466536.615337, 5483428.577056], [466536.635738, 5483428.654656], [466536.641738, 5483428.677457], [466545.166751, 5483425.471874], [466566.503705, 5483417.448718], [466570.23749, 5483415.931872], [466626.358861, 5483393.131554], [466641.849326, 5483420.238407], [466678.786593, 5483470.282056], [466685.760633, 5483476.172594], [466687.324217, 5483477.493303], [466688.916802, 5483478.474408], [466688.994501, 5483478.522208], [466721.43578, 5483498.507457], [466721.465081, 5483498.525557], [466855.105566, 5483580.853503], [466922.932335, 5483622.637135], [466994.292716, 5483666.597546], [467141.83514, 5483757.587161], [467204.363549, 5483796.148263], [467310.535414, 5483861.419947], [467333.588175, 5483866.423835], [467334.234877, 5483866.781134], [467363.372574, 5483882.886007], [467382.997002, 5483906.287793], [467400.548811, 5483920.313797], [467402.000398, 5483921.473822], [467402.903692, 5483921.59332], [467403.18069, 5483921.62992], [467405.564773, 5483921.945115], [467412.673724, 5483922.885301], [467414.77631, 5483923.163396], [467418.758284, 5483923.689988], [467450.192797, 5483927.847015], [467491.358745, 5483952.964061], [467494.22496, 5483954.712733], [467515.97668, 5483967.984134], [467516.768982, 5483968.467546], [467519.947787, 5483970.406995], [467520.057087, 5483970.473696], [467520.880487, 5483970.976109], [467522.240688, 5483971.80583], [467583.894016, 5484007.615758], [467619.006659, 5484032.709284], [467620.604187, 5484033.850901], [467621.386402, 5484034.410011], [467623.625353, 5484036.010046], [467646.001355, 5484053.276519], [467657.204258, 5484061.921178], [467673.99583, 5484074.878412], [467703.317031, 5484097.504715], [467707.415775, 5484101.423106], [467707.740579, 5484101.733713], [467741.002508, 5484126.584998], [467745.471853, 5484128.130347], [467868.613461, 5484137.498514], [467869.389467, 5484137.557611], [467871.548884, 5484137.721805], [467872.791394, 5484137.816302], [467895.397159, 5484139.536459], [467902.822308, 5484140.101453], [467924.566778, 5484141.755985], [467927.5549, 5484141.983373], [467997.366485, 5484147.000557], [468041.003989, 5484150.137024], [468143.995972, 5484157.539358], [468166.745098, 5484159.212177], [468189.344361, 5484160.873883], [468188.554314, 5484200.112343], [468187.640712, 5484235.87443], [468187.115309, 5484258.475551], [468186.775292, 5484273.103712], [468186.00598, 5484304.416883], [468184.996146, 5484339.698471], [468184.274621, 5484370.09757], [468183.168355, 5484408.721693], [468182.437938, 5484437.653608], [468181.96612, 5484456.3404], [468181.100148, 5484490.515645], [468180.5361, 5484513.380429], [468180.234641, 5484525.604779], [468179.320755, 5484563.844132], [468178.454977, 5484599.798714], [468177.594291, 5484633.54876], [468177.493202, 5484637.508884], [468176.675796, 5484675.845087], [468176.002395, 5484710.693863], [468175.136544, 5484745.59036], [468174.463139, 5484780.486686], [468173.549412, 5484819.1591], [468172.635611, 5484857.686941], [468171.769262, 5484896.55207], [468170.903291, 5484931.59297], [468170.181883, 5484966.585527], [468169.412281, 5484997.321229], [468168.691031, 5485032.073218], [468167.632901, 5485075.434903], [468166.911457, 5485108.671824], [468166.141956, 5485142.798559], [468165.228083, 5485180.556729], [468164.362421, 5485218.651681], [468163.400519, 5485260.330005], [468162.534891, 5485297.967857], [468161.669147, 5485334.138859], [468160.899553, 5485369.275611], [468159.984149, 5485412.509814], [468159.605937, 5485429.502983], [468159.601937, 5485429.68548], [468159.583838, 5485430.496768], [468159.585839, 5485430.878462], [468177.780485, 5485424.182067], [468212.137067, 5485411.506057], [468292.276186, 5485381.915956], [468345.646077, 5485361.971386], [468389.23106, 5485345.683476], [468389.23366, 5485345.682476], [468406.790771, 5485339.121268], [468407.83758, 5485338.807247], [468427.346683, 5485332.955323], [468476.143566, 5485318.318607], [468477.779553, 5485317.823906], [468489.687168, 5485314.222874], [468555.97158, 5485294.177189], [468658.11008, 5485263.288604], [468675.343296, 5485272.064888], [468677.694514, 5485273.26296], [468684.052944, 5485276.502371], [468690.587296, 5485279.831572], [468752.990668, 5485311.589302], [468763.280607, 5485316.826066], [468771.167629, 5485320.834299], [468773.941626, 5485322.283368], [468847.99881, 5485360.967045], [468854.126515, 5485366.584568], [468870.334401, 5485381.421431], [468880.016557, 5485390.284861], [468909.745017, 5485417.514235], [468912.553965, 5485420.083216], [468930.097233, 5485439.165083], [468962.724349, 5485474.650575], [469057.967298, 5485410.714541], [469058.761285, 5485413.044462], [469060.546218, 5485418.281604], [469063.385261, 5485426.588365], [469065.674483, 5485433.305713], [469074.541496, 5485459.275339], [469081.888523, 5485480.806544], [469084.91729, 5485489.672881], [469088.645762, 5485500.608432], [469093.203946, 5485513.963118], [469096.632648, 5485523.999101], [469098.232053, 5485528.727184], [469102.780201, 5485526.657988], [469112.03449, 5485522.438519], [469190.935804, 5485486.462527], [469279.951293, 5485445.827803], [469281.076417, 5485445.310188]]]}}, {"type": "Feature", "properties": {"code": "150", "name": "Feudenheim", "id_name": "150 Feudenheim"}, "geometry": {"type": "Polygon", "coordinates": [[[466344.926519, 5482955.679508], [466348.248021, 5482954.76473], [466349.775837, 5482955.531304], [466400.598651, 5482981.032912], [466400.709551, 5482981.088612], [466402.002454, 5482981.737312], [466402.079754, 5482981.776112], [466411.144956, 5482967.783553], [466428.301935, 5482941.300376], [466443.075626, 5482918.495626], [466477.67676, 5482866.05188], [466506.081507, 5482823.003769], [466509.717016, 5482817.493924], [466534.316594, 5482781.269814], [466555.920854, 5482752.778982], [466563.426201, 5482742.88105], [466566.374477, 5482739.174696], [466585.455386, 5482715.187049], [466601.991122, 5482694.973928], [466609.215004, 5482686.143505], [466621.220163, 5482672.876193], [466646.41669, 5482645.144474], [466653.918479, 5482636.967798], [466668.983097, 5482620.548086], [466690.328948, 5482598.061947], [466691.498486, 5482596.880634], [466711.87609, 5482576.298208], [466739.798491, 5482550.276334], [466773.043666, 5482519.559916], [466806.550788, 5482490.231163], [466836.818691, 5482463.886023], [466852.423954, 5482451.778383], [466865.458108, 5482441.866211], [466875.211669, 5482434.448832], [466888.040043, 5482424.693059], [466906.671669, 5482410.361464], [466926.588138, 5482397.037122], [466951.088867, 5482380.747917], [466983.469803, 5482360.143782], [467004.218188, 5482347.949764], [467011.315757, 5482343.778331], [467039.902727, 5482328.572547], [467049.737243, 5482323.877983], [467059.298633, 5482319.450712], [467092.005303, 5482304.30635], [467095.38178, 5482302.742865], [467098.780755, 5482301.177876], [467118.775672, 5482291.971647], [467118.91237, 5482291.908646], [467130.316535, 5482286.472457], [467137.25025, 5482283.754385], [467144.088554, 5482281.245058], [467168.227955, 5482272.386651], [467188.417748, 5482265.082088], [467189.239449, 5482264.784855], [467195.970906, 5482262.34955], [467222.638052, 5482254.137251], [467253.068371, 5482245.069757], [467274.185332, 5482238.872661], [467293.971691, 5482233.968017], [467315.283099, 5482229.480603], [467323.310739, 5482227.79033], [467354.159057, 5482221.631491], [467359.32894, 5482220.034787], [467382.270506, 5482211.252786], [467406.607204, 5482202.052617], [467415.57841, 5482198.707151], [467421.58454, 5482196.426073], [467426.184279, 5482194.563136], [467434.551062, 5482191.27469], [467461.604752, 5482180.391365], [467473.580579, 5482175.57371], [467487.075578, 5482170.099327], [467490.768073, 5482168.627252], [467512.727351, 5482159.87305], [467546.601768, 5482146.301573], [467574.447816, 5482135.201224], [467586.990378, 5482130.081633], [467589.530928, 5482129.156537], [467601.335184, 5482124.858303], [467617.721691, 5482118.891476], [467617.794793, 5482118.864974], [467620.857876, 5482117.680422], [467591.388813, 5482063.132681], [467561.910029, 5482008.614406], [467531.443032, 5481952.297622], [467521.657039, 5481934.444999], [467512.664849, 5481918.331652], [467503.431625, 5481901.78641], [467486.592101, 5481871.61079], [467451.487686, 5481808.726302], [467423.519423, 5481767.413324], [467399.000323, 5481723.831206], [467381.287907, 5481687.955951], [467359.966901, 5481648.361422], [467353.78036, 5481637.756223], [467322.192927, 5481583.606446], [467316.620331, 5481573.390055], [467288.676868, 5481522.159569], [467262.381943, 5481474.075727], [467252.751128, 5481456.464174], [467229.98853, 5481413.279662], [467220.114193, 5481394.546422], [467188.487037, 5481329.029143], [467158.439727, 5481266.681223], [467129.581412, 5481202.743928], [467127.322248, 5481196.836145], [467125.85151, 5481193.000732], [467125.84761, 5481192.990632], [467125.255695, 5481191.447188], [467123.653657, 5481187.269672], [467099.892487, 5481125.202947], [467078.550135, 5481069.204956], [467072.458218, 5481049.920224], [467060.415529, 5481011.797221], [467051.654814, 5480983.574677], [467042.651196, 5480954.56922], [467038.092739, 5480935.934624], [467028.375621, 5480896.211819], [467014.110061, 5480837.963357], [467013.844643, 5480836.702855], [466998.634807, 5480764.481844], [466982.850856, 5480758.084408], [466980.666896, 5480748.416944], [466970.744921, 5480704.49411], [466968.475713, 5480694.477921], [466964.137182, 5480675.265317], [466960.968191, 5480661.210695], [466949.281878, 5480609.509978], [466942.011112, 5480607.869412], [466940.905887, 5480607.626588], [466937.103601, 5480606.791406], [466932.281495, 5480605.732307], [466925.056298, 5480604.506363], [466860.966636, 5480593.631432], [466819.411085, 5480586.579902], [466816.839726, 5480586.1436], [466707.667898, 5480566.836151], [466646.913961, 5480557.041792], [466581.914214, 5480546.544796], [466509.790983, 5480532.204976], [466453.760083, 5480520.77079], [466433.233741, 5480518.146528], [466400.718965, 5480514.83759], [466368.555266, 5480511.5641], [466355.869511, 5480510.272559], [466325.688421, 5480508.397031], [466316.051644, 5480508.096078], [466301.695124, 5480507.647997], [466292.51019, 5480508.023398], [466277.130376, 5480508.773881], [466235.049037, 5480512.617782], [466205.620234, 5480515.805016], [466189.968486, 5480517.773541], [466179.124833, 5480519.835729], [466142.667395, 5480527.147815], [466073.062473, 5480546.746281], [466069.424776, 5480547.770494], [466046.913419, 5480554.254308], [466028.093141, 5480559.675013], [466007.271118, 5480566.345396], [466000.158017, 5480568.703026], [465941.290141, 5480588.215706], [465934.292125, 5480591.340093], [465924.045074, 5480596.713864], [465922.4563, 5480597.551503], [465883.507029, 5480618.085045], [465837.89443, 5480642.204874], [465817.024917, 5480652.577473], [465745.532248, 5480686.069996], [465635.212084, 5480737.745903], [465556.24002, 5480774.795015], [465555.21361, 5480775.276527], [465545.973929, 5480779.611227], [465435.491764, 5480831.412156], [465285.57155, 5480901.896696], [465177.540206, 5480952.511487], [465078.706281, 5480999.170116], [464992.479104, 5481039.697385], [464906.181468, 5481080.013695], [464825.52759, 5481117.693221], [464753.590698, 5481151.401216], [464677.295848, 5481187.006325], [464608.162975, 5481219.272627], [464530.672663, 5481255.54571], [464459.529627, 5481288.865924], [464404.484773, 5481314.619637], [464396.403932, 5481318.335746], [464396.12883, 5481318.46234], [464395.876329, 5481318.578434], [464395.904327, 5481318.634133], [464395.915226, 5481318.655832], [464396.89565, 5481320.608294], [464434.685518, 5481400.704421], [464460.827327, 5481457.156134], [464464.37024, 5481464.780763], [464466.810517, 5481470.032283], [464491.460261, 5481523.079584], [464492.031644, 5481524.309196], [464517.533318, 5481581.273981], [464532.014053, 5481617.79772], [464545.726081, 5481661.561809], [464552.005238, 5481686.039001], [464561.231327, 5481734.480802], [464565.203874, 5481765.750137], [464567.24692, 5481789.266238], [464568.573066, 5481809.64607], [464569.752353, 5481827.769965], [464569.067379, 5481886.094135], [464564.965374, 5481930.749119], [464564.523091, 5481933.823167], [464564.402023, 5481934.66548], [464560.410004, 5481962.417818], [464557.027161, 5481977.707821], [464554.487041, 5481989.187846], [464541.729487, 5482037.260337], [464531.021881, 5482070.979656], [464516.027837, 5482111.834841], [464497.718758, 5482165.53989], [464493.59714, 5482177.204727], [464487.150828, 5482195.449441], [464480.36998, 5482214.640837], [464413.068882, 5482396.062104], [464386.70867, 5482467.119957], [464248.249112, 5482840.354887], [464319.216917, 5482874.547352], [464330.606596, 5482880.034967], [464344.264343, 5482886.615583], [464411.850026, 5482924.07871], [464415.68243, 5482921.278211], [464421.891348, 5482916.740912], [464435.794745, 5482914.423448], [464467.46392, 5482919.829361], [464490.148223, 5482922.285988], [464513.809198, 5482924.848414], [464529.61422, 5482926.004371], [464538.596297, 5482926.661408], [464608.816279, 5482931.798379], [464626.844772, 5482947.23959], [464627.771186, 5482948.032996], [464634.976376, 5482954.204191], [464730.398523, 5483027.515053], [464786.990443, 5483070.994413], [464866.065706, 5483131.747442], [464921.916073, 5483174.656598], [464951.023748, 5483197.019701], [464980.131744, 5483219.38284], [464985.87213, 5483223.793291], [465005.723435, 5483239.045447], [465034.625736, 5483261.25114], [465034.865736, 5483261.435536], [465067.033044, 5483286.149288], [465075.579891, 5483292.715642], [465204.611775, 5483261.250726], [465246.400157, 5483251.060308], [465305.16588, 5483236.729795], [465374.849945, 5483219.737218], [465429.254837, 5483206.470623], [465497.922131, 5483189.7257], [465561.681919, 5483174.177536], [465655.053895, 5483151.407714], [465655.550892, 5483151.286515], [465656.673485, 5483150.991216], [465685.440671, 5483143.424157], [465768.859945, 5483119.67201], [465815.145789, 5483106.347494], [465886.109748, 5483086.070909], [465947.746527, 5483068.401431], [465954.732568, 5483066.395396], [465966.303361, 5483063.07277], [466006.25571, 5483051.600341], [466073.453855, 5483032.772448], [466143.621612, 5483012.841749], [466203.595215, 5482995.556664], [466211.698686, 5482993.221168], [466294.099074, 5482969.676864], [466344.926519, 5482955.679508]]]}}, {"type": "Feature", "properties": {"code": "161", "name": "Neckarau", "id_name": "161 Neckarau"}, "geometry": {"type": "Polygon", "coordinates": [[[460466.075356, 5476959.200044], [460466.083156, 5476959.225044], [460466.089056, 5476959.243945], [460487.182932, 5477026.664024], [460498.453514, 5477062.686901], [460500.227031, 5477068.355503], [460504.178019, 5477080.984299], [460508.847869, 5477095.91085], [460524.462318, 5477145.819841], [460530.390865, 5477164.768633], [460534.955434, 5477179.357982], [460574.54963, 5477304.990883], [460588.477402, 5477349.183165], [460596.96434, 5477375.970518], [460596.973239, 5477375.998718], [460633.512557, 5477491.324766], [460635.450704, 5477497.442245], [460636.285382, 5477500.374737], [460641.035493, 5477517.063557], [460641.036393, 5477517.066657], [460641.257706, 5477517.843953], [460643.807061, 5477526.800507], [460643.888161, 5477526.850405], [460643.897861, 5477526.856405], [460674.318977, 5477545.542814], [460699.136186, 5477560.787447], [460712.460221, 5477567.110428], [460727.59092, 5477572.981812], [460745.883311, 5477575.465494], [460752.223631, 5477575.561464], [460760.788222, 5477575.69099], [460764.671372, 5477575.631613], [460790.372359, 5477575.238642], [460793.751852, 5477575.238581], [460809.305519, 5477575.238199], [460847.170409, 5477575.237398], [460871.445779, 5477575.236843], [460893.090997, 5477573.616722], [460893.096297, 5477573.616322], [460893.101097, 5477573.615922], [460904.642735, 5477572.752008], [460920.707357, 5477571.342728], [460928.180002, 5477570.687042], [460938.11545, 5477569.815286], [460980.119326, 5477565.523422], [460992.824237, 5477563.421727], [460996.11402, 5477562.877502], [461006.033483, 5477561.236626], [461008.781476, 5477560.781904], [461010.155173, 5477560.554694], [461020.430919, 5477560.990019], [461036.803677, 5477561.683472], [461039.849978, 5477562.149725], [461065.1119, 5477566.015938], [461081.067521, 5477568.457711], [461138.882628, 5477582.232163], [461218.378003, 5477601.653161], [461272.295674, 5477618.815316], [461284.307467, 5477622.638675], [461293.581266, 5477625.590651], [461294.701377, 5477625.801348], [461309.086634, 5477628.507401], [461316.39082, 5477629.881377], [461317.687732, 5477629.834172], [461344.453937, 5477628.860639], [461372.285332, 5477627.848251], [461466.881771, 5477624.036386], [461603.89863, 5477617.230817], [461617.969735, 5477625.108825], [461618.537345, 5477625.426533], [461624.388345, 5477628.70232], [461633.896857, 5477634.02563], [461666.624704, 5477652.348466], [461679.256306, 5477662.342253], [461679.284306, 5477662.364453], [461703.008862, 5477674.051646], [461707.478947, 5477676.371629], [461714.709241, 5477679.815494], [461725.463108, 5477685.113038], [461759.043097, 5477701.654945], [461785.449375, 5477714.66244], [461790.005506, 5477716.90748], [461796.992585, 5477720.151087], [461802.250786, 5477722.592317], [461818.920516, 5477730.331695], [461822.899969, 5477732.179142], [461829.78032, 5477735.373467], [461839.425656, 5477739.851334], [461897.002266, 5477766.581754], [461932.755231, 5477783.180467], [461942.184598, 5477787.558731], [461948.18625, 5477790.345671], [461960.139585, 5477796.289261], [461976.271215, 5477804.309481], [462006.775158, 5477819.474435], [462014.757875, 5477823.443656], [462052.209204, 5477842.062579], [462066.620666, 5477849.227532], [462076.105549, 5477853.764626], [462083.415303, 5477857.261126], [462119.712562, 5477874.623328], [462157.25978, 5477892.583489], [462161.989094, 5477894.845648], [462178.261427, 5477902.629307], [462178.792857, 5477902.883603], [462208.774985, 5477917.224584], [462242.546965, 5477933.378653], [462246.966258, 5477935.492761], [462261.13398, 5477942.269614], [462311.427129, 5477966.326433], [462311.48303, 5477966.353033], [462379.987543, 5477999.120634], [462383.445311, 5478000.774991], [462397.550869, 5478007.521883], [462423.587058, 5478019.97643], [462431.092301, 5478023.56598], [462431.060069, 5478022.847565], [462442.300142, 5478028.370613], [462446.040311, 5478030.208441], [462466.907602, 5478040.461729], [462467.999555, 5478040.998297], [462470.786703, 5478042.552515], [462486.939064, 5478051.559611], [462491.045156, 5478053.849354], [462499.316851, 5478058.462043], [462534.207356, 5478075.18595], [462542.601947, 5478079.209818], [462545.908458, 5478080.794709], [462546.744286, 5478081.195406], [462547.142438, 5478082.273025], [462550.830486, 5478092.258096], [462554.439249, 5478102.029279], [462555.567471, 5478105.084198], [462556.056081, 5478106.407105], [462558.30363, 5478112.492531], [462558.679539, 5478113.510334], [462563.419259, 5478126.343643], [462566.317643, 5478134.19152], [462564.025553, 5478141.723071], [462563.791558, 5478142.492105], [462562.849779, 5478145.58674], [462562.102196, 5478148.043245], [462558.069043, 5478150.173536], [462557.02093, 5478150.727184], [462556.021917, 5478151.254929], [462531.976392, 5478163.955878], [462524.011455, 5478168.163063], [462522.107749, 5478169.168532], [462519.343842, 5478170.628432], [462518.751752, 5478171.438864], [462517.085183, 5478173.719555], [462513.622953, 5478178.457744], [462510.907568, 5478184.262739], [462497.827935, 5478212.223954], [462492.846556, 5478222.872767], [462489.066664, 5478231.029527], [462469.96316, 5478272.256544], [462467.540758, 5478275.652352], [462455.129687, 5478293.049968], [462439.066257, 5478315.566651], [462434.733123, 5478321.640696], [462429.861657, 5478332.048943], [462424.797127, 5478342.869702], [462420.345592, 5478352.22963], [462409.775826, 5478374.453486], [462408.209579, 5478377.746469], [462407.944089, 5478378.304682], [462374.497157, 5478448.629186], [462363.126731, 5478472.536187], [462362.364774, 5478474.138218], [462362.371774, 5478474.141418], [462362.377774, 5478474.144218], [462380.443478, 5478482.409957], [462400.437172, 5478491.946986], [462410.873676, 5478496.925225], [462442.555532, 5478512.037616], [462465.237135, 5478522.857133], [462496.376826, 5478537.711462], [462503.648803, 5478541.180347], [462504.852333, 5478541.754478], [462506.052263, 5478542.326808], [462509.543753, 5478543.992498], [462516.569839, 5478547.344081], [462553.374959, 5478564.894635], [462575.169942, 5478575.28796], [462575.864356, 5478575.619097], [462618.541969, 5478595.971765], [462637.404402, 5478604.967112], [462638.750144, 5478605.608763], [462639.358559, 5478605.898979], [462646.880976, 5478609.484982], [462660.29795, 5478615.891584], [462671.997265, 5478621.47818], [462677.773853, 5478624.23665], [462704.845947, 5478637.164646], [462717.968886, 5478643.431421], [462730.123999, 5478649.23614], [462745.389005, 5478656.526067], [462760.011863, 5478663.509529], [462780.011776, 5478673.060916], [462784.884992, 5478675.388265], [462786.541199, 5478676.179113], [462817.824041, 5478691.118844], [462840.84699, 5478702.054196], [462853.295253, 5478707.966777], [462862.911684, 5478712.534417], [462870.040395, 5478715.920375], [462880.004993, 5478720.653471], [462887.996176, 5478724.449157], [462913.60333, 5478736.61235], [462930.108081, 5478744.443201], [462942.995183, 5478750.557594], [462959.181267, 5478758.23732], [462980.008824, 5478768.119226], [462987.456661, 5478770.814417], [462988.458565, 5478771.176989], [462995.468977, 5478773.713868], [463020.89496, 5478785.63498], [463029.90168, 5478789.857831], [463047.590331, 5478798.151484], [463052.676331, 5478800.536093], [463059.371553, 5478803.675174], [463080.261605, 5478805.755841], [463080.52381, 5478805.781935], [463080.54041, 5478805.783634], [463081.201821, 5478805.849517], [463089.375452, 5478806.663509], [463092.718704, 5478806.996524], [463099.273992, 5478807.649411], [463144.571215, 5478821.759911], [463172.367635, 5478830.419704], [463175.837813, 5478831.500688], [463189.949943, 5478836.16979], [463209.55641, 5478842.6566], [463235.470315, 5478851.230301], [463254.382976, 5478873.873291], [463272.796197, 5478895.917498], [463294.896021, 5478922.478076], [463343.179005, 5478980.507185], [463372.825622, 5479016.120361], [463374.634399, 5479018.293202], [463386.184503, 5479032.168104], [463388.897445, 5479035.427154], [463391.406888, 5479038.439514], [463436.919129, 5479093.075191], [463459.789015, 5479120.5294], [463478.318775, 5479142.646793], [463484.424893, 5479149.935167], [463498.497574, 5479166.732831], [463503.51831, 5479172.725776], [463520.250419, 5479192.987594], [463544.0082, 5479221.755982], [463544.824991, 5479222.168672], [463552.507067, 5479226.050389], [463578.420556, 5479253.796853], [463586.796526, 5479264.529061], [463619.152413, 5479299.964742], [463619.594805, 5479300.449157], [463620.037196, 5479300.933671], [463632.456685, 5479314.535376], [463637.466516, 5479320.022139], [463637.508915, 5479320.068641], [463638.130207, 5479320.749061], [463638.339204, 5479320.977968], [463638.378004, 5479321.020469], [463638.413504, 5479321.05927], [463640.740855, 5479319.260657], [463643.903986, 5479316.81644], [463644.371876, 5479316.454738], [463650.120644, 5479312.012306], [463657.509407, 5479306.302309], [463659.969731, 5479304.401076], [463670.956124, 5479295.863527], [463678.10475, 5479290.308329], [463678.165249, 5479290.261329], [463691.332456, 5479280.029452], [463691.343756, 5479280.020652], [463696.236055, 5479276.218884], [463699.108358, 5479274.000544], [463720.348566, 5479257.597457], [463720.440865, 5479257.526155], [463730.448028, 5479249.79762], [463732.351292, 5479248.325175], [463742.091561, 5479240.788946], [463744.019928, 5479239.297001], [463752.959868, 5479232.38027], [463752.977668, 5479232.36647], [463755.300902, 5479230.568896], [463755.94301, 5479230.060276], [463761.75917, 5479225.45239], [463774.549483, 5479216.441605], [463780.491042, 5479212.255627], [463788.215343, 5479206.744494], [463806.248946, 5479193.877709], [463808.78396, 5479192.069084], [463827.961299, 5479178.424486], [463847.332325, 5479164.641479], [463877.167578, 5479143.287696], [463882.845463, 5479139.22391], [463887.490078, 5479135.899641], [463916.0172, 5479115.529355], [463916.043399, 5479115.510654], [463919.870669, 5479112.77776], [463943.712559, 5479095.773164], [463955.93587, 5479087.055456], [463964.9099, 5479080.592653], [463968.065434, 5479078.320117], [463974.820583, 5479073.49254], [463979.706665, 5479070.074183], [463985.486716, 5479066.030617], [464005.51963, 5479051.754686], [464022.565429, 5479039.607466], [464032.371174, 5479032.619747], [464038.405263, 5479028.306441], [464038.408263, 5479028.304241], [464054.501969, 5479016.800091], [464071.83607, 5479004.408968], [464077.671315, 5479000.253547], [464077.687015, 5479000.242347], [464117.339648, 5478972.004427], [464160.387818, 5478941.290963], [464160.418117, 5478941.269363], [464163.776651, 5478938.873093], [464175.787244, 5478930.31758], [464202.123306, 5478915.331146], [464207.170994, 5478912.628623], [464248.912473, 5478890.279723], [464260.816061, 5478883.878689], [464283.049484, 5478871.922884], [464304.64854, 5478860.308154], [464325.113874, 5478849.365763], [464358.471099, 5478831.530307], [464366.195031, 5478827.400451], [464391.151163, 5478814.005871], [464429.121733, 5478793.626226], [464432.915243, 5478791.592061], [464438.032163, 5478788.848374], [464492.160758, 5478759.824328], [464511.368783, 5478749.486322], [464513.628364, 5478748.270233], [464527.432084, 5478740.840899], [464555.43784, 5478725.855], [464562.00743, 5478722.33945], [464576.179133, 5478714.755876], [464594.170061, 5478705.099922], [464609.102107, 5478697.085717], [464638.597123, 5478681.261145], [464648.907971, 5478675.570786], [464649.222264, 5478675.397387], [464647.624909, 5478671.202585], [464646.948385, 5478669.398985], [464641.545173, 5478654.995379], [464641.505371, 5478654.889179], [464640.386123, 5478651.905377], [464626.574389, 5478614.581563], [464618.177591, 5478590.416554], [464616.928962, 5478586.540653], [464616.925762, 5478586.530753], [464612.654696, 5478573.273649], [464612.652196, 5478573.265749], [464611.020038, 5478568.199348], [464610.440617, 5478566.342847], [464606.822996, 5478554.752445], [464601.764702, 5478538.545892], [464596.407111, 5478521.379654], [464595.408651, 5478517.646545], [464595.405051, 5478517.633145], [464592.862245, 5478508.126561], [464588.633385, 5478492.316733], [464584.3217, 5478476.196343], [464582.529896, 5478469.497449], [464582.523597, 5478469.473749], [464581.654745, 5478466.225452], [464581.334563, 5478465.027953], [464581.148773, 5478464.333654], [464575.412536, 5478440.62626], [464574.054262, 5478435.012496], [464569.021527, 5478414.211096], [464568.028803, 5478410.108595], [464567.465429, 5478407.180265], [464567.115807, 5478405.363608], [464557.888682, 5478357.423522], [464555.549706, 5478339.015731], [464553.909812, 5478326.109401], [464552.383223, 5478309.756514], [464551.227621, 5478297.377092], [464549.432333, 5478278.144732], [464548.136268, 5478226.104681], [464548.348064, 5478218.189815], [464548.830413, 5478200.159136], [464549.434315, 5478189.066805], [464549.591934, 5478186.171144], [464550.121126, 5478176.450242], [464550.635463, 5478170.43242], [464551.011985, 5478166.028108], [464551.124731, 5478164.708304], [464551.734141, 5478157.578981], [464552.704277, 5478146.230536], [464552.766057, 5478145.751334], [464557.176033, 5478111.53739], [464557.526869, 5478109.639542], [464563.074092, 5478079.62328], [464563.238664, 5478078.732457], [464565.487365, 5478067.818503], [464569.99756, 5478045.928055], [464571.72392, 5478038.513212], [464573.021111, 5478032.941998], [464586.69685, 5477974.204316], [464602.601473, 5477908.246359], [464613.214603, 5477864.214414], [464620.056514, 5477835.827953], [464628.404052, 5477800.442619], [464628.320152, 5477800.332119], [464619.345574, 5477788.532614], [464613.214687, 5477780.365358], [464611.491658, 5477778.070178], [464611.444957, 5477778.007879], [464601.605953, 5477764.901358], [464595.299489, 5477756.549825], [464576.715894, 5477731.939413], [464525.698302, 5477664.045146], [464516.829608, 5477652.242607], [464506.962593, 5477639.132668], [464500.277883, 5477630.251013], [464478.471106, 5477601.278046], [464478.453405, 5477601.254547], [464477.514659, 5477600.007273], [464475.776076, 5477597.697219], [464475.753475, 5477597.66722], [464475.728674, 5477597.63432], [464473.538971, 5477594.724973], [464462.999307, 5477580.721751], [464447.11243, 5477559.659269], [464408.602941, 5477508.604938], [464366.635439, 5477452.864679], [464366.628539, 5477452.85558], [464365.191951, 5477450.947758], [464359.742727, 5477443.710357], [464354.006201, 5477436.091272], [464346.56421, 5477426.290561], [464337.855235, 5477414.821743], [464297.332052, 5477361.458522], [464295.78277, 5477359.41858], [464295.660155, 5477359.2571], [464260.024897, 5477311.184594], [464253.141507, 5477301.898205], [464251.671113, 5477299.914458], [464244.46477, 5477288.073059], [464240.131137, 5477280.950904], [464237.374574, 5477276.420052], [464213.917907, 5477243.678559], [464202.962278, 5477228.685536], [464189.379648, 5477210.097641], [464188.606441, 5477209.039585], [464178.667579, 5477195.438929], [464175.725457, 5477191.412856], [464174.835712, 5477190.195406], [464123.347243, 5477121.648762], [464122.978759, 5477121.15825], [464121.260133, 5477118.870197], [464118.092563, 5477114.653399], [464115.07958, 5477110.642307], [464099.081706, 5477089.34483], [464091.417819, 5477078.993259], [464078.952018, 5477062.155662], [464079.061815, 5477061.745641], [464079.735193, 5477059.231812], [464100.123804, 5476983.123673], [464116.116837, 5476927.004688], [464122.677338, 5476903.344545], [464125.358279, 5476879.540075], [464125.957606, 5476874.216932], [464128.541534, 5476858.956847], [464130.221851, 5476851.953814], [464131.176989, 5476847.972946], [464131.441644, 5476846.870043], [464132.715924, 5476841.559139], [464137.486865, 5476829.430371], [464140.866362, 5476822.869149], [464142.795964, 5476820.14205], [464120.498378, 5476802.278917], [464089.238526, 5476776.371176], [464054.631199, 5476747.370173], [464033.242025, 5476729.536989], [464020.80763, 5476719.169954], [464007.440606, 5476726.184786], [463983.588298, 5476738.799313], [463969.542499, 5476746.227895], [463963.000219, 5476749.483904], [463951.343347, 5476736.167552], [463908.003132, 5476686.830359], [463894.376897, 5476671.430698], [463891.550503, 5476668.236547], [463889.185393, 5476665.563789], [463889.098596, 5476665.46549], [463888.448022, 5476664.730401], [463887.876644, 5476664.051511], [463830.558026, 5476703.734351], [463801.418182, 5476721.123595], [463772.341368, 5476736.935484], [463717.675259, 5476764.977407], [463689.126509, 5476777.925939], [463664.872569, 5476788.406746], [463581.571108, 5476819.286404], [463553.2103, 5476826.748077], [463446.365141, 5476854.855724], [463385.989, 5476868.100478], [463330.44876, 5476878.002134], [463288.149804, 5476885.142036], [463271.939601, 5476887.877879], [463244.261864, 5476892.197973], [463216.630787, 5476896.523343], [463195.64594, 5476899.243141], [463064.967661, 5476916.180427], [463037.332711, 5476919.179436], [463013.841009, 5476921.732862], [462989.222713, 5476924.016362], [462938.770931, 5476929.285936], [462912.752623, 5476931.695459], [462905.908443, 5476932.476302], [462850.060241, 5476935.9309], [462825.884916, 5476937.239673], [462801.581502, 5476938.359752], [462776.924255, 5476939.49482], [462753.094478, 5476940.401764], [462648.786353, 5476943.246707], [462627.312892, 5476943.426999], [462540.823126, 5476940.710089], [462515.592118, 5476939.91737], [462511.653853, 5476939.79375], [462508.560701, 5476939.696613], [462478.425576, 5476938.750246], [462453.14208, 5476938.233524], [462379.239034, 5476936.348489], [462355.427558, 5476935.340021], [462331.15524, 5476934.31446], [462306.750368, 5476932.989197], [462282.223576, 5476931.754887], [462247.21213, 5476929.520435], [462217.494627, 5476927.110981], [462184.682796, 5476924.49335], [462160.029957, 5476922.382321], [462134.832432, 5476920.325198], [462127.895031, 5476919.789591], [462109.935523, 5476918.403525], [462085.907308, 5476916.440055], [462070.380841, 5476915.045119], [462060.703291, 5476914.175427], [462035.310336, 5476912.200344], [462010.423562, 5476910.165667], [461986.114838, 5476908.27623], [461961.589019, 5476906.254567], [461936.917079, 5476904.123544], [461902.158486, 5476901.210332], [461867.385388, 5476898.475756], [461860.073453, 5476897.938498], [461832.598682, 5476895.919763], [461788.965986, 5476892.969007], [461745.315224, 5476890.298626], [461701.648058, 5476887.909225], [461673.420625, 5476886.513832], [461645.188185, 5476885.235024], [461616.950424, 5476884.07353], [461571.012736, 5476882.196023], [461533.591576, 5476880.529856], [461525.08336, 5476880.150938], [461479.161541, 5476877.937557], [461433.118731, 5476875.548397], [461387.085365, 5476872.990541], [461341.061426, 5476870.263823], [461309.036312, 5476868.267379], [461277.016446, 5476866.189252], [461245.00199, 5476864.029905], [461215.040792, 5476862.342202], [461185.04738, 5476861.39367], [461155.039673, 5476861.185351], [461125.517691, 5476861.702706], [461096.016925, 5476862.936553], [461071.538092, 5476864.556255], [461066.554894, 5476864.885974], [461038.979853, 5476867.109721], [461011.414929, 5476869.458055], [460983.860645, 5476871.93067], [460944.902815, 5476875.640995], [460905.969721, 5476879.600074], [460867.062506, 5476883.807904], [460834.60053, 5476887.509623], [460802.15883, 5476891.384361], [460769.738045, 5476895.43216], [460739.257146, 5476899.565744], [460708.845326, 5476904.18056], [460678.510257, 5476909.275714], [460628.971289, 5476918.664319], [460579.69233, 5476929.334201], [460530.70708, 5476941.277721], [460493.224035, 5476951.333134], [460466.075356, 5476959.200044]]]}}, {"type": "Feature", "properties": {"code": "162", "name": "Niederfeld", "id_name": "162 Niederfeld"}, "geometry": {"type": "Polygon", "coordinates": [[[461985.086505, 5479269.339803], [461995.340376, 5479247.278312], [462010.414223, 5479214.013192], [462016.980246, 5479199.522885], [462018.826334, 5479195.449247], [462024.570192, 5479183.151992], [462036.108551, 5479158.449232], [462037.478295, 5479155.516917], [462045.027499, 5479139.354606], [462050.605221, 5479127.413208], [462055.773813, 5479116.34761], [462062.108224, 5479102.786375], [462068.447552, 5479089.214486], [462073.838494, 5479077.981946], [462079.863831, 5479065.427516], [462087.245808, 5479050.046486], [462096.928208, 5479029.872639], [462098.053165, 5479027.528849], [462098.541689, 5479026.511053], [462108.056427, 5479006.686042], [462113.455742, 5478995.443355], [462118.478673, 5478984.984528], [462125.460114, 5478970.447517], [462126.845875, 5478967.562294], [462133.108428, 5478954.522334], [462141.168995, 5478937.73894], [462147.444114, 5478924.672836], [462160.670534, 5478897.086508], [462170.921427, 5478875.706871], [462182.010416, 5478852.579362], [462192.943639, 5478829.776724], [462199.250028, 5478816.525155], [462206.521562, 5478801.245481], [462207.581774, 5478799.017707], [462211.862038, 5478790.023635], [462224.578507, 5478763.298555], [462232.11017, 5478747.469331], [462232.883723, 5478745.849392], [462239.255332, 5478732.506273], [462240.309473, 5478730.29887], [462257.050836, 5478695.23916], [462267.051303, 5478674.296193], [462267.931699, 5478672.452369], [462268.17907, 5478671.934362], [462269.337534, 5478669.494932], [462272.175005, 5478663.519668], [462279.686598, 5478647.701643], [462285.376577, 5478635.720204], [462292.471689, 5478620.779811], [462299.060598, 5478606.905627], [462302.233804, 5478600.223798], [462306.189582, 5478591.894038], [462307.930746, 5478588.227556], [462315.543891, 5478572.267733], [462331.985411, 5478537.800742], [462346.629469, 5478507.102292], [462362.364774, 5478474.138218], [462363.126731, 5478472.536187], [462374.497157, 5478448.629186], [462407.944089, 5478378.304682], [462408.209579, 5478377.746469], [462409.775826, 5478374.453486], [462420.345592, 5478352.22963], [462424.797127, 5478342.869702], [462429.861657, 5478332.048943], [462434.733123, 5478321.640696], [462439.066257, 5478315.566651], [462455.129687, 5478293.049968], [462467.540758, 5478275.652352], [462469.96316, 5478272.256544], [462489.066664, 5478231.029527], [462492.846556, 5478222.872767], [462497.827935, 5478212.223954], [462510.907568, 5478184.262739], [462513.622953, 5478178.457744], [462517.085183, 5478173.719555], [462518.751752, 5478171.438864], [462519.343842, 5478170.628432], [462522.107749, 5478169.168532], [462524.011455, 5478168.163063], [462531.976392, 5478163.955878], [462556.021917, 5478151.254929], [462557.02093, 5478150.727184], [462558.069043, 5478150.173536], [462562.102196, 5478148.043245], [462562.849779, 5478145.58674], [462563.791558, 5478142.492105], [462564.025553, 5478141.723071], [462566.317643, 5478134.19152], [462563.419259, 5478126.343643], [462558.679539, 5478113.510334], [462558.30363, 5478112.492531], [462556.056081, 5478106.407105], [462555.567471, 5478105.084198], [462554.439249, 5478102.029279], [462550.830486, 5478092.258096], [462547.142438, 5478082.273025], [462546.744286, 5478081.195406], [462545.908458, 5478080.794709], [462542.601947, 5478079.209818], [462534.207356, 5478075.18595], [462499.316851, 5478058.462043], [462491.045156, 5478053.849354], [462486.939064, 5478051.559611], [462470.786703, 5478042.552515], [462467.999555, 5478040.998297], [462466.907602, 5478040.461729], [462446.040311, 5478030.208441], [462442.300142, 5478028.370613], [462431.060069, 5478022.847565], [462431.092301, 5478023.56598], [462423.587058, 5478019.97643], [462397.550869, 5478007.521883], [462383.445311, 5478000.774991], [462379.987543, 5477999.120634], [462311.48303, 5477966.353033], [462311.427129, 5477966.326433], [462261.13398, 5477942.269614], [462246.966258, 5477935.492761], [462242.546965, 5477933.378653], [462208.774985, 5477917.224584], [462178.792857, 5477902.883603], [462178.261427, 5477902.629307], [462161.989094, 5477894.845648], [462157.25978, 5477892.583489], [462119.712562, 5477874.623328], [462083.415303, 5477857.261126], [462076.105549, 5477853.764626], [462066.620666, 5477849.227532], [462052.209204, 5477842.062579], [462014.757875, 5477823.443656], [462006.775158, 5477819.474435], [461976.271215, 5477804.309481], [461960.139585, 5477796.289261], [461948.18625, 5477790.345671], [461942.184598, 5477787.558731], [461932.755231, 5477783.180467], [461897.002266, 5477766.581754], [461839.425656, 5477739.851334], [461829.78032, 5477735.373467], [461822.899969, 5477732.179142], [461818.920516, 5477730.331695], [461802.250786, 5477722.592317], [461796.992585, 5477720.151087], [461790.005506, 5477716.90748], [461785.449375, 5477714.66244], [461759.043097, 5477701.654945], [461725.463108, 5477685.113038], [461714.709241, 5477679.815494], [461707.478947, 5477676.371629], [461703.008862, 5477674.051646], [461679.284306, 5477662.364453], [461679.256306, 5477662.342253], [461666.624704, 5477652.348466], [461633.896857, 5477634.02563], [461624.388345, 5477628.70232], [461618.537345, 5477625.426533], [461617.969735, 5477625.108825], [461603.89863, 5477617.230817], [461466.881771, 5477624.036386], [461372.285332, 5477627.848251], [461344.453937, 5477628.860639], [461317.687732, 5477629.834172], [461316.39082, 5477629.881377], [461309.086634, 5477628.507401], [461294.701377, 5477625.801348], [461293.581266, 5477625.590651], [461284.307467, 5477622.638675], [461272.295674, 5477618.815316], [461218.378003, 5477601.653161], [461138.882628, 5477582.232163], [461081.067521, 5477568.457711], [461065.1119, 5477566.015938], [461039.849978, 5477562.149725], [461036.803677, 5477561.683472], [461020.430919, 5477560.990019], [461010.155173, 5477560.554694], [461008.781476, 5477560.781904], [461006.033483, 5477561.236626], [460996.11402, 5477562.877502], [460992.824237, 5477563.421727], [460980.119326, 5477565.523422], [460938.11545, 5477569.815286], [460928.180002, 5477570.687042], [460920.707357, 5477571.342728], [460904.642735, 5477572.752008], [460893.101097, 5477573.615922], [460893.096297, 5477573.616322], [460893.090997, 5477573.616722], [460871.445779, 5477575.236843], [460847.170409, 5477575.237398], [460809.305519, 5477575.238199], [460793.751852, 5477575.238581], [460790.372359, 5477575.238642], [460764.671372, 5477575.631613], [460760.788222, 5477575.69099], [460752.223631, 5477575.561464], [460745.883311, 5477575.465494], [460727.59092, 5477572.981812], [460712.460221, 5477567.110428], [460699.136186, 5477560.787447], [460674.318977, 5477545.542814], [460643.897861, 5477526.856405], [460643.888161, 5477526.850405], [460643.807061, 5477526.800507], [460641.257706, 5477517.843953], [460641.036393, 5477517.066657], [460641.035493, 5477517.063557], [460636.285382, 5477500.374737], [460635.450704, 5477497.442245], [460633.512557, 5477491.324766], [460596.973239, 5477375.998718], [460596.96434, 5477375.970518], [460588.477402, 5477349.183165], [460574.54963, 5477304.990883], [460534.955434, 5477179.357982], [460530.390865, 5477164.768633], [460524.462318, 5477145.819841], [460508.847869, 5477095.91085], [460504.178019, 5477080.984299], [460500.227031, 5477068.355503], [460498.453514, 5477062.686901], [460487.182932, 5477026.664024], [460466.089056, 5476959.243945], [460466.083156, 5476959.225044], [460466.075356, 5476959.200044], [460455.948944, 5476962.134428], [460418.897554, 5476973.677435], [460374.296749, 5476988.658463], [460330.071688, 5477004.714601], [460286.248035, 5477021.836015], [460274.680658, 5477026.670624], [460245.532922, 5477038.852105], [460205.213652, 5477056.786425], [460165.310871, 5477075.630495], [460130.955344, 5477092.7558], [460096.944185, 5477110.555402], [460063.291224, 5477129.022498], [460030.474891, 5477147.876485], [459998.031455, 5477167.36529], [459965.973833, 5477187.482061], [459935.407288, 5477208.045712], [459905.777287, 5477229.937389], [459877.140953, 5477253.114591], [459850.008996, 5477277.112779], [459823.943224, 5477302.264465], [459798.992248, 5477328.522954], [459768.753813, 5477363.674929], [459740.512407, 5477400.451433], [459732.644916, 5477411.967381], [459714.355305, 5477438.738221], [459694.249341, 5477471.643003], [459675.683633, 5477505.440875], [459658.698214, 5477540.059955], [459613.534235, 5477643.677957], [459608.312665, 5477655.166335], [459606.877255, 5477658.322627], [459596.393165, 5477681.375755], [459577.584402, 5477725.537007], [459568.865858, 5477752.20636], [459559.682753, 5477780.702915], [459544.187707, 5477836.598546], [459532.482148, 5477897.084485], [459526.471615, 5477942.308454], [459522.353074, 5477997.931373], [459524.134693, 5478117.282723], [459530.754471, 5478175.56301], [459554.116808, 5478284.10283], [459569.679469, 5478335.45141], [459596.309527, 5478410.627815], [459629.719232, 5478483.046907], [459669.625987, 5478552.099123], [459697.446337, 5478595.861347], [459728.129561, 5478638.891969], [459763.971335, 5478683.802365], [459802.748377, 5478726.336811], [459843.237566, 5478765.869219], [459883.329763, 5478800.85796], [459933.830319, 5478838.802971], [459982.377212, 5478870.715251], [460029.005035, 5478896.765714], [460035.504395, 5478900.139899], [460083.464788, 5478923.212088], [460134.27449, 5478944.576582], [460183.314784, 5478962.994131], [460229.303909, 5478980.368956], [460276.017878, 5478997.933006], [460322.489278, 5479015.509727], [460369.304923, 5479033.168812], [460415.68892, 5479050.666888], [460462.703538, 5479068.555382], [460509.315379, 5479085.870912], [460555.56176, 5479103.381555], [460601.710423, 5479120.954062], [460693.903482, 5479155.930476], [460736.728115, 5479173.057979], [460774.156585, 5479190.050947], [460810.760083, 5479211.524072], [460881.359614, 5479252.938219], [460894.57097, 5479261.470167], [460907.002069, 5479271.103525], [460907.051868, 5479271.149525], [460907.662575, 5479271.144011], [460908.16828, 5479271.139499], [460930.336016, 5479270.939778], [460937.152191, 5479270.878401], [461073.92305, 5479269.648245], [461074.015251, 5479269.647443], [461080.584921, 5479269.588239], [461130.198069, 5479269.14148], [461199.266522, 5479268.52069], [461218.410653, 5479268.348573], [461218.585854, 5479268.346972], [461249.791623, 5479268.066396], [461250.617231, 5479268.058986], [461250.775933, 5479268.057584], [461253.577163, 5479268.03235], [461258.784818, 5479267.985488], [461258.811618, 5479266.683361], [461259.704408, 5479232.575539], [461259.762358, 5479228.042492], [461259.887868, 5479218.229175], [461259.985155, 5479210.633831], [461261.31606, 5479106.635562], [461261.43706, 5479097.183474], [461260.744611, 5479090.08486], [461255.204746, 5479075.541488], [461239.358962, 5479036.5507], [461235.620216, 5479027.351212], [461222.311248, 5478994.600149], [461202.331024, 5478944.643406], [461192.881414, 5478921.015928], [461188.973686, 5478912.013692], [461183.945382, 5478900.429877], [461182.887689, 5478897.993207], [461169.995891, 5478868.293897], [461138.491616, 5478790.895792], [461136.798829, 5478786.760205], [461107.667335, 5478715.594285], [461104.02374, 5478707.24869], [461089.996748, 5478675.114852], [461091.010055, 5478674.68403], [461098.301207, 5478671.584686], [461114.80598, 5478664.17985], [461121.330196, 5478661.22059], [461132.921226, 5478655.96332], [461181.584164, 5478634.151846], [461210.98886, 5478620.972113], [461263.146395, 5478598.335606], [461290.408192, 5478586.51124], [461290.412892, 5478586.50934], [461295.495196, 5478584.399758], [461322.823744, 5478573.159544], [461352.189053, 5478561.082074], [461373.55487, 5478552.29422], [461375.595939, 5478551.613193], [461376.378603, 5478554.760688], [461386.695701, 5478579.839425], [461394.469764, 5478598.736411], [461398.369665, 5478608.215963], [461399.263466, 5478610.388631], [461400.55377, 5478613.524827], [461412.077061, 5478641.534415], [461425.247395, 5478673.547433], [461444.20289, 5478719.622487], [461471.450081, 5478785.850732], [461472.249317, 5478787.800972], [461474.977025, 5478794.456521], [461476.085019, 5478797.159987], [461481.233905, 5478809.723895], [461481.581205, 5478810.571416], [461511.183169, 5478882.576579], [461523.021556, 5478911.263156], [461555.87759, 5478990.878415], [461558.132028, 5478996.308807], [461570.590332, 5479026.318083], [461572.896513, 5479031.87318], [461571.809056, 5479034.237537], [461548.079074, 5479085.832408], [461545.526118, 5479091.383153], [461549.681173, 5479104.541207], [461553.374441, 5479117.699361], [461554.058224, 5479123.716978], [461554.528542, 5479127.856459], [461555.704116, 5479164.226202], [461555.912844, 5479170.678086], [461556.036401, 5479174.530897], [461557.435348, 5479218.125001], [461558.164877, 5479240.864173], [461558.91257, 5479264.170282], [461559.121068, 5479264.167983], [461564.097122, 5479264.113015], [461572.679643, 5479264.018071], [461577.628797, 5479263.963303], [461600.625102, 5479263.708472], [461614.870102, 5479263.440064], [461640.851233, 5479262.950501], [461700.363758, 5479261.829854], [461763.477129, 5479260.64219], [461782.987043, 5479260.274814], [461809.37725, 5479259.777971], [461845.867039, 5479259.091052], [461853.867416, 5479258.945819], [461853.937017, 5479258.944519], [461947.669133, 5479257.243965], [461977.728719, 5479271.003307], [461978.438827, 5479271.328315], [461982.074572, 5479272.992557], [461983.158286, 5479273.488571], [461983.162486, 5479273.479471], [461983.199286, 5479273.40037], [461983.202486, 5479273.39337], [461985.054604, 5479269.408304], [461985.086505, 5479269.339803]]]}}, {"type": "Feature", "properties": {"code": "163", "name": "Almenhof", "id_name": "163 Almenhof"}, "geometry": {"type": "Polygon", "coordinates": [[[462362.371774, 5478474.141418], [462362.364774, 5478474.138218], [462346.629469, 5478507.102292], [462331.985411, 5478537.800742], [462315.543891, 5478572.267733], [462307.930746, 5478588.227556], [462306.189582, 5478591.894038], [462302.233804, 5478600.223798], [462299.060598, 5478606.905627], [462292.471689, 5478620.779811], [462285.376577, 5478635.720204], [462279.686598, 5478647.701643], [462272.175005, 5478663.519668], [462269.337534, 5478669.494932], [462268.17907, 5478671.934362], [462267.931699, 5478672.452369], [462267.051303, 5478674.296193], [462257.050836, 5478695.23916], [462240.309473, 5478730.29887], [462239.255332, 5478732.506273], [462232.883723, 5478745.849392], [462232.11017, 5478747.469331], [462224.578507, 5478763.298555], [462211.862038, 5478790.023635], [462207.581774, 5478799.017707], [462206.521562, 5478801.245481], [462199.250028, 5478816.525155], [462192.943639, 5478829.776724], [462182.010416, 5478852.579362], [462170.921427, 5478875.706871], [462160.670534, 5478897.086508], [462147.444114, 5478924.672836], [462141.168995, 5478937.73894], [462133.108428, 5478954.522334], [462126.845875, 5478967.562294], [462125.460114, 5478970.447517], [462118.478673, 5478984.984528], [462113.455742, 5478995.443355], [462108.056427, 5479006.686042], [462098.541689, 5479026.511053], [462098.053165, 5479027.528849], [462096.928208, 5479029.872639], [462087.245808, 5479050.046486], [462079.863831, 5479065.427516], [462073.838494, 5479077.981946], [462068.447552, 5479089.214486], [462062.108224, 5479102.786375], [462055.773813, 5479116.34761], [462050.605221, 5479127.413208], [462045.027499, 5479139.354606], [462037.478295, 5479155.516917], [462036.108551, 5479158.449232], [462024.570192, 5479183.151992], [462018.826334, 5479195.449247], [462016.980246, 5479199.522885], [462010.414223, 5479214.013192], [461995.340376, 5479247.278312], [461985.086505, 5479269.339803], [461985.054604, 5479269.408304], [461983.202486, 5479273.39337], [461983.199286, 5479273.40037], [461983.162486, 5479273.479471], [461983.158286, 5479273.488571], [462004.762791, 5479283.377633], [462016.62961, 5479288.809306], [462036.428313, 5479297.871661], [462048.311554, 5479303.547617], [462049.85097, 5479304.282929], [462061.971574, 5479310.072225], [462091.492268, 5479324.17286], [462113.468543, 5479334.669713], [462134.535517, 5479344.732174], [462157.699929, 5479357.023348], [462160.5946, 5479358.55918], [462168.469682, 5479362.737868], [462187.363061, 5479373.744097], [462207.897808, 5479385.70652], [462216.784016, 5479391.462306], [462231.256878, 5479400.836697], [462245.515075, 5479410.072211], [462268.839843, 5479425.180431], [462288.188172, 5479440.079191], [462301.936952, 5479450.666267], [462307.677265, 5479455.086474], [462327.564576, 5479470.400449], [462338.235279, 5479478.617341], [462340.1324, 5479480.078282], [462343.630142, 5479482.771656], [462347.147688, 5479485.480266], [462367.317432, 5479501.011612], [462385.625167, 5479515.761528], [462399.531465, 5479526.965087], [462415.195848, 5479539.585635], [462427.22598, 5479549.278106], [462442.895606, 5479561.902577], [462459.147359, 5479574.996105], [462470.60971, 5479584.297212], [462484.482786, 5479595.554273], [462504.236774, 5479611.58333], [462527.709553, 5479630.630128], [462529.861575, 5479632.048218], [462534.123236, 5479634.856505], [462556.488563, 5479649.594727], [462568.784052, 5479657.69703], [462577.808204, 5479663.643699], [462611.778382, 5479683.798641], [462612.324722, 5479684.12279], [462612.43401, 5479684.18758], [462608.041386, 5479702.853091], [462607.816541, 5479703.808675], [462606.09641, 5479713.695937], [462605.969171, 5479714.42711], [462604.81423, 5479727.584379], [462604.369283, 5479735.364155], [462604.352166, 5479735.663443], [462605.45847, 5479750.530235], [462605.966861, 5479757.36131], [462606.161475, 5479758.937432], [462608.651733, 5479779.094798], [462610.072317, 5479790.593485], [462612.197805, 5479807.797658], [462618.272037, 5479857.24262], [462623.045473, 5479896.093222], [462626.897903, 5479931.057422], [462627.59324, 5479937.368986], [462629.073371, 5479950.802224], [462630.191958, 5479960.954388], [462631.31064, 5479971.106552], [462635.279549, 5480007.126858], [462635.33115, 5480007.095856], [462635.444052, 5480007.028152], [462635.510252, 5480006.98835], [462636.11866, 5480006.623429], [462643.503651, 5480002.193472], [462643.751753, 5480002.044664], [462645.272971, 5480001.132211], [462654.305363, 5479995.714152], [462658.729801, 5479993.072143], [462679.113429, 5479980.90082], [462690.853864, 5479973.890381], [462693.800268, 5479972.131048], [462697.147971, 5479970.11031], [462701.240671, 5479967.639964], [462701.251671, 5479967.633364], [462711.937156, 5479961.183607], [462723.198015, 5479954.386478], [462782.781624, 5479918.69967], [462820.30684, 5479896.223978], [462838.347933, 5479885.418207], [462839.414313, 5479884.779456], [462853.477072, 5479877.206372], [462896.709704, 5479853.924583], [462927.241561, 5479837.524601], [462927.248261, 5479837.521], [462964.913649, 5479817.288703], [463022.561984, 5479786.111549], [463022.766082, 5479786.001132], [463049.911802, 5479771.319635], [463058.903907, 5479766.459824], [463063.337617, 5479764.063685], [463069.760038, 5479760.592756], [463091.009257, 5479749.108702], [463092.693288, 5479743.845253], [463104.980672, 5479734.334817], [463122.964924, 5479720.418749], [463137.912435, 5479708.825656], [463139.880687, 5479707.299034], [463146.891083, 5479701.872301], [463156.943308, 5479694.09095], [463165.88032, 5479687.166696], [463173.328153, 5479681.396365], [463191.494202, 5479667.313353], [463208.214866, 5479654.354045], [463227.850446, 5479639.139303], [463253.860636, 5479619.002457], [463283.366235, 5479596.152067], [463299.76548, 5479583.445162], [463320.913042, 5479567.074198], [463343.27094, 5479549.747904], [463365.234935, 5479532.704399], [463387.222266, 5479515.661128], [463396.492569, 5479508.494019], [463396.769562, 5479508.279918], [463411.632392, 5479496.789214], [463440.369381, 5479474.524405], [463478.067296, 5479445.310334], [463517.772653, 5479414.54931], [463531.273028, 5479404.071535], [463552.626037, 5479387.499549], [463583.786555, 5479363.412498], [463595.683935, 5479354.202579], [463627.381315, 5479329.58453], [463638.241707, 5479321.191971], [463638.413504, 5479321.05927], [463638.378004, 5479321.020469], [463638.339204, 5479320.977968], [463638.130207, 5479320.749061], [463637.508915, 5479320.068641], [463637.466516, 5479320.022139], [463632.456685, 5479314.535376], [463620.037196, 5479300.933671], [463619.594805, 5479300.449157], [463619.152413, 5479299.964742], [463586.796526, 5479264.529061], [463578.420556, 5479253.796853], [463552.507067, 5479226.050389], [463544.824991, 5479222.168672], [463544.0082, 5479221.755982], [463520.250419, 5479192.987594], [463503.51831, 5479172.725776], [463498.497574, 5479166.732831], [463484.424893, 5479149.935167], [463478.318775, 5479142.646793], [463459.789015, 5479120.5294], [463436.919129, 5479093.075191], [463391.406888, 5479038.439514], [463388.897445, 5479035.427154], [463386.184503, 5479032.168104], [463374.634399, 5479018.293202], [463372.825622, 5479016.120361], [463343.179005, 5478980.507185], [463294.896021, 5478922.478076], [463272.796197, 5478895.917498], [463254.382976, 5478873.873291], [463235.470315, 5478851.230301], [463209.55641, 5478842.6566], [463189.949943, 5478836.16979], [463175.837813, 5478831.500688], [463172.367635, 5478830.419704], [463144.571215, 5478821.759911], [463099.273992, 5478807.649411], [463092.718704, 5478806.996524], [463089.375452, 5478806.663509], [463081.201821, 5478805.849517], [463080.54041, 5478805.783634], [463080.52381, 5478805.781935], [463080.261605, 5478805.755841], [463059.371553, 5478803.675174], [463052.676331, 5478800.536093], [463047.590331, 5478798.151484], [463029.90168, 5478789.857831], [463020.89496, 5478785.63498], [462995.468977, 5478773.713868], [462988.458565, 5478771.176989], [462987.456661, 5478770.814417], [462980.008824, 5478768.119226], [462959.181267, 5478758.23732], [462942.995183, 5478750.557594], [462930.108081, 5478744.443201], [462913.60333, 5478736.61235], [462887.996176, 5478724.449157], [462880.004993, 5478720.653471], [462870.040395, 5478715.920375], [462862.911684, 5478712.534417], [462853.295253, 5478707.966777], [462840.84699, 5478702.054196], [462817.824041, 5478691.118844], [462786.541199, 5478676.179113], [462784.884992, 5478675.388265], [462780.011776, 5478673.060916], [462760.011863, 5478663.509529], [462745.389005, 5478656.526067], [462730.123999, 5478649.23614], [462717.968886, 5478643.431421], [462704.845947, 5478637.164646], [462677.773853, 5478624.23665], [462671.997265, 5478621.47818], [462660.29795, 5478615.891584], [462646.880976, 5478609.484982], [462639.358559, 5478605.898979], [462638.750144, 5478605.608763], [462637.404402, 5478604.967112], [462618.541969, 5478595.971765], [462575.864356, 5478575.619097], [462575.169942, 5478575.28796], [462553.374959, 5478564.894635], [462516.569839, 5478547.344081], [462509.543753, 5478543.992498], [462506.052263, 5478542.326808], [462504.852333, 5478541.754478], [462503.648803, 5478541.180347], [462496.376826, 5478537.711462], [462465.237135, 5478522.857133], [462442.555532, 5478512.037616], [462410.873676, 5478496.925225], [462400.437172, 5478491.946986], [462380.443478, 5478482.409957], [462362.377774, 5478474.144218], [462362.371774, 5478474.141418]]]}}, {"type": "Feature", "properties": {"code": "171", "name": "Casterfeld", "id_name": "171 Casterfeld"}, "geometry": {"type": "Polygon", "coordinates": [[[465719.561158, 5476859.498676], [465704.362233, 5476827.610818], [465690.146953, 5476797.786135], [465690.009965, 5476797.498627], [465685.841621, 5476788.753278], [465681.673259, 5476780.007929], [465677.963095, 5476773.063127], [465644.69161, 5476710.785382], [465641.00965, 5476703.89353], [465641.006151, 5476703.88703], [465632.74122, 5476688.416536], [465608.492307, 5476643.811166], [465539.641927, 5476518.657826], [465511.44866, 5476469.192058], [465510.008383, 5476466.664869], [465497.502811, 5476444.723189], [465497.195541, 5476444.150151], [465489.861146, 5476430.470661], [465488.394693, 5476427.735449], [465476.744829, 5476406.006346], [465469.934844, 5476393.302322], [465462.767937, 5476380.041538], [465458.789899, 5476370.892359], [465456.519225, 5476365.669747], [465455.304741, 5476361.904968], [465455.289018, 5476360.738779], [465455.198087, 5476354.053766], [465455.152519, 5476350.726194], [465455.033356, 5476342.044514], [465455.33276, 5476336.041625], [465455.233948, 5476334.068072], [465455.031911, 5476330.03868], [465454.431034, 5476324.636053], [465454.146408, 5476323.426899], [465453.229691, 5476319.533486], [465450.827668, 5476314.731099], [465449.176286, 5476312.329931], [465447.525154, 5476309.928779], [465446.689886, 5476309.18655], [465446.61338, 5476309.118457], [465446.059534, 5476308.626204], [465442.1213, 5476305.126256], [465431.914258, 5476298.523112], [465424.731157, 5476294.977873], [465419.209262, 5476293.347208], [465376.034768, 5476280.158341], [465375.727626, 5476279.832983], [465373.848216, 5476263.321853], [465373.300907, 5476258.375511], [465373.272096, 5476258.114625], [465367.798215, 5476209.688093], [465366.372405, 5476198.000189], [465365.516912, 5476189.305456], [465365.374183, 5476185.457015], [465366.086678, 5476179.613044], [465364.64902, 5476170.196305], [465359.529076, 5476150.107796], [465352.258888, 5476122.027635], [465348.125027, 5476107.203165], [465339.001937, 5476083.541039], [465329.076109, 5476063.545912], [465324.739229, 5476054.359098], [465314.627245, 5476032.938771], [465306.787728, 5476016.688982], [465305.314894, 5476014.615285], [465301.619976, 5476009.413392], [465286.03346, 5475987.470056], [465285.635576, 5475986.90986], [465281.765622, 5475981.912196], [465272.748581, 5475970.267481], [465269.047536, 5475965.487815], [465267.937777, 5475966.883935], [465218.305282, 5476029.324205], [465214.613857, 5476033.933434], [465143.405401, 5476122.856443], [465120.507812, 5476151.963895], [465048.321881, 5476242.778964], [465019.602072, 5476277.319346], [464997.092107, 5476304.097784], [464961.774294, 5476344.071387], [464933.985889, 5476374.924578], [464904.877903, 5476407.136596], [464871.500598, 5476442.452427], [464840.8405, 5476473.499741], [464814.061438, 5476499.889783], [464813.0004, 5476500.905664], [464795.820694, 5476517.35383], [464779.132609, 5476533.653742], [464773.283844, 5476539.022969], [464755.458808, 5476555.386936], [464729.474691, 5476578.856118], [464695.303723, 5476609.720068], [464682.226416, 5476621.478614], [464682.213616, 5476621.490114], [464682.181415, 5476621.519215], [464669.058819, 5476633.318527], [464602.936418, 5476692.772663], [464500.486741, 5476784.004236], [464468.266445, 5476812.69545], [464465.520564, 5476815.166814], [464422.084789, 5476854.261191], [464422.054989, 5476854.287993], [464421.99049, 5476854.345995], [464415.135875, 5476846.677823], [464414.489382, 5476847.263247], [464401.325103, 5476859.184238], [464398.754122, 5476861.512436], [464354.148427, 5476901.272614], [464309.594877, 5476940.705266], [464271.478314, 5476974.86002], [464269.095968, 5476976.946053], [464264.565363, 5476980.912895], [464223.232447, 5477017.104108], [464188.668199, 5477047.370352], [464164.91292, 5477068.172146], [464120.961087, 5477105.589571], [464116.447902, 5477109.431277], [464115.07958, 5477110.642307], [464118.092563, 5477114.653399], [464121.260133, 5477118.870197], [464122.978759, 5477121.15825], [464123.347243, 5477121.648762], [464174.835712, 5477190.195406], [464175.725457, 5477191.412856], [464178.667579, 5477195.438929], [464188.606441, 5477209.039585], [464189.379648, 5477210.097641], [464202.962278, 5477228.685536], [464213.917907, 5477243.678559], [464237.374574, 5477276.420052], [464240.131137, 5477280.950904], [464244.46477, 5477288.073059], [464251.671113, 5477299.914458], [464253.141507, 5477301.898205], [464260.024897, 5477311.184594], [464295.660155, 5477359.2571], [464295.78277, 5477359.41858], [464297.332052, 5477361.458522], [464337.855235, 5477414.821743], [464346.56421, 5477426.290561], [464354.006201, 5477436.091272], [464359.742727, 5477443.710357], [464365.191951, 5477450.947758], [464366.628539, 5477452.85558], [464366.635439, 5477452.864679], [464408.602941, 5477508.604938], [464447.11243, 5477559.659269], [464462.999307, 5477580.721751], [464473.538971, 5477594.724973], [464475.728674, 5477597.63432], [464475.753475, 5477597.66722], [464475.776076, 5477597.697219], [464477.514659, 5477600.007273], [464478.453405, 5477601.254547], [464478.471106, 5477601.278046], [464500.277883, 5477630.251013], [464506.962593, 5477639.132668], [464516.829608, 5477652.242607], [464525.698302, 5477664.045146], [464576.715894, 5477731.939413], [464595.299489, 5477756.549825], [464601.605953, 5477764.901358], [464611.444957, 5477778.007879], [464611.491658, 5477778.070178], [464613.214687, 5477780.365358], [464619.345574, 5477788.532614], [464628.320152, 5477800.332119], [464628.404052, 5477800.442619], [464620.056514, 5477835.827953], [464613.214603, 5477864.214414], [464602.601473, 5477908.246359], [464586.69685, 5477974.204316], [464573.021111, 5478032.941998], [464571.72392, 5478038.513212], [464569.99756, 5478045.928055], [464565.487365, 5478067.818503], [464563.238664, 5478078.732457], [464563.074092, 5478079.62328], [464557.526869, 5478109.639542], [464557.176033, 5478111.53739], [464552.766057, 5478145.751334], [464552.704277, 5478146.230536], [464551.734141, 5478157.578981], [464551.124731, 5478164.708304], [464551.011985, 5478166.028108], [464550.635463, 5478170.43242], [464550.121126, 5478176.450242], [464549.591934, 5478186.171144], [464549.434315, 5478189.066805], [464548.830413, 5478200.159136], [464548.348064, 5478218.189815], [464548.136268, 5478226.104681], [464549.432333, 5478278.144732], [464551.227621, 5478297.377092], [464552.383223, 5478309.756514], [464553.909812, 5478326.109401], [464555.549706, 5478339.015731], [464557.888682, 5478357.423522], [464567.115807, 5478405.363608], [464567.465429, 5478407.180265], [464568.028803, 5478410.108595], [464569.021527, 5478414.211096], [464574.054262, 5478435.012496], [464575.412536, 5478440.62626], [464581.148773, 5478464.333654], [464581.334563, 5478465.027953], [464581.654745, 5478466.225452], [464582.523597, 5478469.473749], [464582.529896, 5478469.497449], [464584.3217, 5478476.196343], [464588.633385, 5478492.316733], [464592.862245, 5478508.126561], [464595.405051, 5478517.633145], [464595.408651, 5478517.646545], [464596.407111, 5478521.379654], [464601.764702, 5478538.545892], [464606.822996, 5478554.752445], [464610.440617, 5478566.342847], [464611.020038, 5478568.199348], [464612.652196, 5478573.265749], [464612.654696, 5478573.273649], [464616.925762, 5478586.530753], [464616.928962, 5478586.540653], [464618.177591, 5478590.416554], [464626.574389, 5478614.581563], [464640.386123, 5478651.905377], [464641.505371, 5478654.889179], [464641.545173, 5478654.995379], [464646.948385, 5478669.398985], [464647.624909, 5478671.202585], [464649.222264, 5478675.397387], [464649.236063, 5478675.389487], [464649.448958, 5478675.267488], [464653.962455, 5478672.683399], [464666.707908, 5478665.42126], [464666.714508, 5478665.41746], [464668.938869, 5478664.150153], [464670.961034, 5478662.970147], [464677.011636, 5478659.439628], [464702.81722, 5478644.608746], [464705.593851, 5478643.010815], [464705.64925, 5478642.978915], [464739.575341, 5478623.45294], [464790.490598, 5478594.177252], [464832.750063, 5478569.928697], [464891.175752, 5478536.344955], [464938.670973, 5478509.08231], [464938.725172, 5478509.051308], [464951.36944, 5478501.793129], [465018.711078, 5478463.127271], [465077.988594, 5478429.063942], [465139.67414, 5478393.612241], [465246.882861, 5478331.989483], [465270.491183, 5478318.415876], [465349.535913, 5478272.970183], [465449.721587, 5478215.395727], [465468.05755, 5478204.894916], [465468.07315, 5478204.886016], [465489.411593, 5478192.666043], [465525.83895, 5478171.70391], [465532.671071, 5478167.76962], [465580.226776, 5478140.385474], [465620.229763, 5478117.453581], [465648.578733, 5478101.172861], [465661.683653, 5478093.646684], [465708.494996, 5478066.74705], [465752.838244, 5478041.228126], [465775.204396, 5478028.417913], [465791.751524, 5478018.941015], [465845.058307, 5477988.285101], [465897.134462, 5477958.402696], [465962.555884, 5477920.772384], [465967.139647, 5477918.135954], [466021.750759, 5477886.73479], [466068.319618, 5477860.001021], [466110.223375, 5477835.927077], [466117.931533, 5477831.49875], [466178.215222, 5477796.865734], [466245.917262, 5477757.979159], [466306.090534, 5477723.428939], [466373.903261, 5477684.459265], [466414.332966, 5477661.214081], [466420.36587, 5477657.745356], [466420.35017, 5477657.718356], [466419.999872, 5477657.121945], [466419.988272, 5477657.102245], [466407.68909, 5477636.161581], [466407.165094, 5477635.269587], [466355.155924, 5477546.719144], [466337.280319, 5477516.777057], [466337.272819, 5477516.764557], [466329.173116, 5477503.19754], [466328.997614, 5477502.939336], [466321.811143, 5477492.371202], [466310.118882, 5477476.348327], [466294.09574, 5477459.892785], [466287.890829, 5477454.153618], [466276.773468, 5477443.870449], [466271.793403, 5477440.40625], [466266.813246, 5477436.941949], [466251.656508, 5477427.848141], [466215.279924, 5477409.659864], [466157.683933, 5477380.213551], [466139.798478, 5477371.008271], [466128.235933, 5477365.057146], [466115.809782, 5477357.847299], [466098.008376, 5477347.519013], [466083.284387, 5477337.559173], [466057.517484, 5477316.990074], [466042.182826, 5477304.748912], [466031.750582, 5477296.421402], [466012.196182, 5477278.730907], [466012.058677, 5477278.606507], [466004.467703, 5477271.738648], [465999.348988, 5477266.889818], [465966.701876, 5477235.962988], [465957.476923, 5477227.224524], [465951.894903, 5477221.936948], [465940.265244, 5477209.903259], [465905.055303, 5477173.469788], [465902.092147, 5477170.403598], [465863.147624, 5477122.347788], [465861.383882, 5477120.171343], [465849.040881, 5477103.282921], [465836.6983, 5477086.394135], [465822.839956, 5477065.175352], [465817.184222, 5477055.921415], [465808.547923, 5477041.791632], [465797.600283, 5477021.725335], [465792.956097, 5477013.212241], [465788.695845, 5477004.515707], [465784.436459, 5476995.818142], [465782.563036, 5476991.992647], [465746.537972, 5476916.202768], [465744.892548, 5476912.741181], [465723.512635, 5476867.79699], [465723.508335, 5476867.78799], [465721.510306, 5476863.588273], [465720.367995, 5476861.191416], [465719.561158, 5476859.498676]]]}}, {"type": "Feature", "properties": {"code": "172", "name": "Pfingstberg", "id_name": "172 Pfingstberg"}, "geometry": {"type": "Polygon", "coordinates": [[[466671.0918, 5476084.63808], [466672.75063, 5476047.320155], [466672.728229, 5476047.320354], [466672.719528, 5476047.320454], [466672.300714, 5476047.325352], [466672.191511, 5476047.326651], [466671.664793, 5476047.332748], [466608.745915, 5476048.063595], [466556.466076, 5476048.670655], [466533.125696, 5476048.354999], [466526.208571, 5476047.8938], [466519.291344, 5476047.4326], [466518.932232, 5476047.408695], [466502.84621, 5476044.885163], [466487.391008, 5476041.100353], [466477.175469, 5476037.627208], [466471.620378, 5476035.738582], [466465.794272, 5476033.331153], [466456.354427, 5476029.430403], [466441.845432, 5476021.860548], [466430.805825, 5476015.236961], [466418.189079, 5476005.459182], [466412.196146, 5476000.254889], [466406.2032, 5475995.050596], [466400.546346, 5475989.255994], [466393.270845, 5475981.803301], [466373.399882, 5475961.9325], [466365.993993, 5475954.989514], [466358.260068, 5475947.739119], [466341.422745, 5475933.508165], [466336.349043, 5475929.220006], [466331.764312, 5475925.34506], [466326.155148, 5475922.601083], [466287.920222, 5475903.896488], [466255.746721, 5475951.52115], [466243.288433, 5475968.395246], [466230.831011, 5475985.269579], [466220.108387, 5475998.83228], [466192.985844, 5476032.266223], [466167.521738, 5476060.915914], [466167.050965, 5476061.445514], [466162.709598, 5476066.329806], [466152.144225, 5476077.605338], [466141.578663, 5476088.881136], [466108.779076, 5476121.368019], [466086.386259, 5476142.184808], [466061.154786, 5476164.578464], [466050.067987, 5476173.780817], [466044.431064, 5476178.459747], [466029.616038, 5476190.756987], [466023.124697, 5476195.814251], [466021.422062, 5476197.140837], [466014.430722, 5476202.587758], [466011.233035, 5476205.079112], [466002.492626, 5476211.888549], [465978.964763, 5476229.393199], [465961.303121, 5476241.693621], [465938.67935, 5476256.9724], [465937.018238, 5476258.094172], [465909.895276, 5476275.441188], [465889.39559, 5476288.057075], [465877.046849, 5476295.129616], [465854.703923, 5476307.926179], [465831.680963, 5476320.226385], [465826.811052, 5476322.757618], [465821.938958, 5476325.290151], [465810.603574, 5476330.875901], [465783.250408, 5476344.35432], [465768.109711, 5476351.644004], [465747.921461, 5476360.615881], [465721.566705, 5476371.269981], [465696.659868, 5476380.44263], [465681.978973, 5476385.849026], [465617.495761, 5476407.716656], [465601.870137, 5476412.789827], [465574.320421, 5476421.734059], [465524.416802, 5476436.872917], [465524.051204, 5476436.979617], [465499.626291, 5476444.103863], [465498.146305, 5476444.535481], [465498.122005, 5476444.542481], [465497.54751, 5476444.710188], [465497.502811, 5476444.723189], [465510.008383, 5476466.664869], [465511.44866, 5476469.192058], [465539.641927, 5476518.657826], [465608.492307, 5476643.811166], [465632.74122, 5476688.416536], [465641.006151, 5476703.88703], [465641.00965, 5476703.89353], [465644.69161, 5476710.785382], [465677.963095, 5476773.063127], [465681.673259, 5476780.007929], [465685.841621, 5476788.753278], [465690.009965, 5476797.498627], [465690.146953, 5476797.786135], [465704.362233, 5476827.610818], [465719.561158, 5476859.498676], [465720.367995, 5476861.191416], [465721.510306, 5476863.588273], [465723.508335, 5476867.78799], [465723.512635, 5476867.79699], [465744.892548, 5476912.741181], [465746.537972, 5476916.202768], [465782.563036, 5476991.992647], [465784.436459, 5476995.818142], [465788.695845, 5477004.515707], [465792.956097, 5477013.212241], [465797.600283, 5477021.725335], [465808.547923, 5477041.791632], [465817.184222, 5477055.921415], [465822.839956, 5477065.175352], [465836.6983, 5477086.394135], [465849.040881, 5477103.282921], [465861.383882, 5477120.171343], [465863.147624, 5477122.347788], [465902.092147, 5477170.403598], [465905.055303, 5477173.469788], [465940.265244, 5477209.903259], [465951.894903, 5477221.936948], [465957.476923, 5477227.224524], [465966.701876, 5477235.962988], [465999.348988, 5477266.889818], [466004.467703, 5477271.738648], [466012.058677, 5477278.606507], [466012.196182, 5477278.730907], [466031.750582, 5477296.421402], [466042.182826, 5477304.748912], [466057.517484, 5477316.990074], [466083.284387, 5477337.559173], [466098.008376, 5477347.519013], [466115.809782, 5477357.847299], [466128.235933, 5477365.057146], [466139.798478, 5477371.008271], [466157.683933, 5477380.213551], [466215.279924, 5477409.659864], [466251.656508, 5477427.848141], [466266.813246, 5477436.941949], [466271.793403, 5477440.40625], [466276.773468, 5477443.870449], [466287.890829, 5477454.153618], [466294.09574, 5477459.892785], [466310.118882, 5477476.348327], [466321.811143, 5477492.371202], [466328.997614, 5477502.939336], [466329.173116, 5477503.19754], [466337.272819, 5477516.764557], [466337.280319, 5477516.777057], [466355.155924, 5477546.719144], [466407.165094, 5477635.269587], [466407.68909, 5477636.161581], [466419.988272, 5477657.102245], [466419.999872, 5477657.121945], [466420.35017, 5477657.718356], [466420.36587, 5477657.745356], [466421.00247, 5477657.379343], [466427.039865, 5477653.90812], [466436.446254, 5477648.499748], [466494.084256, 5477615.385469], [466500.913737, 5477611.446928], [466564.137674, 5477574.986499], [466628.407109, 5477538.162246], [466726.896015, 5477481.604125], [466740.752464, 5477473.64719], [466814.706755, 5477431.229432], [466814.723155, 5477431.220132], [466814.719257, 5477431.191932], [466814.664881, 5477430.805922], [466814.662582, 5477430.790122], [466814.586716, 5477430.252009], [466813.348871, 5477421.464289], [466813.312287, 5477421.204382], [466811.122777, 5477405.661493], [466811.078595, 5477405.375391], [466810.68406, 5477402.81768], [466807.889032, 5477384.695396], [466807.363739, 5477381.430778], [466807.36164, 5477381.417978], [466803.434431, 5477357.019755], [466799.456447, 5477333.448667], [466797.999917, 5477324.818083], [466797.896522, 5477324.205591], [466793.832007, 5477300.422934], [466793.579437, 5477298.945155], [466793.496747, 5477298.461362], [466793.377561, 5477297.763772], [466791.053823, 5477284.167265], [466790.938736, 5477283.493475], [466790.221114, 5477279.294634], [466790.137623, 5477278.806541], [466790.123224, 5477278.739942], [466784.25772, 5477251.551828], [466776.957124, 5477213.450712], [466771.813191, 5477186.606112], [466769.208365, 5477172.752891], [466767.535383, 5477163.855373], [466765.417522, 5477152.841932], [466763.646533, 5477143.632283], [466762.928977, 5477139.770859], [466755.479798, 5477099.686434], [466748.479556, 5477059.823761], [466741.479636, 5477019.961454], [466733.5076, 5476974.848731], [466725.535549, 5476929.735973], [466720.091256, 5476898.818419], [466714.646712, 5476867.900509], [466706.091183, 5476812.676035], [466699.479251, 5476766.785128], [466690.5347, 5476696.781847], [466689.295138, 5476685.129697], [466689.294538, 5476685.124097], [466689.293738, 5476685.116997], [466684.700731, 5476641.946132], [466683.385684, 5476628.065776], [466681.200706, 5476604.999715], [466677.311595, 5476554.052862], [466675.384336, 5476523.218055], [466673.422557, 5476491.827483], [466669.533332, 5476415.989986], [466668.366663, 5476374.960094], [466667.199865, 5476340.736034], [466666.811245, 5476290.955029], [466666.811828, 5476225.229183], [466667.979734, 5476165.920208], [466671.0918, 5476084.63808]]]}}, {"type": "Feature", "properties": {"code": "173", "name": "Rheinau-Mitte", "id_name": "173 Rheinau-Mitte"}, "geometry": {"type": "Polygon", "coordinates": [[[468040.529908, 5476058.10321], [468039.693921, 5476020.79501], [468038.812377, 5475987.036421], [468037.930586, 5475949.728053], [468037.095267, 5475912.326953], [468036.724058, 5475895.575513], [468033.98626, 5475879.983937], [468030.134796, 5475858.800934], [468025.819049, 5475832.467222], [468020.983348, 5475804.06848], [468015.554074, 5475774.161459], [468011.84204, 5475751.122294], [468007.75868, 5475738.871948], [467998.543108, 5475728.222361], [467965.634498, 5475718.755757], [467957.699337, 5475707.673201], [467956.729957, 5475706.319453], [467950.697468, 5475681.56316], [467946.103583, 5475661.911422], [467944.424596, 5475654.63491], [467939.240672, 5475632.167069], [467930.888119, 5475594.766376], [467924.966858, 5475567.760133], [467923.157146, 5475564.883029], [467903.626155, 5475534.92978], [467889.844836, 5475514.141197], [467886.137453, 5475500.638071], [467879.826608, 5475476.462308], [467871.706272, 5475445.39575], [467861.961734, 5475408.134872], [467853.153701, 5475374.470748], [467844.476269, 5475340.900578], [467836.680623, 5475311.01826], [467832.730846, 5475295.480403], [467829.956944, 5475284.568231], [467805.493918, 5475258.857539], [467795.888606, 5475248.693398], [467779.067979, 5475231.010711], [467751.700475, 5475202.305899], [467723.533986, 5475172.743812], [467695.023913, 5475142.812132], [467679.432318, 5475126.570016], [467675.951907, 5475121.4655], [467660.847121, 5475099.338335], [467641.542466, 5475070.93867], [467634.990152, 5475064.256323], [467602.327489, 5475028.370213], [467587.67422, 5475012.524031], [467575.666209, 5474999.5385], [467530.961501, 5474951.062124], [467505.901981, 5474923.838827], [467495.061498, 5474909.825057], [467481.82028, 5474892.748324], [467481.201629, 5474891.758407], [467473.553717, 5474880.188505], [467452.454209, 5474848.262782], [467450.597877, 5474845.076438], [467429.696581, 5474810.273601], [467413.608842, 5474784.101854], [467395.386753, 5474755.548049], [467369.549632, 5474715.764363], [467339.472181, 5474670.93734], [467312.317992, 5474630.535241], [467284.398671, 5474587.937138], [467267.319385, 5474561.301511], [467265.091518, 5474556.90872], [467252.652847, 5474532.221844], [467244.965403, 5474507.194923], [467238.938007, 5474486.104389], [467236.673176, 5474478.177536], [467236.549469, 5474477.18763], [467227.045765, 5474436.786121], [467213.990641, 5474387.228413], [467205.328266, 5474354.684379], [467204.462017, 5474352.302446], [467188.195428, 5474309.301857], [467177.799351, 5474281.460061], [467165.609027, 5474249.101504], [467140.852918, 5474192.34199], [467140.940286, 5474191.977587], [467150.058139, 5474154.651452], [467155.110746, 5474132.741298], [467163.197126, 5474094.989532], [467170.614268, 5474058.924585], [467177.69799, 5474020.163885], [467185.118918, 5473973.313436], [467187.170886, 5473959.380302], [467151.93801, 5473957.767851], [467151.794911, 5473957.761351], [467097.84159, 5473955.369906], [467092.147479, 5473955.117635], [467090.667253, 5473955.052042], [467088.303146, 5473954.947256], [467086.853692, 5473954.883065], [467090.232045, 5473940.337587], [467093.361388, 5473926.865413], [467096.061823, 5473915.239507], [467097.591126, 5473904.846879], [467100.300744, 5473886.430339], [467101.971131, 5473875.076143], [467102.108089, 5473873.11286], [467102.749168, 5473863.925437], [467103.168255, 5473857.920385], [467104.592362, 5473837.515567], [467104.801307, 5473834.522569], [467104.718258, 5473821.448986], [467104.556889, 5473796.055889], [467104.54328, 5473793.919024], [467104.257025, 5473790.573477], [467104.043834, 5473788.081716], [467102.186089, 5473766.36926], [467101.086362, 5473753.515858], [467095.846252, 5473711.109873], [467092.862201, 5473686.963405], [467072.579945, 5473712.683019], [467060.555165, 5473703.796825], [467042.872751, 5473690.722472], [467027.999077, 5473679.737261], [467008.106712, 5473693.941779], [466987.355051, 5473695.671514], [466978.428426, 5473722.570364], [466951.92751, 5473801.967638], [466933.553943, 5473857.024884], [466909.99347, 5473886.492695], [466682.047964, 5474174.932562], [466654.621059, 5474209.638502], [466602.858789, 5474275.136742], [466520.552823, 5474338.164364], [466472.017972, 5474375.330781], [466516.646101, 5474420.243594], [466497.833154, 5474424.153852], [466491.041426, 5474433.079696], [466484.24963, 5474442.005551], [466397.626571, 5474550.285392], [466376.057598, 5474577.352362], [466318.454014, 5474649.639802], [466284.549607, 5474692.080076], [466250.646076, 5474734.521272], [466214.325535, 5474779.989905], [466210.100181, 5474785.279245], [466206.48203, 5474789.802195], [466194.57685, 5474804.684257], [466179.053846, 5474824.089262], [466129.768161, 5474885.602284], [466093.676044, 5474930.621384], [466075.047295, 5474953.906784], [466056.418624, 5474977.192388], [466053.094581, 5474981.382893], [466024.209463, 5475017.798726], [466020.093829, 5475022.987681], [465960.71837, 5475097.50427], [465913.273023, 5475156.953019], [465860.516075, 5475223.057168], [465797.314179, 5475302.481888], [465781.573035, 5475322.263785], [465713.822344, 5475407.403628], [465655.416495, 5475480.558673], [465597.009959, 5475553.71413], [465547.122335, 5475616.384575], [465547.113135, 5475616.396075], [465513.327653, 5475658.839472], [465485.888933, 5475693.309422], [465457.064277, 5475729.519676], [465380.472849, 5475825.603137], [465376.077317, 5475831.117232], [465371.681976, 5475836.631306], [465339.055178, 5475877.485676], [465326.275442, 5475893.488831], [465302.994786, 5475922.77905], [465269.047536, 5475965.487815], [465272.748581, 5475970.267481], [465281.765622, 5475981.912196], [465285.635576, 5475986.90986], [465286.03346, 5475987.470056], [465301.619976, 5476009.413392], [465305.314894, 5476014.615285], [465306.787728, 5476016.688982], [465314.627245, 5476032.938771], [465324.739229, 5476054.359098], [465329.076109, 5476063.545912], [465339.001937, 5476083.541039], [465348.125027, 5476107.203165], [465352.258888, 5476122.027635], [465359.529076, 5476150.107796], [465364.64902, 5476170.196305], [465366.086678, 5476179.613044], [465365.374183, 5476185.457015], [465365.516912, 5476189.305456], [465366.372405, 5476198.000189], [465367.798215, 5476209.688093], [465373.272096, 5476258.114625], [465373.300907, 5476258.375511], [465373.848216, 5476263.321853], [465375.727626, 5476279.832983], [465376.034768, 5476280.158341], [465419.209262, 5476293.347208], [465424.731157, 5476294.977873], [465431.914258, 5476298.523112], [465442.1213, 5476305.126256], [465446.059534, 5476308.626204], [465446.61338, 5476309.118457], [465446.689886, 5476309.18655], [465447.525154, 5476309.928779], [465449.176286, 5476312.329931], [465450.827668, 5476314.731099], [465453.229691, 5476319.533486], [465454.146408, 5476323.426899], [465454.431034, 5476324.636053], [465455.031911, 5476330.03868], [465455.233948, 5476334.068072], [465455.33276, 5476336.041625], [465455.033356, 5476342.044514], [465455.152519, 5476350.726194], [465455.198087, 5476354.053766], [465455.289018, 5476360.738779], [465455.304741, 5476361.904968], [465456.519225, 5476365.669747], [465458.789899, 5476370.892359], [465462.767937, 5476380.041538], [465469.934844, 5476393.302322], [465476.744829, 5476406.006346], [465488.394693, 5476427.735449], [465489.861146, 5476430.470661], [465497.195541, 5476444.150151], [465497.502811, 5476444.723189], [465497.54751, 5476444.710188], [465498.122005, 5476444.542481], [465498.146305, 5476444.535481], [465499.626291, 5476444.103863], [465524.051204, 5476436.979617], [465524.416802, 5476436.872917], [465574.320421, 5476421.734059], [465601.870137, 5476412.789827], [465617.495761, 5476407.716656], [465681.978973, 5476385.849026], [465696.659868, 5476380.44263], [465721.566705, 5476371.269981], [465747.921461, 5476360.615881], [465768.109711, 5476351.644004], [465783.250408, 5476344.35432], [465810.603574, 5476330.875901], [465821.938958, 5476325.290151], [465826.811052, 5476322.757618], [465831.680963, 5476320.226385], [465854.703923, 5476307.926179], [465877.046849, 5476295.129616], [465889.39559, 5476288.057075], [465909.895276, 5476275.441188], [465937.018238, 5476258.094172], [465938.67935, 5476256.9724], [465961.303121, 5476241.693621], [465978.964763, 5476229.393199], [466002.492626, 5476211.888549], [466011.233035, 5476205.079112], [466014.430722, 5476202.587758], [466021.422062, 5476197.140837], [466023.124697, 5476195.814251], [466029.616038, 5476190.756987], [466044.431064, 5476178.459747], [466050.067987, 5476173.780817], [466061.154786, 5476164.578464], [466086.386259, 5476142.184808], [466108.779076, 5476121.368019], [466141.578663, 5476088.881136], [466152.144225, 5476077.605338], [466162.709598, 5476066.329806], [466167.050965, 5476061.445514], [466167.521738, 5476060.915914], [466192.985844, 5476032.266223], [466220.108387, 5475998.83228], [466230.831011, 5475985.269579], [466243.288433, 5475968.395246], [466255.746721, 5475951.52115], [466287.920222, 5475903.896488], [466326.155148, 5475922.601083], [466331.764312, 5475925.34506], [466336.349043, 5475929.220006], [466341.422745, 5475933.508165], [466358.260068, 5475947.739119], [466365.993993, 5475954.989514], [466373.399882, 5475961.9325], [466393.270845, 5475981.803301], [466400.546346, 5475989.255994], [466406.2032, 5475995.050596], [466412.196146, 5476000.254889], [466418.189079, 5476005.459182], [466430.805825, 5476015.236961], [466441.845432, 5476021.860548], [466456.354427, 5476029.430403], [466465.794272, 5476033.331153], [466471.620378, 5476035.738582], [466477.175469, 5476037.627208], [466487.391008, 5476041.100353], [466502.84621, 5476044.885163], [466518.932232, 5476047.408695], [466519.291344, 5476047.4326], [466526.208571, 5476047.8938], [466533.125696, 5476048.354999], [466556.466076, 5476048.670655], [466608.745915, 5476048.063595], [466671.664793, 5476047.332748], [466672.191511, 5476047.326651], [466672.300714, 5476047.325352], [466672.719528, 5476047.320454], [466672.728229, 5476047.320354], [466672.75063, 5476047.320155], [466671.0918, 5476084.63808], [466667.979734, 5476165.920208], [466666.811828, 5476225.229183], [466666.811245, 5476290.955029], [466667.199865, 5476340.736034], [466668.366663, 5476374.960094], [466669.533332, 5476415.989986], [466673.422557, 5476491.827483], [466675.384336, 5476523.218055], [466677.311595, 5476554.052862], [466681.200706, 5476604.999715], [466683.385684, 5476628.065776], [466684.700731, 5476641.946132], [466689.293738, 5476685.116997], [466689.294538, 5476685.124097], [466689.295138, 5476685.129697], [466690.5347, 5476696.781847], [466699.479251, 5476766.785128], [466706.091183, 5476812.676035], [466714.646712, 5476867.900509], [466720.091256, 5476898.818419], [466725.535549, 5476929.735973], [466733.5076, 5476974.848731], [466741.479636, 5477019.961454], [466748.479556, 5477059.823761], [466755.479798, 5477099.686434], [466762.928977, 5477139.770859], [466763.646533, 5477143.632283], [466765.417522, 5477152.841932], [466767.535383, 5477163.855373], [466769.208365, 5477172.752891], [466771.813191, 5477186.606112], [466776.957124, 5477213.450712], [466784.25772, 5477251.551828], [466790.123224, 5477278.739942], [466790.137623, 5477278.806541], [466790.221114, 5477279.294634], [466790.938736, 5477283.493475], [466791.053823, 5477284.167265], [466793.377561, 5477297.763772], [466793.496747, 5477298.461362], [466793.579437, 5477298.945155], [466793.832007, 5477300.422934], [466797.896522, 5477324.205591], [466797.999917, 5477324.818083], [466799.456447, 5477333.448667], [466803.434431, 5477357.019755], [466807.36164, 5477381.417978], [466807.363739, 5477381.430778], [466807.889032, 5477384.695396], [466810.68406, 5477402.81768], [466811.078595, 5477405.375391], [466811.122777, 5477405.661493], [466813.312287, 5477421.204382], [466813.348871, 5477421.464289], [466814.586716, 5477430.252009], [466814.662582, 5477430.790122], [466814.664881, 5477430.805922], [466814.719257, 5477431.191932], [466814.723155, 5477431.220132], [466838.761784, 5477417.432456], [466856.016227, 5477408.519302], [466909.915522, 5477380.676379], [467009.43642, 5477329.486592], [467029.241265, 5477319.433523], [467029.249165, 5477319.429523], [467029.258565, 5477319.424723], [467063.245941, 5477302.172227], [467139.831575, 5477262.600582], [467221.424994, 5477220.623065], [467367.509234, 5477145.523488], [467390.628224, 5477133.627954], [467530.869264, 5477061.464697], [467669.394536, 5476990.161286], [467695.957062, 5476976.489171], [467700.566568, 5476974.119154], [467984.824372, 5476827.966562], [467998.894383, 5476820.732716], [468046.700371, 5476796.153486], [468102.11049, 5476767.664598], [468105.858099, 5476765.737882], [468104.431132, 5476763.378852], [468089.789675, 5476738.878698], [468085.935372, 5476732.282084], [468079.898458, 5476721.949671], [468077.07439, 5476717.115892], [468071.598438, 5476707.093103], [468070.043866, 5476703.659364], [468067.120413, 5476696.60619], [468066.424266, 5476694.425331], [468065.264073, 5476690.063513], [468064.428693, 5476686.258486], [468063.082831, 5476678.509336], [468062.711566, 5476675.330799], [468061.45832, 5476662.291867], [468060.576542, 5476652.59386], [468060.065994, 5476644.519917], [468058.673265, 5476610.947755], [468056.677688, 5476565.426498], [468055.192012, 5476528.675443], [468054.263994, 5476501.41411], [468053.057228, 5476467.888324], [468051.757289, 5476436.798371], [468051.73868, 5476436.27697], [468050.597167, 5476404.29297], [468049.436643, 5476370.349094], [468048.368863, 5476336.498141], [468047.301382, 5476300.814171], [468046.331611, 5476267.24162], [468045.21748, 5476230.026366], [468044.149864, 5476196.314603], [468043.360816, 5476162.649212], [468042.479108, 5476132.811941], [468041.586087, 5476102.708379], [468041.365474, 5476095.271968], [468040.529908, 5476058.10321]]]}}, {"type": "Feature", "properties": {"code": "174", "name": "Rheinau-S\u00fcd", "id_name": "174 Rheinau-S\u00fcd"}, "geometry": {"type": "Polygon", "coordinates": [[[464414.489382, 5476847.263247], [464415.135875, 5476846.677823], [464421.99049, 5476854.345995], [464422.054989, 5476854.287993], [464422.084789, 5476854.261191], [464465.520564, 5476815.166814], [464468.266445, 5476812.69545], [464500.486741, 5476784.004236], [464602.936418, 5476692.772663], [464669.058819, 5476633.318527], [464682.181415, 5476621.519215], [464682.213616, 5476621.490114], [464682.226416, 5476621.478614], [464695.303723, 5476609.720068], [464729.474691, 5476578.856118], [464755.458808, 5476555.386936], [464773.283844, 5476539.022969], [464779.132609, 5476533.653742], [464795.820694, 5476517.35383], [464813.0004, 5476500.905664], [464814.061438, 5476499.889783], [464840.8405, 5476473.499741], [464871.500598, 5476442.452427], [464904.877903, 5476407.136596], [464933.985889, 5476374.924578], [464961.774294, 5476344.071387], [464997.092107, 5476304.097784], [465019.602072, 5476277.319346], [465048.321881, 5476242.778964], [465120.507812, 5476151.963895], [465143.405401, 5476122.856443], [465214.613857, 5476033.933434], [465218.305282, 5476029.324205], [465267.937777, 5475966.883935], [465269.047536, 5475965.487815], [465302.994786, 5475922.77905], [465326.275442, 5475893.488831], [465339.055178, 5475877.485676], [465371.681976, 5475836.631306], [465376.077317, 5475831.117232], [465380.472849, 5475825.603137], [465457.064277, 5475729.519676], [465485.888933, 5475693.309422], [465513.327653, 5475658.839472], [465547.113135, 5475616.396075], [465547.122335, 5475616.384575], [465597.009959, 5475553.71413], [465655.416495, 5475480.558673], [465713.822344, 5475407.403628], [465781.573035, 5475322.263785], [465797.314179, 5475302.481888], [465860.516075, 5475223.057168], [465913.273023, 5475156.953019], [465960.71837, 5475097.50427], [466020.093829, 5475022.987681], [466024.209463, 5475017.798726], [466053.094581, 5474981.382893], [466056.418624, 5474977.192388], [466075.047295, 5474953.906784], [466093.676044, 5474930.621384], [466129.768161, 5474885.602284], [466179.053846, 5474824.089262], [466194.57685, 5474804.684257], [466206.48203, 5474789.802195], [466210.100181, 5474785.279245], [466214.325535, 5474779.989905], [466250.646076, 5474734.521272], [466284.549607, 5474692.080076], [466318.454014, 5474649.639802], [466376.057598, 5474577.352362], [466397.626571, 5474550.285392], [466484.24963, 5474442.005551], [466491.041426, 5474433.079696], [466497.833154, 5474424.153852], [466516.646101, 5474420.243594], [466472.017972, 5474375.330781], [466520.552823, 5474338.164364], [466602.858789, 5474275.136742], [466654.621059, 5474209.638502], [466682.047964, 5474174.932562], [466909.99347, 5473886.492695], [466902.9166, 5473884.423526], [466824.271544, 5473859.24475], [466788.19672, 5473847.694139], [466716.060034, 5473824.599029], [466693.67889, 5473817.432055], [466690.976901, 5473815.69591], [466679.584591, 5473808.376041], [466682.473584, 5473802.458637], [466728.473642, 5473708.697286], [466738.369065, 5473688.535723], [466750.366683, 5473664.187864], [466768.752759, 5473626.875357], [466786.368834, 5473591.127199], [466802.252883, 5473559.082332], [466836.388622, 5473490.188886], [466888.107197, 5473385.18531], [466897.1235, 5473366.892515], [466888.726746, 5473350.938824], [466887.516426, 5473348.115908], [466881.059574, 5473333.055885], [466874.501991, 5473314.763084], [466868.674059, 5473295.510787], [466849.731349, 5473300.818935], [466730.238615, 5473334.274015], [466717.083883, 5473336.008751], [466705.270377, 5473337.566614], [466698.860407, 5473338.411786], [466668.548056, 5473342.404994], [466532.009886, 5473360.394445], [466222.410796, 5473401.180714], [466187.964689, 5473405.719621], [466030.060784, 5473294.000432], [465948.134857, 5473236.03688], [465916.517966, 5473213.676776], [465915.238491, 5473212.7672], [465909.490916, 5473211.178026], [465907.038464, 5473210.027199], [465891.825637, 5473202.887965], [465887.83, 5473201.012885], [465841.869802, 5473179.452881], [465841.433528, 5473180.263856], [465830.585032, 5473200.426615], [465793.261073, 5473269.736963], [465780.99229, 5473292.525896], [465760.205745, 5473331.134644], [465759.008516, 5473333.358577], [465755.857517, 5473339.211949], [465748.392065, 5473353.078103], [465740.925947, 5473366.943517], [465738.876596, 5473372.751075], [465725.862761, 5473368.374021], [465703.190604, 5473360.746306], [465693.571898, 5473357.512914], [465660.455218, 5473346.380711], [465641.631736, 5473340.052331], [465479.17683, 5473285.488239], [465480.182701, 5473291.376692], [465480.665893, 5473294.205121], [465502.303814, 5473420.667076], [465518.322444, 5473514.324905], [465528.073306, 5473571.341743], [465528.074005, 5473571.345743], [465542.059714, 5473653.142852], [465549.183382, 5473694.794503], [465550.397558, 5473701.893516], [465556.945568, 5473702.393135], [465559.964649, 5473702.622952], [465559.904461, 5473707.670989], [465559.4953, 5473744.145858], [465559.235738, 5473767.01821], [465559.209949, 5473769.302842], [465558.831482, 5473802.684464], [465558.285923, 5473850.774314], [465557.931486, 5473882.038191], [465557.805334, 5473893.168822], [465557.573058, 5473913.652502], [465557.391916, 5473929.625645], [465557.239369, 5473943.070429], [465556.916466, 5473971.520075], [465551.02561, 5473984.64462], [465545.641661, 5473996.63978], [465544.952008, 5473998.169162], [465531.997328, 5474002.597515], [465530.022849, 5474003.276722], [465530.014249, 5474003.279722], [465529.90375, 5474003.317723], [465528.56877, 5474003.777026], [465517.603463, 5474007.525524], [465473.63235, 5474022.566536], [465389.108675, 5474051.478386], [465384.5706, 5474053.027802], [465381.72188, 5474054.007412], [465379.452845, 5474054.77712], [465375.044654, 5474056.286505], [465371.036345, 5474057.65598], [465366.277019, 5474032.266238], [465356.60007, 5474000.015084], [465354.45991, 5473992.882492], [465353.845082, 5473991.849481], [465344.233402, 5473975.699204], [465339.442087, 5473968.999829], [465332.58755, 5473959.415527], [465317.203129, 5473945.131342], [465304.198034, 5473935.465414], [465300.789215, 5473931.557082], [465296.031027, 5473928.028549], [465295.231314, 5473927.441161], [465287.352988, 5473921.655174], [465281.876413, 5473917.632956], [465259.908493, 5473901.494159], [465239.573666, 5473886.555014], [465228.751065, 5473878.606736], [465218.91228, 5473871.381], [465200.20275, 5473857.640396], [465198.251088, 5473856.206956], [465187.115774, 5473848.02513], [465178.312188, 5473841.556656], [465175.980213, 5473839.843211], [465165.93932, 5473832.470925], [465155.898244, 5473825.098526], [465155.302246, 5473824.660708], [465150.400468, 5473821.06006], [465137.316099, 5473819.530312], [465122.541782, 5473817.809243], [465122.523482, 5473817.807143], [465115.945154, 5473817.040943], [465100.226975, 5473815.201404], [465095.988391, 5473814.70544], [465095.881194, 5473814.692938], [465084.508609, 5473813.361965], [465062.542796, 5473810.802923], [465040.576808, 5473808.243949], [465026.646055, 5473806.615673], [465025.183071, 5473806.444664], [465010.594346, 5473804.740158], [464996.674109, 5473803.113754], [464996.005526, 5473803.035644], [464981.091938, 5473803.135439], [464962.194185, 5473803.260311], [464962.187785, 5473803.260311], [464953.873288, 5473803.315293], [464941.66834, 5473803.395267], [464925.814795, 5473800.356515], [464891.358709, 5473793.759101], [464880.023072, 5473785.622467], [464871.786238, 5473779.714942], [464852.313569, 5473765.740316], [464839.828397, 5473756.78386], [464834.836039, 5473753.201624], [464817.427093, 5473740.710347], [464814.55468, 5473738.646868], [464805.181952, 5473731.913899], [464793.675047, 5473723.663262], [464790.557752, 5473721.428127], [464787.582158, 5473719.290681], [464786.619361, 5473718.599166], [464776.40349, 5473709.672595], [464772.217312, 5473706.023525], [464769.626188, 5473703.764902], [464766.998851, 5473701.466986], [464766.970351, 5473701.442086], [464763.008701, 5473697.977164], [464757.970647, 5473693.578937], [464745.631653, 5473682.80158], [464731.270969, 5473670.258327], [464725.716059, 5473665.407009], [464711.761015, 5473653.219725], [464711.378609, 5473652.885629], [464705.860739, 5473648.627469], [464696.356543, 5473641.292291], [464683.106359, 5473631.065921], [464681.330237, 5473629.69501], [464640.125434, 5473597.898548], [464598.921106, 5473566.101737], [464590.884164, 5473559.894437], [464580.828074, 5473554.576928], [464576.79579, 5473552.448559], [464574.370437, 5473551.168542], [464569.430025, 5473548.55232], [464561.195436, 5473544.191787], [464554.617875, 5473540.713399], [464547.990402, 5473537.214988], [464534.635313, 5473530.148263], [464529.081737, 5473527.217843], [464525.258711, 5473525.200574], [464520.102535, 5473522.469763], [464515.822255, 5473520.202902], [464505.556276, 5473514.775432], [464498.664136, 5473511.13328], [464498.631336, 5473511.115882], [464495.210321, 5473509.308113], [464491.095706, 5473507.129378], [464490.472204, 5473506.799304], [464486.054009, 5473505.340067], [464476.41783, 5473502.141742], [464454.606869, 5473494.914455], [464435.055189, 5473488.435976], [464428.308064, 5473486.19645], [464425.642532, 5473485.314286], [464421.481035, 5473483.936934], [464405.507662, 5473478.638567], [464404.403475, 5473478.273139], [464396.021478, 5473475.499635], [464386.375506, 5473472.300726], [464385.898812, 5473472.142616], [464375.739859, 5473468.771926], [464362.920761, 5473464.523018], [464340.559559, 5473457.111147], [464338.856291, 5473456.546518], [464313.372257, 5473448.099734], [464305.379136, 5473445.450499], [464287.730798, 5473439.602818], [464264.185703, 5473431.80118], [464260.12711, 5473430.456324], [464244.163557, 5473425.168306], [464236.908488, 5473422.76341], [464226.370744, 5473419.270472], [464215.831812, 5473415.779438], [464210.497279, 5473414.012418], [464193.864057, 5473408.494655], [464190.384188, 5473407.342241], [464184.567836, 5473405.415816], [464173.802203, 5473399.108348], [464166.586828, 5473394.8788], [464160.300867, 5473391.194315], [464153.85009, 5473387.413049], [464150.454954, 5473385.420667], [464140.325364, 5473379.47642], [464132.481512, 5473374.882361], [464130.119299, 5473373.498873], [464115.425452, 5473364.881351], [464096.252731, 5473353.636868], [464087.486243, 5473348.498926], [464041.194854, 5473315.251982], [464033.249777, 5473309.545774], [464002.474903, 5473287.443164], [463994.902876, 5473282.004937], [463982.407762, 5473265.731436], [463972.281797, 5473252.536655], [463967.104832, 5473276.349044], [463963.30556, 5473293.825483], [463954.329144, 5473335.114298], [463901.245538, 5473329.35226], [463848.161477, 5473323.589696], [463844.607068, 5473323.199971], [463841.504161, 5473322.859949], [463764.809207, 5473314.403574], [463747.427087, 5473312.4872], [463690.44696, 5473306.205236], [463688.114735, 5473305.948047], [463666.892943, 5473303.60915], [463659.270004, 5473302.768971], [463604.178096, 5473296.696868], [463541.462985, 5473289.785485], [463556.387481, 5473348.971875], [463571.311629, 5473408.15847], [463585.010958, 5473468.504625], [463598.710411, 5473528.850759], [463615.624126, 5473596.009088], [463632.537438, 5473663.167361], [463652.064859, 5473737.092628], [463671.592275, 5473811.018497], [463706.539831, 5473926.411263], [463720.592572, 5473972.813021], [463756.273531, 5474083.245296], [463781.073265, 5474160.002269], [463815.244912, 5474260.366711], [463827.240308, 5474293.553311], [463850.201767, 5474354.918145], [463871.120106, 5474408.137499], [463908.099994, 5474502.21824], [463929.752225, 5474553.757594], [463940.205402, 5474577.509792], [463976.704869, 5474660.443971], [464006.210759, 5474724.899799], [464022.461262, 5474761.353221], [464149.244566, 5475045.740847], [464221.81082, 5475208.521101], [464239.330843, 5475248.113027], [464256.410649, 5475287.895868], [464273.048109, 5475327.865304], [464310.506924, 5475434.737901], [464337.730173, 5475544.663269], [464354.474964, 5475656.664219], [464356.578828, 5475717.562571], [464357.995209, 5475758.560898], [464352.38545, 5475860.363877], [464344.83576, 5475912.197866], [464337.690834, 5475961.256794], [464314.03004, 5476060.430547], [464281.592058, 5476157.08963], [464240.126827, 5476251.338845], [464202.03995, 5476320.025636], [464190.194664, 5476341.388523], [464132.217832, 5476426.484921], [464066.684708, 5476505.910587], [464053.397507, 5476519.298463], [464049.375855, 5476523.350563], [463994.148197, 5476578.995403], [463915.217609, 5476645.122091], [463887.899744, 5476664.035309], [463887.876644, 5476664.051511], [463888.448022, 5476664.730401], [463889.098596, 5476665.46549], [463889.185393, 5476665.563789], [463891.550503, 5476668.236547], [463894.376897, 5476671.430698], [463908.003132, 5476686.830359], [463951.343347, 5476736.167552], [463963.000219, 5476749.483904], [463969.542499, 5476746.227895], [463983.588298, 5476738.799313], [464007.440606, 5476726.184786], [464020.80763, 5476719.169954], [464033.242025, 5476729.536989], [464054.631199, 5476747.370173], [464089.238526, 5476776.371176], [464120.498378, 5476802.278917], [464142.795964, 5476820.14205], [464140.866362, 5476822.869149], [464137.486865, 5476829.430371], [464132.715924, 5476841.559139], [464131.441644, 5476846.870043], [464131.176989, 5476847.972946], [464130.221851, 5476851.953814], [464128.541534, 5476858.956847], [464125.957606, 5476874.216932], [464125.358279, 5476879.540075], [464122.677338, 5476903.344545], [464116.116837, 5476927.004688], [464100.123804, 5476983.123673], [464079.735193, 5477059.231812], [464079.061815, 5477061.745641], [464078.952018, 5477062.155662], [464091.417819, 5477078.993259], [464099.081706, 5477089.34483], [464115.07958, 5477110.642307], [464116.447902, 5477109.431277], [464120.961087, 5477105.589571], [464164.91292, 5477068.172146], [464188.668199, 5477047.370352], [464223.232447, 5477017.104108], [464264.565363, 5476980.912895], [464269.095968, 5476976.946053], [464271.478314, 5476974.86002], [464309.594877, 5476940.705266], [464354.148427, 5476901.272614], [464398.754122, 5476861.512436], [464401.325103, 5476859.184238], [464414.489382, 5476847.263247]]]}}]}