# pattern-id	commit	path	disposition-ref	(history scan exemptions, feature 015)
P1	030f3632f869da2776e2c8be515631dc7ee9e81a	Makefile	F1
P1	030f3632f869da2776e2c8be515631dc7ee9e81a	README.md	F1
P1	030f3632f869da2776e2c8be515631dc7ee9e81a	scripts/check-prereqs.sh	F1
P1	030f3632f869da2776e2c8be515631dc7ee9e81a	scripts/runpod-deploy.sh	F1
P1	030f3632f869da2776e2c8be515631dc7ee9e81a	specs/001-replicate-mannheim-tree-cover/plan.md	F1
P1	030f3632f869da2776e2c8be515631dc7ee9e81a	specs/001-replicate-mannheim-tree-cover/quickstart.md	F1
P1	030f3632f869da2776e2c8be515631dc7ee9e81a	specs/001-replicate-mannheim-tree-cover/research.md	F1
P1	030f3632f869da2776e2c8be515631dc7ee9e81a	specs/001-replicate-mannheim-tree-cover/spec.md	F1
P1	030f3632f869da2776e2c8be515631dc7ee9e81a	specs/001-replicate-mannheim-tree-cover/tasks.md	F1
P1	030f3632f869da2776e2c8be515631dc7ee9e81a	specs/002-fix-building-popup/plan.md	F1
P1	030f3632f869da2776e2c8be515631dc7ee9e81a	src/pipeline/workspace.py	F1
P1	030f3632f869da2776e2c8be515631dc7ee9e81a	tests/conftest.py	F1
P1	072fdc3810a4951d1b2037f33ef982a41e86fb02	Makefile	F1
P1	072fdc3810a4951d1b2037f33ef982a41e86fb02	README.md	F1
P1	072fdc3810a4951d1b2037f33ef982a41e86fb02	scripts/check-prereqs.sh	F1
P1	072fdc3810a4951d1b2037f33ef982a41e86fb02	scripts/runpod-deploy.sh	F1
P1	072fdc3810a4951d1b2037f33ef982a41e86fb02	specs/001-replicate-mannheim-tree-cover/plan.md	F1
P1	072fdc3810a4951d1b2037f33ef982a41e86fb02	specs/001-replicate-mannheim-tree-cover/quickstart.md	F1
P1	072fdc3810a4951d1b2037f33ef982a41e86fb02	specs/001-replicate-mannheim-tree-cover/research.md	F1
P1	072fdc3810a4951d1b2037f33ef982a41e86fb02	specs/001-replicate-mannheim-tree-cover/spec.md	F1
P1	072fdc3810a4951d1b2037f33ef982a41e86fb02	specs/001-replicate-mannheim-tree-cover/tasks.md	F1
P1	072fdc3810a4951d1b2037f33ef982a41e86fb02	specs/002-fix-building-popup/plan.md	F1
P1	072fdc3810a4951d1b2037f33ef982a41e86fb02	src/pipeline/workspace.py	F1
P1	072fdc3810a4951d1b2037f33ef982a41e86fb02	tests/conftest.py	F1
P1	078263b665d0e1425fa062ffad2c49be2a0865bd	Makefile	F1
P1	078263b665d0e1425fa062ffad2c49be2a0865bd	README.md	F1
P1	078263b665d0e1425fa062ffad2c49be2a0865bd	scripts/check-prereqs.sh	F1
P1	078263b665d0e1425fa062ffad2c49be2a0865bd	scripts/runpod-deploy.sh	F1
P1	078263b665d0e1425fa062ffad2c49be2a0865bd	specs/001-replicate-mannheim-tree-cover/plan.md	F1
P1	078263b665d0e1425fa062ffad2c49be2a0865bd	specs/001-replicate-mannheim-tree-cover/quickstart.md	F1
P1	078263b665d0e1425fa062ffad2c49be2a0865bd	specs/001-replicate-mannheim-tree-cover/research.md	F1
P1	078263b665d0e1425fa062ffad2c49be2a0865bd	specs/001-replicate-mannheim-tree-cover/spec.md	F1
P1	078263b665d0e1425fa062ffad2c49be2a0865bd	specs/001-replicate-mannheim-tree-cover/tasks.md	F1
P1	078263b665d0e1425fa062ffad2c49be2a0865bd	specs/002-fix-building-popup/plan.md	F1
P1	078263b665d0e1425fa062ffad2c49be2a0865bd	src/pipeline/workspace.py	F1
P1	078263b665d0e1425fa062ffad2c49be2a0865bd	tests/conftest.py	F1
P1	0a37918ecbc51121a9e07e2b013d5abff5ca0e07	Makefile	F1
P1	0a37918ecbc51121a9e07e2b013d5abff5ca0e07	README.md	F1
P1	0a37918ecbc51121a9e07e2b013d5abff5ca0e07	scripts/check-prereqs.sh	F1
P1	0a37918ecbc51121a9e07e2b013d5abff5ca0e07	scripts/runpod-deploy.sh	F1
P1	0a37918ecbc51121a9e07e2b013d5abff5ca0e07	specs/001-replicate-mannheim-tree-cover/plan.md	F1
P1	0a37918ecbc51121a9e07e2b013d5abff5ca0e07	specs/001-replicate-mannheim-tree-cover/quickstart.md	F1
P1	0a37918ecbc51121a9e07e2b013d5abff5ca0e07	specs/001-replicate-mannheim-tree-cover/research.md	F1
P1	0a37918ecbc51121a9e07e2b013d5abff5ca0e07	specs/001-replicate-mannheim-tree-cover/spec.md	F1
P1	0a37918ecbc51121a9e07e2b013d5abff5ca0e07	specs/001-replicate-mannheim-tree-cover/tasks.md	F1
P1	0a37918ecbc51121a9e07e2b013d5abff5ca0e07	specs/002-fix-building-popup/plan.md	F1
P1	0a37918ecbc51121a9e07e2b013d5abff5ca0e07	src/pipeline/workspace.py	F1
P1	0a37918ecbc51121a9e07e2b013d5abff5ca0e07	tests/conftest.py	F1
P1	0c55a5ed12827175dca7d55052523195ad826193	Makefile	F1
P1	0c55a5ed12827175dca7d55052523195ad826193	README.md	F1
P1	0c55a5ed12827175dca7d55052523195ad826193	scripts/check-prereqs.sh	F1
P1	0c55a5ed12827175dca7d55052523195ad826193	scripts/runpod-deploy.sh	F1
P1	0c55a5ed12827175dca7d55052523195ad826193	specs/001-replicate-mannheim-tree-cover/plan.md	F1
P1	0c55a5ed12827175dca7d55052523195ad826193	specs/001-replicate-mannheim-tree-cover/quickstart.md	F1
P1	0c55a5ed12827175dca7d55052523195ad826193	specs/001-replicate-mannheim-tree-cover/research.md	F1
P1	0c55a5ed12827175dca7d55052523195ad826193	specs/001-replicate-mannheim-tree-cover/spec.md	F1
P1	0c55a5ed12827175dca7d55052523195ad826193	specs/001-replicate-mannheim-tree-cover/tasks.md	F1
P1	0c55a5ed12827175dca7d55052523195ad826193	src/pipeline/workspace.py	F1
P1	0c55a5ed12827175dca7d55052523195ad826193	tests/conftest.py	F1
P1	0f0a9fb2dbaf42f5e0edfd9b6c34cf2eb794e2af	Makefile	F1
P1	0f0a9fb2dbaf42f5e0edfd9b6c34cf2eb794e2af	README.md	F1
P1	0f0a9fb2dbaf42f5e0edfd9b6c34cf2eb794e2af	scripts/check-prereqs.sh	F1
P1	0f0a9fb2dbaf42f5e0edfd9b6c34cf2eb794e2af	scripts/runpod-deploy.sh	F1
P1	0f0a9fb2dbaf42f5e0edfd9b6c34cf2eb794e2af	specs/001-replicate-mannheim-tree-cover/plan.md	F1
P1	0f0a9fb2dbaf42f5e0edfd9b6c34cf2eb794e2af	specs/001-replicate-mannheim-tree-cover/quickstart.md	F1
P1	0f0a9fb2dbaf42f5e0edfd9b6c34cf2eb794e2af	specs/001-replicate-mannheim-tree-cover/research.md	F1
P1	0f0a9fb2dbaf42f5e0edfd9b6c34cf2eb794e2af	specs/001-replicate-mannheim-tree-cover/spec.md	F1
P1	0f0a9fb2dbaf42f5e0edfd9b6c34cf2eb794e2af	specs/001-replicate-mannheim-tree-cover/tasks.md	F1
P1	0f0a9fb2dbaf42f5e0edfd9b6c34cf2eb794e2af	src/pipeline/workspace.py	F1
P1	0f0a9fb2dbaf42f5e0edfd9b6c34cf2eb794e2af	tests/conftest.py	F1
P1	14b6a6545c3ddae98e97a7851eab009261d725ed	Makefile	F1
P1	14b6a6545c3ddae98e97a7851eab009261d725ed	README.md	F1
P1	14b6a6545c3ddae98e97a7851eab009261d725ed	scripts/check-prereqs.sh	F1
P1	14b6a6545c3ddae98e97a7851eab009261d725ed	scripts/runpod-deploy.sh	F1
P1	14b6a6545c3ddae98e97a7851eab009261d725ed	specs/001-replicate-mannheim-tree-cover/plan.md	F1
P1	14b6a6545c3ddae98e97a7851eab009261d725ed	specs/001-replicate-mannheim-tree-cover/quickstart.md	F1
P1	14b6a6545c3ddae98e97a7851eab009261d725ed	specs/001-replicate-mannheim-tree-cover/research.md	F1
P1	14b6a6545c3ddae98e97a7851eab009261d725ed	specs/001-replicate-mannheim-tree-cover/spec.md	F1
P1	14b6a6545c3ddae98e97a7851eab009261d725ed	specs/001-replicate-mannheim-tree-cover/tasks.md	F1
P1	14b6a6545c3ddae98e97a7851eab009261d725ed	specs/002-fix-building-popup/plan.md	F1
P1	14b6a6545c3ddae98e97a7851eab009261d725ed	src/pipeline/workspace.py	F1
P1	14b6a6545c3ddae98e97a7851eab009261d725ed	tests/conftest.py	F1
P1	150453ba11d0bddcaa4bd6ed2386183fa22c0669	Makefile	F1
P1	150453ba11d0bddcaa4bd6ed2386183fa22c0669	README.md	F1
P1	150453ba11d0bddcaa4bd6ed2386183fa22c0669	scripts/check-prereqs.sh	F1
P1	150453ba11d0bddcaa4bd6ed2386183fa22c0669	scripts/runpod-deploy.sh	F1
P1	150453ba11d0bddcaa4bd6ed2386183fa22c0669	specs/001-replicate-mannheim-tree-cover/plan.md	F1
P1	150453ba11d0bddcaa4bd6ed2386183fa22c0669	specs/001-replicate-mannheim-tree-cover/quickstart.md	F1
P1	150453ba11d0bddcaa4bd6ed2386183fa22c0669	specs/001-replicate-mannheim-tree-cover/research.md	F1
P1	150453ba11d0bddcaa4bd6ed2386183fa22c0669	specs/001-replicate-mannheim-tree-cover/spec.md	F1
P1	150453ba11d0bddcaa4bd6ed2386183fa22c0669	specs/001-replicate-mannheim-tree-cover/tasks.md	F1
P1	150453ba11d0bddcaa4bd6ed2386183fa22c0669	specs/002-fix-building-popup/plan.md	F1
P1	150453ba11d0bddcaa4bd6ed2386183fa22c0669	src/pipeline/workspace.py	F1
P1	150453ba11d0bddcaa4bd6ed2386183fa22c0669	tests/conftest.py	F1
P1	1b7ba3c7e04fdeb9e4e8db99a6364f4c9b2f5953	Makefile	F1
P1	1b7ba3c7e04fdeb9e4e8db99a6364f4c9b2f5953	README.md	F1
P1	1b7ba3c7e04fdeb9e4e8db99a6364f4c9b2f5953	scripts/check-prereqs.sh	F1
P1	1b7ba3c7e04fdeb9e4e8db99a6364f4c9b2f5953	scripts/runpod-deploy.sh	F1
P1	1b7ba3c7e04fdeb9e4e8db99a6364f4c9b2f5953	specs/001-replicate-mannheim-tree-cover/plan.md	F1
P1	1b7ba3c7e04fdeb9e4e8db99a6364f4c9b2f5953	specs/001-replicate-mannheim-tree-cover/quickstart.md	F1
P1	1b7ba3c7e04fdeb9e4e8db99a6364f4c9b2f5953	specs/001-replicate-mannheim-tree-cover/research.md	F1
P1	1b7ba3c7e04fdeb9e4e8db99a6364f4c9b2f5953	specs/001-replicate-mannheim-tree-cover/spec.md	F1
P1	1b7ba3c7e04fdeb9e4e8db99a6364f4c9b2f5953	specs/001-replicate-mannheim-tree-cover/tasks.md	F1
P1	1b7ba3c7e04fdeb9e4e8db99a6364f4c9b2f5953	src/pipeline/workspace.py	F1
P1	1b7ba3c7e04fdeb9e4e8db99a6364f4c9b2f5953	tests/conftest.py	F1
P1	2219f425324dab473e895fdb3597083c4821baf8	scripts/parity-render.mjs	F1
P1	2df934c1da2c99ac93d84db174ae505af9861e45	Makefile	F1
P1	2df934c1da2c99ac93d84db174ae505af9861e45	README.md	F1
P1	2df934c1da2c99ac93d84db174ae505af9861e45	scripts/check-prereqs.sh	F1
P1	2df934c1da2c99ac93d84db174ae505af9861e45	scripts/runpod-deploy.sh	F1
P1	2df934c1da2c99ac93d84db174ae505af9861e45	specs/001-replicate-mannheim-tree-cover/plan.md	F1
P1	2df934c1da2c99ac93d84db174ae505af9861e45	specs/001-replicate-mannheim-tree-cover/quickstart.md	F1
P1	2df934c1da2c99ac93d84db174ae505af9861e45	specs/001-replicate-mannheim-tree-cover/research.md	F1
P1	2df934c1da2c99ac93d84db174ae505af9861e45	specs/001-replicate-mannheim-tree-cover/spec.md	F1
P1	2df934c1da2c99ac93d84db174ae505af9861e45	specs/001-replicate-mannheim-tree-cover/tasks.md	F1
P1	2df934c1da2c99ac93d84db174ae505af9861e45	specs/002-fix-building-popup/plan.md	F1
P1	2df934c1da2c99ac93d84db174ae505af9861e45	src/pipeline/workspace.py	F1
P1	2df934c1da2c99ac93d84db174ae505af9861e45	tests/conftest.py	F1
P1	318380c133e1e9914352cfeba38797ba706dd60e	cited.md	F1
P1	318380c133e1e9914352cfeba38797ba706dd60e	outputs/.plans/neighborhood-tree-canopy-heat-aggregation-cited.md	F1
P1	318380c133e1e9914352cfeba38797ba706dd60e	outputs/.plans/neighborhood-tree-canopy-heat-aggregation-draft.md	F1
P1	318380c133e1e9914352cfeba38797ba706dd60e	outputs/.plans/neighborhood-tree-canopy-heat-aggregation-verification.md	F1
P1	318380c133e1e9914352cfeba38797ba706dd60e	outputs/neighborhood-tree-canopy-heat-aggregation.md	F1
P1	318380c133e1e9914352cfeba38797ba706dd60e	outputs/neighborhood-tree-canopy-heat-aggregation.provenance.md	F1
P1	3221dd965741844712e8868187d9104050b98a3a	cited.md	F1
P1	3221dd965741844712e8868187d9104050b98a3a	outputs/.plans/neighborhood-tree-canopy-heat-aggregation-cited.md	F1
P1	3221dd965741844712e8868187d9104050b98a3a	outputs/.plans/neighborhood-tree-canopy-heat-aggregation-draft.md	F1
P1	3221dd965741844712e8868187d9104050b98a3a	outputs/.plans/neighborhood-tree-canopy-heat-aggregation-verification.md	F1
P1	3221dd965741844712e8868187d9104050b98a3a	outputs/neighborhood-tree-canopy-heat-aggregation.md	F1
P1	3221dd965741844712e8868187d9104050b98a3a	outputs/neighborhood-tree-canopy-heat-aggregation.provenance.md	F1
P1	46020a9418833bda35da788ca7a2e50306f1451f	Makefile	F1
P1	46020a9418833bda35da788ca7a2e50306f1451f	README.md	F1
P1	46020a9418833bda35da788ca7a2e50306f1451f	scripts/check-prereqs.sh	F1
P1	46020a9418833bda35da788ca7a2e50306f1451f	specs/001-replicate-mannheim-tree-cover/plan.md	F1
P1	46020a9418833bda35da788ca7a2e50306f1451f	specs/001-replicate-mannheim-tree-cover/quickstart.md	F1
P1	46020a9418833bda35da788ca7a2e50306f1451f	specs/001-replicate-mannheim-tree-cover/research.md	F1
P1	46020a9418833bda35da788ca7a2e50306f1451f	specs/001-replicate-mannheim-tree-cover/spec.md	F1
P1	46020a9418833bda35da788ca7a2e50306f1451f	specs/001-replicate-mannheim-tree-cover/tasks.md	F1
P1	46020a9418833bda35da788ca7a2e50306f1451f	src/pipeline/workspace.py	F1
P1	46020a9418833bda35da788ca7a2e50306f1451f	tests/conftest.py	F1
P1	4788271710f3559e017b72568056da4fe1981c7b	Makefile	F1
P1	4788271710f3559e017b72568056da4fe1981c7b	README.md	F1
P1	4788271710f3559e017b72568056da4fe1981c7b	scripts/check-prereqs.sh	F1
P1	4788271710f3559e017b72568056da4fe1981c7b	scripts/runpod-deploy.sh	F1
P1	4788271710f3559e017b72568056da4fe1981c7b	specs/001-replicate-mannheim-tree-cover/plan.md	F1
P1	4788271710f3559e017b72568056da4fe1981c7b	specs/001-replicate-mannheim-tree-cover/quickstart.md	F1
P1	4788271710f3559e017b72568056da4fe1981c7b	specs/001-replicate-mannheim-tree-cover/research.md	F1
P1	4788271710f3559e017b72568056da4fe1981c7b	specs/001-replicate-mannheim-tree-cover/spec.md	F1
P1	4788271710f3559e017b72568056da4fe1981c7b	specs/001-replicate-mannheim-tree-cover/tasks.md	F1
P1	4788271710f3559e017b72568056da4fe1981c7b	specs/002-fix-building-popup/plan.md	F1
P1	4788271710f3559e017b72568056da4fe1981c7b	src/pipeline/workspace.py	F1
P1	4788271710f3559e017b72568056da4fe1981c7b	tests/conftest.py	F1
P1	4b4c614de3131ff9256a05d53b349126a1a2af69	specs/001-replicate-mannheim-tree-cover/plan.md	F1
P1	4b4c614de3131ff9256a05d53b349126a1a2af69	specs/001-replicate-mannheim-tree-cover/quickstart.md	F1
P1	4b4c614de3131ff9256a05d53b349126a1a2af69	specs/001-replicate-mannheim-tree-cover/research.md	F1
P1	4b4c614de3131ff9256a05d53b349126a1a2af69	specs/001-replicate-mannheim-tree-cover/spec.md	F1
P1	4e9ae7ce2ec3f45448b0ea4bfb04c03872b2c00f	Makefile	F1
P1	4e9ae7ce2ec3f45448b0ea4bfb04c03872b2c00f	README.md	F1
P1	4e9ae7ce2ec3f45448b0ea4bfb04c03872b2c00f	scripts/check-prereqs.sh	F1
P1	4e9ae7ce2ec3f45448b0ea4bfb04c03872b2c00f	scripts/runpod-deploy.sh	F1
P1	4e9ae7ce2ec3f45448b0ea4bfb04c03872b2c00f	specs/001-replicate-mannheim-tree-cover/plan.md	F1
P1	4e9ae7ce2ec3f45448b0ea4bfb04c03872b2c00f	specs/001-replicate-mannheim-tree-cover/quickstart.md	F1
P1	4e9ae7ce2ec3f45448b0ea4bfb04c03872b2c00f	specs/001-replicate-mannheim-tree-cover/research.md	F1
P1	4e9ae7ce2ec3f45448b0ea4bfb04c03872b2c00f	specs/001-replicate-mannheim-tree-cover/spec.md	F1
P1	4e9ae7ce2ec3f45448b0ea4bfb04c03872b2c00f	specs/001-replicate-mannheim-tree-cover/tasks.md	F1
P1	4e9ae7ce2ec3f45448b0ea4bfb04c03872b2c00f	specs/002-fix-building-popup/plan.md	F1
P1	4e9ae7ce2ec3f45448b0ea4bfb04c03872b2c00f	src/pipeline/workspace.py	F1
P1	4e9ae7ce2ec3f45448b0ea4bfb04c03872b2c00f	tests/conftest.py	F1
P1	53a61352f9726f04fc95bafe4d0c8bff0dd21f20	Makefile	F1
P1	53a61352f9726f04fc95bafe4d0c8bff0dd21f20	README.md	F1
P1	53a61352f9726f04fc95bafe4d0c8bff0dd21f20	scripts/check-prereqs.sh	F1
P1	53a61352f9726f04fc95bafe4d0c8bff0dd21f20	scripts/runpod-deploy.sh	F1
P1	53a61352f9726f04fc95bafe4d0c8bff0dd21f20	specs/001-replicate-mannheim-tree-cover/plan.md	F1
P1	53a61352f9726f04fc95bafe4d0c8bff0dd21f20	specs/001-replicate-mannheim-tree-cover/quickstart.md	F1
P1	53a61352f9726f04fc95bafe4d0c8bff0dd21f20	specs/001-replicate-mannheim-tree-cover/research.md	F1
P1	53a61352f9726f04fc95bafe4d0c8bff0dd21f20	specs/001-replicate-mannheim-tree-cover/spec.md	F1
P1	53a61352f9726f04fc95bafe4d0c8bff0dd21f20	specs/001-replicate-mannheim-tree-cover/tasks.md	F1
P1	53a61352f9726f04fc95bafe4d0c8bff0dd21f20	specs/002-fix-building-popup/plan.md	F1
P1	53a61352f9726f04fc95bafe4d0c8bff0dd21f20	src/pipeline/workspace.py	F1
P1	53a61352f9726f04fc95bafe4d0c8bff0dd21f20	tests/conftest.py	F1
P1	55d25670a4eb091606982f6c10402cfef1ff4d31	Makefile	F1
P1	55d25670a4eb091606982f6c10402cfef1ff4d31	README.md	F1
P1	55d25670a4eb091606982f6c10402cfef1ff4d31	scripts/check-prereqs.sh	F1
P1	55d25670a4eb091606982f6c10402cfef1ff4d31	scripts/runpod-deploy.sh	F1
P1	55d25670a4eb091606982f6c10402cfef1ff4d31	specs/001-replicate-mannheim-tree-cover/plan.md	F1
P1	55d25670a4eb091606982f6c10402cfef1ff4d31	specs/001-replicate-mannheim-tree-cover/quickstart.md	F1
P1	55d25670a4eb091606982f6c10402cfef1ff4d31	specs/001-replicate-mannheim-tree-cover/research.md	F1
P1	55d25670a4eb091606982f6c10402cfef1ff4d31	specs/001-replicate-mannheim-tree-cover/spec.md	F1
P1	55d25670a4eb091606982f6c10402cfef1ff4d31	specs/001-replicate-mannheim-tree-cover/tasks.md	F1
P1	55d25670a4eb091606982f6c10402cfef1ff4d31	specs/002-fix-building-popup/plan.md	F1
P1	55d25670a4eb091606982f6c10402cfef1ff4d31	src/pipeline/workspace.py	F1
P1	55d25670a4eb091606982f6c10402cfef1ff4d31	tests/conftest.py	F1
P1	586e9270671a2a026edfd110fde761d9a27c3717	scripts/parity-render.mjs	F1
P1	5dd00ab56c32dde7e95d9d9163573893ab9ba962	Makefile	F1
P1	5dd00ab56c32dde7e95d9d9163573893ab9ba962	README.md	F1
P1	5dd00ab56c32dde7e95d9d9163573893ab9ba962	scripts/check-prereqs.sh	F1
P1	5dd00ab56c32dde7e95d9d9163573893ab9ba962	specs/001-replicate-mannheim-tree-cover/plan.md	F1
P1	5dd00ab56c32dde7e95d9d9163573893ab9ba962	specs/001-replicate-mannheim-tree-cover/quickstart.md	F1
P1	5dd00ab56c32dde7e95d9d9163573893ab9ba962	specs/001-replicate-mannheim-tree-cover/research.md	F1
P1	5dd00ab56c32dde7e95d9d9163573893ab9ba962	specs/001-replicate-mannheim-tree-cover/spec.md	F1
P1	5dd00ab56c32dde7e95d9d9163573893ab9ba962	specs/001-replicate-mannheim-tree-cover/tasks.md	F1
P1	5dd00ab56c32dde7e95d9d9163573893ab9ba962	src/pipeline/workspace.py	F1
P1	5dd00ab56c32dde7e95d9d9163573893ab9ba962	tests/conftest.py	F1
P1	6cd4c28c5e338175733fc731c0041a2bf5b9d2b0	Makefile	F1
P1	6cd4c28c5e338175733fc731c0041a2bf5b9d2b0	README.md	F1
P1	6cd4c28c5e338175733fc731c0041a2bf5b9d2b0	scripts/check-prereqs.sh	F1
P1	6cd4c28c5e338175733fc731c0041a2bf5b9d2b0	scripts/runpod-deploy.sh	F1
P1	6cd4c28c5e338175733fc731c0041a2bf5b9d2b0	specs/001-replicate-mannheim-tree-cover/plan.md	F1
P1	6cd4c28c5e338175733fc731c0041a2bf5b9d2b0	specs/001-replicate-mannheim-tree-cover/quickstart.md	F1
P1	6cd4c28c5e338175733fc731c0041a2bf5b9d2b0	specs/001-replicate-mannheim-tree-cover/research.md	F1
P1	6cd4c28c5e338175733fc731c0041a2bf5b9d2b0	specs/001-replicate-mannheim-tree-cover/spec.md	F1
P1	6cd4c28c5e338175733fc731c0041a2bf5b9d2b0	specs/001-replicate-mannheim-tree-cover/tasks.md	F1
P1	6cd4c28c5e338175733fc731c0041a2bf5b9d2b0	src/pipeline/workspace.py	F1
P1	6cd4c28c5e338175733fc731c0041a2bf5b9d2b0	tests/conftest.py	F1
P1	73d6c5d6a793e4241938c9964b2d75b67ec67a72	cited.md	F1
P1	73d6c5d6a793e4241938c9964b2d75b67ec67a72	outputs/.plans/neighborhood-tree-canopy-heat-aggregation-cited.md	F1
P1	73d6c5d6a793e4241938c9964b2d75b67ec67a72	outputs/.plans/neighborhood-tree-canopy-heat-aggregation-draft.md	F1
P1	73d6c5d6a793e4241938c9964b2d75b67ec67a72	outputs/.plans/neighborhood-tree-canopy-heat-aggregation-verification.md	F1
P1	73d6c5d6a793e4241938c9964b2d75b67ec67a72	outputs/neighborhood-tree-canopy-heat-aggregation.md	F1
P1	73d6c5d6a793e4241938c9964b2d75b67ec67a72	outputs/neighborhood-tree-canopy-heat-aggregation.provenance.md	F1
P1	77c9a97176eb534cf2c6d77adde23b87c63f3252	Makefile	F1
P1	77c9a97176eb534cf2c6d77adde23b87c63f3252	README.md	F1
P1	77c9a97176eb534cf2c6d77adde23b87c63f3252	scripts/check-prereqs.sh	F1
P1	77c9a97176eb534cf2c6d77adde23b87c63f3252	scripts/runpod-deploy.sh	F1
P1	77c9a97176eb534cf2c6d77adde23b87c63f3252	specs/001-replicate-mannheim-tree-cover/plan.md	F1
P1	77c9a97176eb534cf2c6d77adde23b87c63f3252	specs/001-replicate-mannheim-tree-cover/quickstart.md	F1
P1	77c9a97176eb534cf2c6d77adde23b87c63f3252	specs/001-replicate-mannheim-tree-cover/research.md	F1
P1	77c9a97176eb534cf2c6d77adde23b87c63f3252	specs/001-replicate-mannheim-tree-cover/spec.md	F1
P1	77c9a97176eb534cf2c6d77adde23b87c63f3252	specs/001-replicate-mannheim-tree-cover/tasks.md	F1
P1	77c9a97176eb534cf2c6d77adde23b87c63f3252	src/pipeline/workspace.py	F1
P1	77c9a97176eb534cf2c6d77adde23b87c63f3252	tests/conftest.py	F1
P1	806327a60f8e89c5bd7d9aaa3fcf246a2137e4d9	cited.md	F1
P1	806327a60f8e89c5bd7d9aaa3fcf246a2137e4d9	outputs/.plans/neighborhood-tree-canopy-heat-aggregation-cited.md	F1
P1	806327a60f8e89c5bd7d9aaa3fcf246a2137e4d9	outputs/.plans/neighborhood-tree-canopy-heat-aggregation-draft.md	F1
P1	806327a60f8e89c5bd7d9aaa3fcf246a2137e4d9	outputs/.plans/neighborhood-tree-canopy-heat-aggregation-verification.md	F1
P1	806327a60f8e89c5bd7d9aaa3fcf246a2137e4d9	outputs/neighborhood-tree-canopy-heat-aggregation.md	F1
P1	806327a60f8e89c5bd7d9aaa3fcf246a2137e4d9	outputs/neighborhood-tree-canopy-heat-aggregation.provenance.md	F1
P1	810bd6fb2cbf702b300f549d449ad19555e24ca9	Makefile	F1
P1	810bd6fb2cbf702b300f549d449ad19555e24ca9	README.md	F1
P1	810bd6fb2cbf702b300f549d449ad19555e24ca9	scripts/check-prereqs.sh	F1
P1	810bd6fb2cbf702b300f549d449ad19555e24ca9	scripts/runpod-deploy.sh	F1
P1	810bd6fb2cbf702b300f549d449ad19555e24ca9	specs/001-replicate-mannheim-tree-cover/plan.md	F1
P1	810bd6fb2cbf702b300f549d449ad19555e24ca9	specs/001-replicate-mannheim-tree-cover/quickstart.md	F1
P1	810bd6fb2cbf702b300f549d449ad19555e24ca9	specs/001-replicate-mannheim-tree-cover/research.md	F1
P1	810bd6fb2cbf702b300f549d449ad19555e24ca9	specs/001-replicate-mannheim-tree-cover/spec.md	F1
P1	810bd6fb2cbf702b300f549d449ad19555e24ca9	specs/001-replicate-mannheim-tree-cover/tasks.md	F1
P1	810bd6fb2cbf702b300f549d449ad19555e24ca9	specs/002-fix-building-popup/plan.md	F1
P1	810bd6fb2cbf702b300f549d449ad19555e24ca9	src/pipeline/workspace.py	F1
P1	810bd6fb2cbf702b300f549d449ad19555e24ca9	tests/conftest.py	F1
P1	830ed65d8b4a7cd23846f5c5c261da2065b6a3a4	Makefile	F1
P1	830ed65d8b4a7cd23846f5c5c261da2065b6a3a4	README.md	F1
P1	830ed65d8b4a7cd23846f5c5c261da2065b6a3a4	scripts/check-prereqs.sh	F1
P1	830ed65d8b4a7cd23846f5c5c261da2065b6a3a4	scripts/runpod-deploy.sh	F1
P1	830ed65d8b4a7cd23846f5c5c261da2065b6a3a4	specs/001-replicate-mannheim-tree-cover/plan.md	F1
P1	830ed65d8b4a7cd23846f5c5c261da2065b6a3a4	specs/001-replicate-mannheim-tree-cover/quickstart.md	F1
P1	830ed65d8b4a7cd23846f5c5c261da2065b6a3a4	specs/001-replicate-mannheim-tree-cover/research.md	F1
P1	830ed65d8b4a7cd23846f5c5c261da2065b6a3a4	specs/001-replicate-mannheim-tree-cover/spec.md	F1
P1	830ed65d8b4a7cd23846f5c5c261da2065b6a3a4	specs/001-replicate-mannheim-tree-cover/tasks.md	F1
P1	830ed65d8b4a7cd23846f5c5c261da2065b6a3a4	specs/002-fix-building-popup/plan.md	F1
P1	830ed65d8b4a7cd23846f5c5c261da2065b6a3a4	src/pipeline/workspace.py	F1
P1	830ed65d8b4a7cd23846f5c5c261da2065b6a3a4	tests/conftest.py	F1
P1	84f8223113d6ca8d678c57f27619be241a703959	Makefile	F1
P1	84f8223113d6ca8d678c57f27619be241a703959	README.md	F1
P1	84f8223113d6ca8d678c57f27619be241a703959	scripts/check-prereqs.sh	F1
P1	84f8223113d6ca8d678c57f27619be241a703959	scripts/runpod-deploy.sh	F1
P1	84f8223113d6ca8d678c57f27619be241a703959	specs/001-replicate-mannheim-tree-cover/plan.md	F1
P1	84f8223113d6ca8d678c57f27619be241a703959	specs/001-replicate-mannheim-tree-cover/quickstart.md	F1
P1	84f8223113d6ca8d678c57f27619be241a703959	specs/001-replicate-mannheim-tree-cover/research.md	F1
P1	84f8223113d6ca8d678c57f27619be241a703959	specs/001-replicate-mannheim-tree-cover/spec.md	F1
P1	84f8223113d6ca8d678c57f27619be241a703959	specs/001-replicate-mannheim-tree-cover/tasks.md	F1
P1	84f8223113d6ca8d678c57f27619be241a703959	src/pipeline/workspace.py	F1
P1	84f8223113d6ca8d678c57f27619be241a703959	tests/conftest.py	F1
P1	90ae6167b51c79122075729c8cae2e42ac2dd199	specs/001-replicate-mannheim-tree-cover/plan.md	F1
P1	90ae6167b51c79122075729c8cae2e42ac2dd199	specs/001-replicate-mannheim-tree-cover/quickstart.md	F1
P1	90ae6167b51c79122075729c8cae2e42ac2dd199	specs/001-replicate-mannheim-tree-cover/research.md	F1
P1	90ae6167b51c79122075729c8cae2e42ac2dd199	specs/001-replicate-mannheim-tree-cover/spec.md	F1
P1	90ae6167b51c79122075729c8cae2e42ac2dd199	specs/001-replicate-mannheim-tree-cover/tasks.md	F1
P1	9401e0255f321d84189a8394d197df1d585b4b37	specs/001-replicate-mannheim-tree-cover/spec.md	F1
P1	994cbdffd5e3551a5fe2b957674243dfc3093a98	cited.md	F1
P1	994cbdffd5e3551a5fe2b957674243dfc3093a98	outputs/.plans/neighborhood-tree-canopy-heat-aggregation-cited.md	F1
P1	994cbdffd5e3551a5fe2b957674243dfc3093a98	outputs/.plans/neighborhood-tree-canopy-heat-aggregation-draft.md	F1
P1	994cbdffd5e3551a5fe2b957674243dfc3093a98	outputs/.plans/neighborhood-tree-canopy-heat-aggregation-verification.md	F1
P1	994cbdffd5e3551a5fe2b957674243dfc3093a98	outputs/neighborhood-tree-canopy-heat-aggregation.md	F1
P1	994cbdffd5e3551a5fe2b957674243dfc3093a98	outputs/neighborhood-tree-canopy-heat-aggregation.provenance.md	F1
P1	9a00fcdf93997f8f27470263ad01f4772e8900ec	Makefile	F1
P1	9a00fcdf93997f8f27470263ad01f4772e8900ec	README.md	F1
P1	9a00fcdf93997f8f27470263ad01f4772e8900ec	scripts/check-prereqs.sh	F1
P1	9a00fcdf93997f8f27470263ad01f4772e8900ec	scripts/runpod-deploy.sh	F1
P1	9a00fcdf93997f8f27470263ad01f4772e8900ec	specs/001-replicate-mannheim-tree-cover/plan.md	F1
P1	9a00fcdf93997f8f27470263ad01f4772e8900ec	specs/001-replicate-mannheim-tree-cover/quickstart.md	F1
P1	9a00fcdf93997f8f27470263ad01f4772e8900ec	specs/001-replicate-mannheim-tree-cover/research.md	F1
P1	9a00fcdf93997f8f27470263ad01f4772e8900ec	specs/001-replicate-mannheim-tree-cover/spec.md	F1
P1	9a00fcdf93997f8f27470263ad01f4772e8900ec	specs/001-replicate-mannheim-tree-cover/tasks.md	F1
P1	9a00fcdf93997f8f27470263ad01f4772e8900ec	specs/002-fix-building-popup/plan.md	F1
P1	9a00fcdf93997f8f27470263ad01f4772e8900ec	src/pipeline/workspace.py	F1
P1	9a00fcdf93997f8f27470263ad01f4772e8900ec	tests/conftest.py	F1
P1	9a024981fba421797670d74cfe9d6a90a3d09623	Makefile	F1
P1	9a024981fba421797670d74cfe9d6a90a3d09623	README.md	F1
P1	9a024981fba421797670d74cfe9d6a90a3d09623	scripts/check-prereqs.sh	F1
P1	9a024981fba421797670d74cfe9d6a90a3d09623	scripts/runpod-deploy.sh	F1
P1	9a024981fba421797670d74cfe9d6a90a3d09623	specs/001-replicate-mannheim-tree-cover/plan.md	F1
P1	9a024981fba421797670d74cfe9d6a90a3d09623	specs/001-replicate-mannheim-tree-cover/quickstart.md	F1
P1	9a024981fba421797670d74cfe9d6a90a3d09623	specs/001-replicate-mannheim-tree-cover/research.md	F1
P1	9a024981fba421797670d74cfe9d6a90a3d09623	specs/001-replicate-mannheim-tree-cover/spec.md	F1
P1	9a024981fba421797670d74cfe9d6a90a3d09623	specs/001-replicate-mannheim-tree-cover/tasks.md	F1
P1	9a024981fba421797670d74cfe9d6a90a3d09623	src/pipeline/workspace.py	F1
P1	9a024981fba421797670d74cfe9d6a90a3d09623	tests/conftest.py	F1
P1	9f5b696911d18da4e11ccdbdd2699c8895891eea	Makefile	F1
P1	9f5b696911d18da4e11ccdbdd2699c8895891eea	README.md	F1
P1	9f5b696911d18da4e11ccdbdd2699c8895891eea	scripts/check-prereqs.sh	F1
P1	9f5b696911d18da4e11ccdbdd2699c8895891eea	scripts/runpod-deploy.sh	F1
P1	9f5b696911d18da4e11ccdbdd2699c8895891eea	specs/001-replicate-mannheim-tree-cover/plan.md	F1
P1	9f5b696911d18da4e11ccdbdd2699c8895891eea	specs/001-replicate-mannheim-tree-cover/quickstart.md	F1
P1	9f5b696911d18da4e11ccdbdd2699c8895891eea	specs/001-replicate-mannheim-tree-cover/research.md	F1
P1	9f5b696911d18da4e11ccdbdd2699c8895891eea	specs/001-replicate-mannheim-tree-cover/spec.md	F1
P1	9f5b696911d18da4e11ccdbdd2699c8895891eea	specs/001-replicate-mannheim-tree-cover/tasks.md	F1
P1	9f5b696911d18da4e11ccdbdd2699c8895891eea	src/pipeline/workspace.py	F1
P1	9f5b696911d18da4e11ccdbdd2699c8895891eea	tests/conftest.py	F1
P1	a4f2c39ecfdf95c2650cbd84aa9ac5ca5a4981eb	Makefile	F1
P1	a4f2c39ecfdf95c2650cbd84aa9ac5ca5a4981eb	README.md	F1
P1	a4f2c39ecfdf95c2650cbd84aa9ac5ca5a4981eb	scripts/check-prereqs.sh	F1
P1	a4f2c39ecfdf95c2650cbd84aa9ac5ca5a4981eb	specs/001-replicate-mannheim-tree-cover/plan.md	F1
P1	a4f2c39ecfdf95c2650cbd84aa9ac5ca5a4981eb	specs/001-replicate-mannheim-tree-cover/quickstart.md	F1
P1	a4f2c39ecfdf95c2650cbd84aa9ac5ca5a4981eb	specs/001-replicate-mannheim-tree-cover/research.md	F1
P1	a4f2c39ecfdf95c2650cbd84aa9ac5ca5a4981eb	specs/001-replicate-mannheim-tree-cover/spec.md	F1
P1	a4f2c39ecfdf95c2650cbd84aa9ac5ca5a4981eb	specs/001-replicate-mannheim-tree-cover/tasks.md	F1
P1	a4f2c39ecfdf95c2650cbd84aa9ac5ca5a4981eb	src/pipeline/workspace.py	F1
P1	a4f2c39ecfdf95c2650cbd84aa9ac5ca5a4981eb	tests/conftest.py	F1
P1	b966bf9b392b715d3dd213742bfadaa5694b16d8	Makefile	F1
P1	b966bf9b392b715d3dd213742bfadaa5694b16d8	README.md	F1
P1	b966bf9b392b715d3dd213742bfadaa5694b16d8	scripts/check-prereqs.sh	F1
P1	b966bf9b392b715d3dd213742bfadaa5694b16d8	scripts/runpod-deploy.sh	F1
P1	b966bf9b392b715d3dd213742bfadaa5694b16d8	specs/001-replicate-mannheim-tree-cover/plan.md	F1
P1	b966bf9b392b715d3dd213742bfadaa5694b16d8	specs/001-replicate-mannheim-tree-cover/quickstart.md	F1
P1	b966bf9b392b715d3dd213742bfadaa5694b16d8	specs/001-replicate-mannheim-tree-cover/research.md	F1
P1	b966bf9b392b715d3dd213742bfadaa5694b16d8	specs/001-replicate-mannheim-tree-cover/spec.md	F1
P1	b966bf9b392b715d3dd213742bfadaa5694b16d8	specs/001-replicate-mannheim-tree-cover/tasks.md	F1
P1	b966bf9b392b715d3dd213742bfadaa5694b16d8	src/pipeline/workspace.py	F1
P1	b966bf9b392b715d3dd213742bfadaa5694b16d8	tests/conftest.py	F1
P1	bd77ff250fb75f5916cf894f9dc1192e7e2aa153	scripts/parity-render.mjs	F1
P1	bf67b989e3846ebb511d1aca36c855df7574fdb6	Makefile	F1
P1	bf67b989e3846ebb511d1aca36c855df7574fdb6	README.md	F1
P1	bf67b989e3846ebb511d1aca36c855df7574fdb6	scripts/check-prereqs.sh	F1
P1	bf67b989e3846ebb511d1aca36c855df7574fdb6	scripts/runpod-deploy.sh	F1
P1	bf67b989e3846ebb511d1aca36c855df7574fdb6	specs/001-replicate-mannheim-tree-cover/plan.md	F1
P1	bf67b989e3846ebb511d1aca36c855df7574fdb6	specs/001-replicate-mannheim-tree-cover/quickstart.md	F1
P1	bf67b989e3846ebb511d1aca36c855df7574fdb6	specs/001-replicate-mannheim-tree-cover/research.md	F1
P1	bf67b989e3846ebb511d1aca36c855df7574fdb6	specs/001-replicate-mannheim-tree-cover/spec.md	F1
P1	bf67b989e3846ebb511d1aca36c855df7574fdb6	specs/001-replicate-mannheim-tree-cover/tasks.md	F1
P1	bf67b989e3846ebb511d1aca36c855df7574fdb6	src/pipeline/workspace.py	F1
P1	bf67b989e3846ebb511d1aca36c855df7574fdb6	tests/conftest.py	F1
P1	c40f61b57b0f3643970d904664fb51e3393e2463	cited.md	F1
P1	c40f61b57b0f3643970d904664fb51e3393e2463	outputs/.plans/neighborhood-tree-canopy-heat-aggregation-cited.md	F1
P1	c40f61b57b0f3643970d904664fb51e3393e2463	outputs/.plans/neighborhood-tree-canopy-heat-aggregation-draft.md	F1
P1	c40f61b57b0f3643970d904664fb51e3393e2463	outputs/.plans/neighborhood-tree-canopy-heat-aggregation-verification.md	F1
P1	c40f61b57b0f3643970d904664fb51e3393e2463	outputs/neighborhood-tree-canopy-heat-aggregation.md	F1
P1	c40f61b57b0f3643970d904664fb51e3393e2463	outputs/neighborhood-tree-canopy-heat-aggregation.provenance.md	F1
P1	c9b9065dbec945a65fdbe66d84264e348cf7ca34	Makefile	F1
P1	c9b9065dbec945a65fdbe66d84264e348cf7ca34	README.md	F1
P1	c9b9065dbec945a65fdbe66d84264e348cf7ca34	scripts/check-prereqs.sh	F1
P1	c9b9065dbec945a65fdbe66d84264e348cf7ca34	scripts/runpod-deploy.sh	F1
P1	c9b9065dbec945a65fdbe66d84264e348cf7ca34	specs/001-replicate-mannheim-tree-cover/plan.md	F1
P1	c9b9065dbec945a65fdbe66d84264e348cf7ca34	specs/001-replicate-mannheim-tree-cover/quickstart.md	F1
P1	c9b9065dbec945a65fdbe66d84264e348cf7ca34	specs/001-replicate-mannheim-tree-cover/research.md	F1
P1	c9b9065dbec945a65fdbe66d84264e348cf7ca34	specs/001-replicate-mannheim-tree-cover/spec.md	F1
P1	c9b9065dbec945a65fdbe66d84264e348cf7ca34	specs/001-replicate-mannheim-tree-cover/tasks.md	F1
P1	c9b9065dbec945a65fdbe66d84264e348cf7ca34	specs/002-fix-building-popup/plan.md	F1
P1	c9b9065dbec945a65fdbe66d84264e348cf7ca34	src/pipeline/workspace.py	F1
P1	c9b9065dbec945a65fdbe66d84264e348cf7ca34	tests/conftest.py	F1
P1	ca13a454aaec9ba685c4cecda535b1c26446bcc1	Makefile	F1
P1	ca13a454aaec9ba685c4cecda535b1c26446bcc1	README.md	F1
P1	ca13a454aaec9ba685c4cecda535b1c26446bcc1	scripts/check-prereqs.sh	F1
P1	ca13a454aaec9ba685c4cecda535b1c26446bcc1	scripts/runpod-deploy.sh	F1
P1	ca13a454aaec9ba685c4cecda535b1c26446bcc1	specs/001-replicate-mannheim-tree-cover/plan.md	F1
P1	ca13a454aaec9ba685c4cecda535b1c26446bcc1	specs/001-replicate-mannheim-tree-cover/quickstart.md	F1
P1	ca13a454aaec9ba685c4cecda535b1c26446bcc1	specs/001-replicate-mannheim-tree-cover/research.md	F1
P1	ca13a454aaec9ba685c4cecda535b1c26446bcc1	specs/001-replicate-mannheim-tree-cover/spec.md	F1
P1	ca13a454aaec9ba685c4cecda535b1c26446bcc1	specs/001-replicate-mannheim-tree-cover/tasks.md	F1
P1	ca13a454aaec9ba685c4cecda535b1c26446bcc1	specs/002-fix-building-popup/plan.md	F1
P1	ca13a454aaec9ba685c4cecda535b1c26446bcc1	specs/006-public-release-prep/plan.md	F1
P1	ca13a454aaec9ba685c4cecda535b1c26446bcc1	specs/006-public-release-prep/research.md	F1
P1	ca13a454aaec9ba685c4cecda535b1c26446bcc1	specs/006-public-release-prep/tasks.md	F1
P1	ca13a454aaec9ba685c4cecda535b1c26446bcc1	src/pipeline/workspace.py	F1
P1	ca13a454aaec9ba685c4cecda535b1c26446bcc1	tests/conftest.py	F1
P1	d212dcb1f10a953a5032e3e922e65612b92ce437	Makefile	F1
P1	d212dcb1f10a953a5032e3e922e65612b92ce437	README.md	F1
P1	d212dcb1f10a953a5032e3e922e65612b92ce437	scripts/check-prereqs.sh	F1
P1	d212dcb1f10a953a5032e3e922e65612b92ce437	scripts/runpod-deploy.sh	F1
P1	d212dcb1f10a953a5032e3e922e65612b92ce437	specs/001-replicate-mannheim-tree-cover/plan.md	F1
P1	d212dcb1f10a953a5032e3e922e65612b92ce437	specs/001-replicate-mannheim-tree-cover/quickstart.md	F1
P1	d212dcb1f10a953a5032e3e922e65612b92ce437	specs/001-replicate-mannheim-tree-cover/research.md	F1
P1	d212dcb1f10a953a5032e3e922e65612b92ce437	specs/001-replicate-mannheim-tree-cover/spec.md	F1
P1	d212dcb1f10a953a5032e3e922e65612b92ce437	specs/001-replicate-mannheim-tree-cover/tasks.md	F1
P1	d212dcb1f10a953a5032e3e922e65612b92ce437	specs/002-fix-building-popup/plan.md	F1
P1	d212dcb1f10a953a5032e3e922e65612b92ce437	src/pipeline/workspace.py	F1
P1	d212dcb1f10a953a5032e3e922e65612b92ce437	tests/conftest.py	F1
P1	d3961b558b5504bbce60558c67a210656ba702e5	specs/014-performance-fixes/research.md	F1
P1	defe8270e3e3c61bf59337954c0aa3d596d2c57d	Makefile	F1
P1	defe8270e3e3c61bf59337954c0aa3d596d2c57d	README.md	F1
P1	defe8270e3e3c61bf59337954c0aa3d596d2c57d	scripts/check-prereqs.sh	F1
P1	defe8270e3e3c61bf59337954c0aa3d596d2c57d	scripts/runpod-deploy.sh	F1
P1	defe8270e3e3c61bf59337954c0aa3d596d2c57d	specs/001-replicate-mannheim-tree-cover/plan.md	F1
P1	defe8270e3e3c61bf59337954c0aa3d596d2c57d	specs/001-replicate-mannheim-tree-cover/quickstart.md	F1
P1	defe8270e3e3c61bf59337954c0aa3d596d2c57d	specs/001-replicate-mannheim-tree-cover/research.md	F1
P1	defe8270e3e3c61bf59337954c0aa3d596d2c57d	specs/001-replicate-mannheim-tree-cover/spec.md	F1
P1	defe8270e3e3c61bf59337954c0aa3d596d2c57d	specs/001-replicate-mannheim-tree-cover/tasks.md	F1
P1	defe8270e3e3c61bf59337954c0aa3d596d2c57d	src/pipeline/workspace.py	F1
P1	defe8270e3e3c61bf59337954c0aa3d596d2c57d	tests/conftest.py	F1
P1	e2dbb6553473b25c59381dc92652ca41d41b7966	Makefile	F1
P1	e2dbb6553473b25c59381dc92652ca41d41b7966	README.md	F1
P1	e2dbb6553473b25c59381dc92652ca41d41b7966	scripts/check-prereqs.sh	F1
P1	e2dbb6553473b25c59381dc92652ca41d41b7966	scripts/runpod-deploy.sh	F1
P1	e2dbb6553473b25c59381dc92652ca41d41b7966	specs/001-replicate-mannheim-tree-cover/plan.md	F1
P1	e2dbb6553473b25c59381dc92652ca41d41b7966	specs/001-replicate-mannheim-tree-cover/quickstart.md	F1
P1	e2dbb6553473b25c59381dc92652ca41d41b7966	specs/001-replicate-mannheim-tree-cover/research.md	F1
P1	e2dbb6553473b25c59381dc92652ca41d41b7966	specs/001-replicate-mannheim-tree-cover/spec.md	F1
P1	e2dbb6553473b25c59381dc92652ca41d41b7966	specs/001-replicate-mannheim-tree-cover/tasks.md	F1
P1	e2dbb6553473b25c59381dc92652ca41d41b7966	specs/002-fix-building-popup/plan.md	F1
P1	e2dbb6553473b25c59381dc92652ca41d41b7966	src/pipeline/workspace.py	F1
P1	e2dbb6553473b25c59381dc92652ca41d41b7966	tests/conftest.py	F1
P1	e6341c95f1b881d43ce5aba6545d55911f1e6737	cited.md	F1
P1	e6341c95f1b881d43ce5aba6545d55911f1e6737	outputs/.plans/neighborhood-tree-canopy-heat-aggregation-cited.md	F1
P1	e6341c95f1b881d43ce5aba6545d55911f1e6737	outputs/.plans/neighborhood-tree-canopy-heat-aggregation-draft.md	F1
P1	e6341c95f1b881d43ce5aba6545d55911f1e6737	outputs/.plans/neighborhood-tree-canopy-heat-aggregation-verification.md	F1
P1	e6341c95f1b881d43ce5aba6545d55911f1e6737	outputs/neighborhood-tree-canopy-heat-aggregation.md	F1
P1	e6341c95f1b881d43ce5aba6545d55911f1e6737	outputs/neighborhood-tree-canopy-heat-aggregation.provenance.md	F1
P1	e775356c02a933afe2995171ca345e07f7e4408e	Makefile	F1
P1	e775356c02a933afe2995171ca345e07f7e4408e	README.md	F1
P1	e775356c02a933afe2995171ca345e07f7e4408e	scripts/check-prereqs.sh	F1
P1	e775356c02a933afe2995171ca345e07f7e4408e	specs/001-replicate-mannheim-tree-cover/plan.md	F1
P1	e775356c02a933afe2995171ca345e07f7e4408e	specs/001-replicate-mannheim-tree-cover/quickstart.md	F1
P1	e775356c02a933afe2995171ca345e07f7e4408e	specs/001-replicate-mannheim-tree-cover/research.md	F1
P1	e775356c02a933afe2995171ca345e07f7e4408e	specs/001-replicate-mannheim-tree-cover/spec.md	F1
P1	e775356c02a933afe2995171ca345e07f7e4408e	specs/001-replicate-mannheim-tree-cover/tasks.md	F1
P1	e775356c02a933afe2995171ca345e07f7e4408e	src/pipeline/workspace.py	F1
P1	e775356c02a933afe2995171ca345e07f7e4408e	tests/conftest.py	F1
P1	e9f4f0843e50c5cb17a295eb419941d009a1f520	Makefile	F1
P1	e9f4f0843e50c5cb17a295eb419941d009a1f520	README.md	F1
P1	e9f4f0843e50c5cb17a295eb419941d009a1f520	scripts/check-prereqs.sh	F1
P1	e9f4f0843e50c5cb17a295eb419941d009a1f520	scripts/runpod-deploy.sh	F1
P1	e9f4f0843e50c5cb17a295eb419941d009a1f520	specs/001-replicate-mannheim-tree-cover/plan.md	F1
P1	e9f4f0843e50c5cb17a295eb419941d009a1f520	specs/001-replicate-mannheim-tree-cover/quickstart.md	F1
P1	e9f4f0843e50c5cb17a295eb419941d009a1f520	specs/001-replicate-mannheim-tree-cover/research.md	F1
P1	e9f4f0843e50c5cb17a295eb419941d009a1f520	specs/001-replicate-mannheim-tree-cover/spec.md	F1
P1	e9f4f0843e50c5cb17a295eb419941d009a1f520	specs/001-replicate-mannheim-tree-cover/tasks.md	F1
P1	e9f4f0843e50c5cb17a295eb419941d009a1f520	specs/002-fix-building-popup/plan.md	F1
P1	e9f4f0843e50c5cb17a295eb419941d009a1f520	src/pipeline/workspace.py	F1
P1	e9f4f0843e50c5cb17a295eb419941d009a1f520	tests/conftest.py	F1
P1	ea91e862b7d1b3f8d7ab63a568e56be86e4c9b8f	Makefile	F1
P1	ea91e862b7d1b3f8d7ab63a568e56be86e4c9b8f	README.md	F1
P1	ea91e862b7d1b3f8d7ab63a568e56be86e4c9b8f	scripts/check-prereqs.sh	F1
P1	ea91e862b7d1b3f8d7ab63a568e56be86e4c9b8f	scripts/runpod-deploy.sh	F1
P1	ea91e862b7d1b3f8d7ab63a568e56be86e4c9b8f	specs/001-replicate-mannheim-tree-cover/plan.md	F1
P1	ea91e862b7d1b3f8d7ab63a568e56be86e4c9b8f	specs/001-replicate-mannheim-tree-cover/quickstart.md	F1
P1	ea91e862b7d1b3f8d7ab63a568e56be86e4c9b8f	specs/001-replicate-mannheim-tree-cover/research.md	F1
P1	ea91e862b7d1b3f8d7ab63a568e56be86e4c9b8f	specs/001-replicate-mannheim-tree-cover/spec.md	F1
P1	ea91e862b7d1b3f8d7ab63a568e56be86e4c9b8f	specs/001-replicate-mannheim-tree-cover/tasks.md	F1
P1	ea91e862b7d1b3f8d7ab63a568e56be86e4c9b8f	src/pipeline/workspace.py	F1
P1	ea91e862b7d1b3f8d7ab63a568e56be86e4c9b8f	tests/conftest.py	F1
P1	eb9391e23bf32a85c3b6a2f2cbdc3c1a280c62f4	Makefile	F1
P1	eb9391e23bf32a85c3b6a2f2cbdc3c1a280c62f4	README.md	F1
P1	eb9391e23bf32a85c3b6a2f2cbdc3c1a280c62f4	scripts/check-prereqs.sh	F1
P1	eb9391e23bf32a85c3b6a2f2cbdc3c1a280c62f4	scripts/runpod-deploy.sh	F1
P1	eb9391e23bf32a85c3b6a2f2cbdc3c1a280c62f4	specs/001-replicate-mannheim-tree-cover/plan.md	F1
P1	eb9391e23bf32a85c3b6a2f2cbdc3c1a280c62f4	specs/001-replicate-mannheim-tree-cover/quickstart.md	F1
P1	eb9391e23bf32a85c3b6a2f2cbdc3c1a280c62f4	specs/001-replicate-mannheim-tree-cover/research.md	F1
P1	eb9391e23bf32a85c3b6a2f2cbdc3c1a280c62f4	specs/001-replicate-mannheim-tree-cover/spec.md	F1
P1	eb9391e23bf32a85c3b6a2f2cbdc3c1a280c62f4	specs/001-replicate-mannheim-tree-cover/tasks.md	F1
P1	eb9391e23bf32a85c3b6a2f2cbdc3c1a280c62f4	specs/002-fix-building-popup/plan.md	F1
P1	eb9391e23bf32a85c3b6a2f2cbdc3c1a280c62f4	src/pipeline/workspace.py	F1
P1	eb9391e23bf32a85c3b6a2f2cbdc3c1a280c62f4	tests/conftest.py	F1
P1	f32dd04d1316db33c6329522fbac929aaeceb9b3	specs/014-performance-fixes/research.md	F1
P32	01250943e893679895f9077b06e56dd18ece81f6	.gitignore	F1
P32	030f3632f869da2776e2c8be515631dc7ee9e81a	.gitignore	F1
P32	030f3632f869da2776e2c8be515631dc7ee9e81a	Makefile	F1
P32	030f3632f869da2776e2c8be515631dc7ee9e81a	README.md	F1
P32	030f3632f869da2776e2c8be515631dc7ee9e81a	scripts/check-prereqs.sh	F1
P32	030f3632f869da2776e2c8be515631dc7ee9e81a	scripts/runpod-deploy.sh	F1
P32	030f3632f869da2776e2c8be515631dc7ee9e81a	specs/001-replicate-mannheim-tree-cover/plan.md	F1
P32	030f3632f869da2776e2c8be515631dc7ee9e81a	specs/001-replicate-mannheim-tree-cover/quickstart.md	F1
P32	030f3632f869da2776e2c8be515631dc7ee9e81a	specs/001-replicate-mannheim-tree-cover/research.md	F1
P32	030f3632f869da2776e2c8be515631dc7ee9e81a	specs/001-replicate-mannheim-tree-cover/spec.md	F1
P32	030f3632f869da2776e2c8be515631dc7ee9e81a	specs/001-replicate-mannheim-tree-cover/tasks.md	F1
P32	030f3632f869da2776e2c8be515631dc7ee9e81a	specs/002-fix-building-popup/plan.md	F1
P32	030f3632f869da2776e2c8be515631dc7ee9e81a	src/pipeline/workspace.py	F1
P32	030f3632f869da2776e2c8be515631dc7ee9e81a	tests/conftest.py	F1
P32	030fa92bac3e38a918b80c9d5eb58b450a5056a9	.gitignore	F1
P32	04cce8d4a7748a839ca4ea3e80d48f5e4624243e	.gitignore	F1
P32	072fdc3810a4951d1b2037f33ef982a41e86fb02	.gitignore	F1
P32	072fdc3810a4951d1b2037f33ef982a41e86fb02	Makefile	F1
P32	072fdc3810a4951d1b2037f33ef982a41e86fb02	README.md	F1
P32	072fdc3810a4951d1b2037f33ef982a41e86fb02	scripts/check-prereqs.sh	F1
P32	072fdc3810a4951d1b2037f33ef982a41e86fb02	scripts/runpod-deploy.sh	F1
P32	072fdc3810a4951d1b2037f33ef982a41e86fb02	specs/001-replicate-mannheim-tree-cover/plan.md	F1
P32	072fdc3810a4951d1b2037f33ef982a41e86fb02	specs/001-replicate-mannheim-tree-cover/quickstart.md	F1
P32	072fdc3810a4951d1b2037f33ef982a41e86fb02	specs/001-replicate-mannheim-tree-cover/research.md	F1
P32	072fdc3810a4951d1b2037f33ef982a41e86fb02	specs/001-replicate-mannheim-tree-cover/spec.md	F1
P32	072fdc3810a4951d1b2037f33ef982a41e86fb02	specs/001-replicate-mannheim-tree-cover/tasks.md	F1
P32	072fdc3810a4951d1b2037f33ef982a41e86fb02	specs/002-fix-building-popup/plan.md	F1
P32	072fdc3810a4951d1b2037f33ef982a41e86fb02	src/pipeline/workspace.py	F1
P32	072fdc3810a4951d1b2037f33ef982a41e86fb02	tests/conftest.py	F1
P32	078263b665d0e1425fa062ffad2c49be2a0865bd	.gitignore	F1
P32	078263b665d0e1425fa062ffad2c49be2a0865bd	Makefile	F1
P32	078263b665d0e1425fa062ffad2c49be2a0865bd	README.md	F1
P32	078263b665d0e1425fa062ffad2c49be2a0865bd	scripts/check-prereqs.sh	F1
P32	078263b665d0e1425fa062ffad2c49be2a0865bd	scripts/runpod-deploy.sh	F1
P32	078263b665d0e1425fa062ffad2c49be2a0865bd	specs/001-replicate-mannheim-tree-cover/plan.md	F1
P32	078263b665d0e1425fa062ffad2c49be2a0865bd	specs/001-replicate-mannheim-tree-cover/quickstart.md	F1
P32	078263b665d0e1425fa062ffad2c49be2a0865bd	specs/001-replicate-mannheim-tree-cover/research.md	F1
P32	078263b665d0e1425fa062ffad2c49be2a0865bd	specs/001-replicate-mannheim-tree-cover/spec.md	F1
P32	078263b665d0e1425fa062ffad2c49be2a0865bd	specs/001-replicate-mannheim-tree-cover/tasks.md	F1
P32	078263b665d0e1425fa062ffad2c49be2a0865bd	specs/002-fix-building-popup/plan.md	F1
P32	078263b665d0e1425fa062ffad2c49be2a0865bd	src/pipeline/workspace.py	F1
P32	078263b665d0e1425fa062ffad2c49be2a0865bd	tests/conftest.py	F1
P32	0a37918ecbc51121a9e07e2b013d5abff5ca0e07	.gitignore	F1
P32	0a37918ecbc51121a9e07e2b013d5abff5ca0e07	Makefile	F1
P32	0a37918ecbc51121a9e07e2b013d5abff5ca0e07	README.md	F1
P32	0a37918ecbc51121a9e07e2b013d5abff5ca0e07	scripts/check-prereqs.sh	F1
P32	0a37918ecbc51121a9e07e2b013d5abff5ca0e07	scripts/runpod-deploy.sh	F1
P32	0a37918ecbc51121a9e07e2b013d5abff5ca0e07	specs/001-replicate-mannheim-tree-cover/plan.md	F1
P32	0a37918ecbc51121a9e07e2b013d5abff5ca0e07	specs/001-replicate-mannheim-tree-cover/quickstart.md	F1
P32	0a37918ecbc51121a9e07e2b013d5abff5ca0e07	specs/001-replicate-mannheim-tree-cover/research.md	F1
P32	0a37918ecbc51121a9e07e2b013d5abff5ca0e07	specs/001-replicate-mannheim-tree-cover/spec.md	F1
P32	0a37918ecbc51121a9e07e2b013d5abff5ca0e07	specs/001-replicate-mannheim-tree-cover/tasks.md	F1
P32	0a37918ecbc51121a9e07e2b013d5abff5ca0e07	specs/002-fix-building-popup/plan.md	F1
P32	0a37918ecbc51121a9e07e2b013d5abff5ca0e07	src/pipeline/workspace.py	F1
P32	0a37918ecbc51121a9e07e2b013d5abff5ca0e07	tests/conftest.py	F1
P32	0c55a5ed12827175dca7d55052523195ad826193	Makefile	F1
P32	0c55a5ed12827175dca7d55052523195ad826193	README.md	F1
P32	0c55a5ed12827175dca7d55052523195ad826193	scripts/check-prereqs.sh	F1
P32	0c55a5ed12827175dca7d55052523195ad826193	scripts/runpod-deploy.sh	F1
P32	0c55a5ed12827175dca7d55052523195ad826193	specs/001-replicate-mannheim-tree-cover/plan.md	F1
P32	0c55a5ed12827175dca7d55052523195ad826193	specs/001-replicate-mannheim-tree-cover/quickstart.md	F1
P32	0c55a5ed12827175dca7d55052523195ad826193	specs/001-replicate-mannheim-tree-cover/research.md	F1
P32	0c55a5ed12827175dca7d55052523195ad826193	specs/001-replicate-mannheim-tree-cover/spec.md	F1
P32	0c55a5ed12827175dca7d55052523195ad826193	specs/001-replicate-mannheim-tree-cover/tasks.md	F1
P32	0c55a5ed12827175dca7d55052523195ad826193	src/pipeline/workspace.py	F1
P32	0c55a5ed12827175dca7d55052523195ad826193	tests/conftest.py	F1
P32	0f0a9fb2dbaf42f5e0edfd9b6c34cf2eb794e2af	.gitignore	F1
P32	0f0a9fb2dbaf42f5e0edfd9b6c34cf2eb794e2af	Makefile	F1
P32	0f0a9fb2dbaf42f5e0edfd9b6c34cf2eb794e2af	README.md	F1
P32	0f0a9fb2dbaf42f5e0edfd9b6c34cf2eb794e2af	scripts/check-prereqs.sh	F1
P32	0f0a9fb2dbaf42f5e0edfd9b6c34cf2eb794e2af	scripts/runpod-deploy.sh	F1
P32	0f0a9fb2dbaf42f5e0edfd9b6c34cf2eb794e2af	specs/001-replicate-mannheim-tree-cover/plan.md	F1
P32	0f0a9fb2dbaf42f5e0edfd9b6c34cf2eb794e2af	specs/001-replicate-mannheim-tree-cover/quickstart.md	F1
P32	0f0a9fb2dbaf42f5e0edfd9b6c34cf2eb794e2af	specs/001-replicate-mannheim-tree-cover/research.md	F1
P32	0f0a9fb2dbaf42f5e0edfd9b6c34cf2eb794e2af	specs/001-replicate-mannheim-tree-cover/spec.md	F1
P32	0f0a9fb2dbaf42f5e0edfd9b6c34cf2eb794e2af	specs/001-replicate-mannheim-tree-cover/tasks.md	F1
P32	0f0a9fb2dbaf42f5e0edfd9b6c34cf2eb794e2af	src/pipeline/workspace.py	F1
P32	0f0a9fb2dbaf42f5e0edfd9b6c34cf2eb794e2af	tests/conftest.py	F1
P32	14b6a6545c3ddae98e97a7851eab009261d725ed	.gitignore	F1
P32	14b6a6545c3ddae98e97a7851eab009261d725ed	Makefile	F1
P32	14b6a6545c3ddae98e97a7851eab009261d725ed	README.md	F1
P32	14b6a6545c3ddae98e97a7851eab009261d725ed	scripts/check-prereqs.sh	F1
P32	14b6a6545c3ddae98e97a7851eab009261d725ed	scripts/runpod-deploy.sh	F1
P32	14b6a6545c3ddae98e97a7851eab009261d725ed	specs/001-replicate-mannheim-tree-cover/plan.md	F1
P32	14b6a6545c3ddae98e97a7851eab009261d725ed	specs/001-replicate-mannheim-tree-cover/quickstart.md	F1
P32	14b6a6545c3ddae98e97a7851eab009261d725ed	specs/001-replicate-mannheim-tree-cover/research.md	F1
P32	14b6a6545c3ddae98e97a7851eab009261d725ed	specs/001-replicate-mannheim-tree-cover/spec.md	F1
P32	14b6a6545c3ddae98e97a7851eab009261d725ed	specs/001-replicate-mannheim-tree-cover/tasks.md	F1
P32	14b6a6545c3ddae98e97a7851eab009261d725ed	specs/002-fix-building-popup/plan.md	F1
P32	14b6a6545c3ddae98e97a7851eab009261d725ed	src/pipeline/workspace.py	F1
P32	14b6a6545c3ddae98e97a7851eab009261d725ed	tests/conftest.py	F1
P32	150453ba11d0bddcaa4bd6ed2386183fa22c0669	.gitignore	F1
P32	150453ba11d0bddcaa4bd6ed2386183fa22c0669	Makefile	F1
P32	150453ba11d0bddcaa4bd6ed2386183fa22c0669	README.md	F1
P32	150453ba11d0bddcaa4bd6ed2386183fa22c0669	scripts/check-prereqs.sh	F1
P32	150453ba11d0bddcaa4bd6ed2386183fa22c0669	scripts/runpod-deploy.sh	F1
P32	150453ba11d0bddcaa4bd6ed2386183fa22c0669	specs/001-replicate-mannheim-tree-cover/plan.md	F1
P32	150453ba11d0bddcaa4bd6ed2386183fa22c0669	specs/001-replicate-mannheim-tree-cover/quickstart.md	F1
P32	150453ba11d0bddcaa4bd6ed2386183fa22c0669	specs/001-replicate-mannheim-tree-cover/research.md	F1
P32	150453ba11d0bddcaa4bd6ed2386183fa22c0669	specs/001-replicate-mannheim-tree-cover/spec.md	F1
P32	150453ba11d0bddcaa4bd6ed2386183fa22c0669	specs/001-replicate-mannheim-tree-cover/tasks.md	F1
P32	150453ba11d0bddcaa4bd6ed2386183fa22c0669	specs/002-fix-building-popup/plan.md	F1
P32	150453ba11d0bddcaa4bd6ed2386183fa22c0669	src/pipeline/workspace.py	F1
P32	150453ba11d0bddcaa4bd6ed2386183fa22c0669	tests/conftest.py	F1
P32	1a1f2a483197d5932c612399fac787e18dfa02c7	.gitignore	F1
P32	1b7ba3c7e04fdeb9e4e8db99a6364f4c9b2f5953	Makefile	F1
P32	1b7ba3c7e04fdeb9e4e8db99a6364f4c9b2f5953	README.md	F1
P32	1b7ba3c7e04fdeb9e4e8db99a6364f4c9b2f5953	scripts/check-prereqs.sh	F1
P32	1b7ba3c7e04fdeb9e4e8db99a6364f4c9b2f5953	scripts/runpod-deploy.sh	F1
P32	1b7ba3c7e04fdeb9e4e8db99a6364f4c9b2f5953	specs/001-replicate-mannheim-tree-cover/plan.md	F1
P32	1b7ba3c7e04fdeb9e4e8db99a6364f4c9b2f5953	specs/001-replicate-mannheim-tree-cover/quickstart.md	F1
P32	1b7ba3c7e04fdeb9e4e8db99a6364f4c9b2f5953	specs/001-replicate-mannheim-tree-cover/research.md	F1
P32	1b7ba3c7e04fdeb9e4e8db99a6364f4c9b2f5953	specs/001-replicate-mannheim-tree-cover/spec.md	F1
P32	1b7ba3c7e04fdeb9e4e8db99a6364f4c9b2f5953	specs/001-replicate-mannheim-tree-cover/tasks.md	F1
P32	1b7ba3c7e04fdeb9e4e8db99a6364f4c9b2f5953	src/pipeline/workspace.py	F1
P32	1b7ba3c7e04fdeb9e4e8db99a6364f4c9b2f5953	tests/conftest.py	F1
P32	2219f425324dab473e895fdb3597083c4821baf8	.gitignore	F1
P32	2219f425324dab473e895fdb3597083c4821baf8	scripts/parity-render.mjs	F1
P32	2df934c1da2c99ac93d84db174ae505af9861e45	.gitignore	F1
P32	2df934c1da2c99ac93d84db174ae505af9861e45	Makefile	F1
P32	2df934c1da2c99ac93d84db174ae505af9861e45	README.md	F1
P32	2df934c1da2c99ac93d84db174ae505af9861e45	scripts/check-prereqs.sh	F1
P32	2df934c1da2c99ac93d84db174ae505af9861e45	scripts/runpod-deploy.sh	F1
P32	2df934c1da2c99ac93d84db174ae505af9861e45	specs/001-replicate-mannheim-tree-cover/plan.md	F1
P32	2df934c1da2c99ac93d84db174ae505af9861e45	specs/001-replicate-mannheim-tree-cover/quickstart.md	F1
P32	2df934c1da2c99ac93d84db174ae505af9861e45	specs/001-replicate-mannheim-tree-cover/research.md	F1
P32	2df934c1da2c99ac93d84db174ae505af9861e45	specs/001-replicate-mannheim-tree-cover/spec.md	F1
P32	2df934c1da2c99ac93d84db174ae505af9861e45	specs/001-replicate-mannheim-tree-cover/tasks.md	F1
P32	2df934c1da2c99ac93d84db174ae505af9861e45	specs/002-fix-building-popup/plan.md	F1
P32	2df934c1da2c99ac93d84db174ae505af9861e45	src/pipeline/workspace.py	F1
P32	2df934c1da2c99ac93d84db174ae505af9861e45	tests/conftest.py	F1
P32	3140f3f79bd6e02feb6a3f090681dbd211936767	.gitignore	F1
P32	318380c133e1e9914352cfeba38797ba706dd60e	.gitignore	F1
P32	318380c133e1e9914352cfeba38797ba706dd60e	outputs/neighborhood-tree-canopy-heat-aggregation.provenance.md	F1
P32	3221dd965741844712e8868187d9104050b98a3a	.gitignore	F1
P32	3221dd965741844712e8868187d9104050b98a3a	outputs/neighborhood-tree-canopy-heat-aggregation.provenance.md	F1
P32	32f3cb53c346aff32bfeea10e5db49026f60abec	.gitignore	F1
P32	4392d13b7560d57a779f436832f96fde53cab6f9	.gitignore	F1
P32	46020a9418833bda35da788ca7a2e50306f1451f	Makefile	F1
P32	46020a9418833bda35da788ca7a2e50306f1451f	README.md	F1
P32	46020a9418833bda35da788ca7a2e50306f1451f	scripts/check-prereqs.sh	F1
P32	46020a9418833bda35da788ca7a2e50306f1451f	specs/001-replicate-mannheim-tree-cover/plan.md	F1
P32	46020a9418833bda35da788ca7a2e50306f1451f	specs/001-replicate-mannheim-tree-cover/quickstart.md	F1
P32	46020a9418833bda35da788ca7a2e50306f1451f	specs/001-replicate-mannheim-tree-cover/research.md	F1
P32	46020a9418833bda35da788ca7a2e50306f1451f	specs/001-replicate-mannheim-tree-cover/spec.md	F1
P32	46020a9418833bda35da788ca7a2e50306f1451f	specs/001-replicate-mannheim-tree-cover/tasks.md	F1
P32	46020a9418833bda35da788ca7a2e50306f1451f	src/pipeline/workspace.py	F1
P32	46020a9418833bda35da788ca7a2e50306f1451f	tests/conftest.py	F1
P32	46495495e4715485f6ff503c29e4eb95b2293ff1	.gitignore	F1
P32	4788271710f3559e017b72568056da4fe1981c7b	.gitignore	F1
P32	4788271710f3559e017b72568056da4fe1981c7b	Makefile	F1
P32	4788271710f3559e017b72568056da4fe1981c7b	README.md	F1
P32	4788271710f3559e017b72568056da4fe1981c7b	scripts/check-prereqs.sh	F1
P32	4788271710f3559e017b72568056da4fe1981c7b	scripts/runpod-deploy.sh	F1
P32	4788271710f3559e017b72568056da4fe1981c7b	specs/001-replicate-mannheim-tree-cover/plan.md	F1
P32	4788271710f3559e017b72568056da4fe1981c7b	specs/001-replicate-mannheim-tree-cover/quickstart.md	F1
P32	4788271710f3559e017b72568056da4fe1981c7b	specs/001-replicate-mannheim-tree-cover/research.md	F1
P32	4788271710f3559e017b72568056da4fe1981c7b	specs/001-replicate-mannheim-tree-cover/spec.md	F1
P32	4788271710f3559e017b72568056da4fe1981c7b	specs/001-replicate-mannheim-tree-cover/tasks.md	F1
P32	4788271710f3559e017b72568056da4fe1981c7b	specs/002-fix-building-popup/plan.md	F1
P32	4788271710f3559e017b72568056da4fe1981c7b	src/pipeline/workspace.py	F1
P32	4788271710f3559e017b72568056da4fe1981c7b	tests/conftest.py	F1
P32	4b4c614de3131ff9256a05d53b349126a1a2af69	specs/001-replicate-mannheim-tree-cover/plan.md	F1
P32	4b4c614de3131ff9256a05d53b349126a1a2af69	specs/001-replicate-mannheim-tree-cover/quickstart.md	F1
P32	4b4c614de3131ff9256a05d53b349126a1a2af69	specs/001-replicate-mannheim-tree-cover/research.md	F1
P32	4b4c614de3131ff9256a05d53b349126a1a2af69	specs/001-replicate-mannheim-tree-cover/spec.md	F1
P32	4e9ae7ce2ec3f45448b0ea4bfb04c03872b2c00f	.gitignore	F1
P32	4e9ae7ce2ec3f45448b0ea4bfb04c03872b2c00f	Makefile	F1
P32	4e9ae7ce2ec3f45448b0ea4bfb04c03872b2c00f	README.md	F1
P32	4e9ae7ce2ec3f45448b0ea4bfb04c03872b2c00f	scripts/check-prereqs.sh	F1
P32	4e9ae7ce2ec3f45448b0ea4bfb04c03872b2c00f	scripts/runpod-deploy.sh	F1
P32	4e9ae7ce2ec3f45448b0ea4bfb04c03872b2c00f	specs/001-replicate-mannheim-tree-cover/plan.md	F1
P32	4e9ae7ce2ec3f45448b0ea4bfb04c03872b2c00f	specs/001-replicate-mannheim-tree-cover/quickstart.md	F1
P32	4e9ae7ce2ec3f45448b0ea4bfb04c03872b2c00f	specs/001-replicate-mannheim-tree-cover/research.md	F1
P32	4e9ae7ce2ec3f45448b0ea4bfb04c03872b2c00f	specs/001-replicate-mannheim-tree-cover/spec.md	F1
P32	4e9ae7ce2ec3f45448b0ea4bfb04c03872b2c00f	specs/001-replicate-mannheim-tree-cover/tasks.md	F1
P32	4e9ae7ce2ec3f45448b0ea4bfb04c03872b2c00f	specs/002-fix-building-popup/plan.md	F1
P32	4e9ae7ce2ec3f45448b0ea4bfb04c03872b2c00f	src/pipeline/workspace.py	F1
P32	4e9ae7ce2ec3f45448b0ea4bfb04c03872b2c00f	tests/conftest.py	F1
P32	53a61352f9726f04fc95bafe4d0c8bff0dd21f20	.gitignore	F1
P32	53a61352f9726f04fc95bafe4d0c8bff0dd21f20	Makefile	F1
P32	53a61352f9726f04fc95bafe4d0c8bff0dd21f20	README.md	F1
P32	53a61352f9726f04fc95bafe4d0c8bff0dd21f20	scripts/check-prereqs.sh	F1
P32	53a61352f9726f04fc95bafe4d0c8bff0dd21f20	scripts/runpod-deploy.sh	F1
P32	53a61352f9726f04fc95bafe4d0c8bff0dd21f20	specs/001-replicate-mannheim-tree-cover/plan.md	F1
P32	53a61352f9726f04fc95bafe4d0c8bff0dd21f20	specs/001-replicate-mannheim-tree-cover/quickstart.md	F1
P32	53a61352f9726f04fc95bafe4d0c8bff0dd21f20	specs/001-replicate-mannheim-tree-cover/research.md	F1
P32	53a61352f9726f04fc95bafe4d0c8bff0dd21f20	specs/001-replicate-mannheim-tree-cover/spec.md	F1
P32	53a61352f9726f04fc95bafe4d0c8bff0dd21f20	specs/001-replicate-mannheim-tree-cover/tasks.md	F1
P32	53a61352f9726f04fc95bafe4d0c8bff0dd21f20	specs/002-fix-building-popup/plan.md	F1
P32	53a61352f9726f04fc95bafe4d0c8bff0dd21f20	src/pipeline/workspace.py	F1
P32	53a61352f9726f04fc95bafe4d0c8bff0dd21f20	tests/conftest.py	F1
P32	55d25670a4eb091606982f6c10402cfef1ff4d31	.gitignore	F1
P32	55d25670a4eb091606982f6c10402cfef1ff4d31	Makefile	F1
P32	55d25670a4eb091606982f6c10402cfef1ff4d31	README.md	F1
P32	55d25670a4eb091606982f6c10402cfef1ff4d31	scripts/check-prereqs.sh	F1
P32	55d25670a4eb091606982f6c10402cfef1ff4d31	scripts/runpod-deploy.sh	F1
P32	55d25670a4eb091606982f6c10402cfef1ff4d31	specs/001-replicate-mannheim-tree-cover/plan.md	F1
P32	55d25670a4eb091606982f6c10402cfef1ff4d31	specs/001-replicate-mannheim-tree-cover/quickstart.md	F1
P32	55d25670a4eb091606982f6c10402cfef1ff4d31	specs/001-replicate-mannheim-tree-cover/research.md	F1
P32	55d25670a4eb091606982f6c10402cfef1ff4d31	specs/001-replicate-mannheim-tree-cover/spec.md	F1
P32	55d25670a4eb091606982f6c10402cfef1ff4d31	specs/001-replicate-mannheim-tree-cover/tasks.md	F1
P32	55d25670a4eb091606982f6c10402cfef1ff4d31	specs/002-fix-building-popup/plan.md	F1
P32	55d25670a4eb091606982f6c10402cfef1ff4d31	src/pipeline/workspace.py	F1
P32	55d25670a4eb091606982f6c10402cfef1ff4d31	tests/conftest.py	F1
P32	586e9270671a2a026edfd110fde761d9a27c3717	.gitignore	F1
P32	586e9270671a2a026edfd110fde761d9a27c3717	scripts/parity-render.mjs	F1
P32	5c4885b12e2e4ee1dd53c1202ae0ce29fde2dfc0	.gitignore	F1
P32	5dd00ab56c32dde7e95d9d9163573893ab9ba962	Makefile	F1
P32	5dd00ab56c32dde7e95d9d9163573893ab9ba962	README.md	F1
P32	5dd00ab56c32dde7e95d9d9163573893ab9ba962	scripts/check-prereqs.sh	F1
P32	5dd00ab56c32dde7e95d9d9163573893ab9ba962	specs/001-replicate-mannheim-tree-cover/plan.md	F1
P32	5dd00ab56c32dde7e95d9d9163573893ab9ba962	specs/001-replicate-mannheim-tree-cover/quickstart.md	F1
P32	5dd00ab56c32dde7e95d9d9163573893ab9ba962	specs/001-replicate-mannheim-tree-cover/research.md	F1
P32	5dd00ab56c32dde7e95d9d9163573893ab9ba962	specs/001-replicate-mannheim-tree-cover/spec.md	F1
P32	5dd00ab56c32dde7e95d9d9163573893ab9ba962	specs/001-replicate-mannheim-tree-cover/tasks.md	F1
P32	5dd00ab56c32dde7e95d9d9163573893ab9ba962	src/pipeline/workspace.py	F1
P32	5dd00ab56c32dde7e95d9d9163573893ab9ba962	tests/conftest.py	F1
P32	5f1c73637bb8caab8dfeb74f98adecf486ecfffc	.gitignore	F1
P32	5fea58cecfd2ce998006fa62bbcc7817fc4ed9f9	.gitignore	F1
P32	6c356a2fb82d5aca5cbaba03607e5e92564dbe24	.gitignore	F1
P32	6cd4c28c5e338175733fc731c0041a2bf5b9d2b0	Makefile	F1
P32	6cd4c28c5e338175733fc731c0041a2bf5b9d2b0	README.md	F1
P32	6cd4c28c5e338175733fc731c0041a2bf5b9d2b0	scripts/check-prereqs.sh	F1
P32	6cd4c28c5e338175733fc731c0041a2bf5b9d2b0	scripts/runpod-deploy.sh	F1
P32	6cd4c28c5e338175733fc731c0041a2bf5b9d2b0	specs/001-replicate-mannheim-tree-cover/plan.md	F1
P32	6cd4c28c5e338175733fc731c0041a2bf5b9d2b0	specs/001-replicate-mannheim-tree-cover/quickstart.md	F1
P32	6cd4c28c5e338175733fc731c0041a2bf5b9d2b0	specs/001-replicate-mannheim-tree-cover/research.md	F1
P32	6cd4c28c5e338175733fc731c0041a2bf5b9d2b0	specs/001-replicate-mannheim-tree-cover/spec.md	F1
P32	6cd4c28c5e338175733fc731c0041a2bf5b9d2b0	specs/001-replicate-mannheim-tree-cover/tasks.md	F1
P32	6cd4c28c5e338175733fc731c0041a2bf5b9d2b0	src/pipeline/workspace.py	F1
P32	6cd4c28c5e338175733fc731c0041a2bf5b9d2b0	tests/conftest.py	F1
P32	6de34dda83483e93288385a6d2acbc05aa5b860b	.gitignore	F1
P32	73d6c5d6a793e4241938c9964b2d75b67ec67a72	.gitignore	F1
P32	73d6c5d6a793e4241938c9964b2d75b67ec67a72	outputs/neighborhood-tree-canopy-heat-aggregation.provenance.md	F1
P32	77c9a97176eb534cf2c6d77adde23b87c63f3252	.gitignore	F1
P32	77c9a97176eb534cf2c6d77adde23b87c63f3252	Makefile	F1
P32	77c9a97176eb534cf2c6d77adde23b87c63f3252	README.md	F1
P32	77c9a97176eb534cf2c6d77adde23b87c63f3252	scripts/check-prereqs.sh	F1
P32	77c9a97176eb534cf2c6d77adde23b87c63f3252	scripts/runpod-deploy.sh	F1
P32	77c9a97176eb534cf2c6d77adde23b87c63f3252	specs/001-replicate-mannheim-tree-cover/plan.md	F1
P32	77c9a97176eb534cf2c6d77adde23b87c63f3252	specs/001-replicate-mannheim-tree-cover/quickstart.md	F1
P32	77c9a97176eb534cf2c6d77adde23b87c63f3252	specs/001-replicate-mannheim-tree-cover/research.md	F1
P32	77c9a97176eb534cf2c6d77adde23b87c63f3252	specs/001-replicate-mannheim-tree-cover/spec.md	F1
P32	77c9a97176eb534cf2c6d77adde23b87c63f3252	specs/001-replicate-mannheim-tree-cover/tasks.md	F1
P32	77c9a97176eb534cf2c6d77adde23b87c63f3252	src/pipeline/workspace.py	F1
P32	77c9a97176eb534cf2c6d77adde23b87c63f3252	tests/conftest.py	F1
P32	7b6f77bd257fc87429da3976e427731bcc604b60	.gitignore	F1
P32	806327a60f8e89c5bd7d9aaa3fcf246a2137e4d9	.gitignore	F1
P32	806327a60f8e89c5bd7d9aaa3fcf246a2137e4d9	outputs/neighborhood-tree-canopy-heat-aggregation.provenance.md	F1
P32	810bd6fb2cbf702b300f549d449ad19555e24ca9	.gitignore	F1
P32	810bd6fb2cbf702b300f549d449ad19555e24ca9	Makefile	F1
P32	810bd6fb2cbf702b300f549d449ad19555e24ca9	README.md	F1
P32	810bd6fb2cbf702b300f549d449ad19555e24ca9	scripts/check-prereqs.sh	F1
P32	810bd6fb2cbf702b300f549d449ad19555e24ca9	scripts/runpod-deploy.sh	F1
P32	810bd6fb2cbf702b300f549d449ad19555e24ca9	specs/001-replicate-mannheim-tree-cover/plan.md	F1
P32	810bd6fb2cbf702b300f549d449ad19555e24ca9	specs/001-replicate-mannheim-tree-cover/quickstart.md	F1
P32	810bd6fb2cbf702b300f549d449ad19555e24ca9	specs/001-replicate-mannheim-tree-cover/research.md	F1
P32	810bd6fb2cbf702b300f549d449ad19555e24ca9	specs/001-replicate-mannheim-tree-cover/spec.md	F1
P32	810bd6fb2cbf702b300f549d449ad19555e24ca9	specs/001-replicate-mannheim-tree-cover/tasks.md	F1
P32	810bd6fb2cbf702b300f549d449ad19555e24ca9	specs/002-fix-building-popup/plan.md	F1
P32	810bd6fb2cbf702b300f549d449ad19555e24ca9	src/pipeline/workspace.py	F1
P32	810bd6fb2cbf702b300f549d449ad19555e24ca9	tests/conftest.py	F1
P32	830ed65d8b4a7cd23846f5c5c261da2065b6a3a4	.gitignore	F1
P32	830ed65d8b4a7cd23846f5c5c261da2065b6a3a4	Makefile	F1
P32	830ed65d8b4a7cd23846f5c5c261da2065b6a3a4	README.md	F1
P32	830ed65d8b4a7cd23846f5c5c261da2065b6a3a4	scripts/check-prereqs.sh	F1
P32	830ed65d8b4a7cd23846f5c5c261da2065b6a3a4	scripts/runpod-deploy.sh	F1
P32	830ed65d8b4a7cd23846f5c5c261da2065b6a3a4	specs/001-replicate-mannheim-tree-cover/plan.md	F1
P32	830ed65d8b4a7cd23846f5c5c261da2065b6a3a4	specs/001-replicate-mannheim-tree-cover/quickstart.md	F1
P32	830ed65d8b4a7cd23846f5c5c261da2065b6a3a4	specs/001-replicate-mannheim-tree-cover/research.md	F1
P32	830ed65d8b4a7cd23846f5c5c261da2065b6a3a4	specs/001-replicate-mannheim-tree-cover/spec.md	F1
P32	830ed65d8b4a7cd23846f5c5c261da2065b6a3a4	specs/001-replicate-mannheim-tree-cover/tasks.md	F1
P32	830ed65d8b4a7cd23846f5c5c261da2065b6a3a4	specs/002-fix-building-popup/plan.md	F1
P32	830ed65d8b4a7cd23846f5c5c261da2065b6a3a4	src/pipeline/workspace.py	F1
P32	830ed65d8b4a7cd23846f5c5c261da2065b6a3a4	tests/conftest.py	F1
P32	84f8223113d6ca8d678c57f27619be241a703959	.gitignore	F1
P32	84f8223113d6ca8d678c57f27619be241a703959	Makefile	F1
P32	84f8223113d6ca8d678c57f27619be241a703959	README.md	F1
P32	84f8223113d6ca8d678c57f27619be241a703959	scripts/check-prereqs.sh	F1
P32	84f8223113d6ca8d678c57f27619be241a703959	scripts/runpod-deploy.sh	F1
P32	84f8223113d6ca8d678c57f27619be241a703959	specs/001-replicate-mannheim-tree-cover/plan.md	F1
P32	84f8223113d6ca8d678c57f27619be241a703959	specs/001-replicate-mannheim-tree-cover/quickstart.md	F1
P32	84f8223113d6ca8d678c57f27619be241a703959	specs/001-replicate-mannheim-tree-cover/research.md	F1
P32	84f8223113d6ca8d678c57f27619be241a703959	specs/001-replicate-mannheim-tree-cover/spec.md	F1
P32	84f8223113d6ca8d678c57f27619be241a703959	specs/001-replicate-mannheim-tree-cover/tasks.md	F1
P32	84f8223113d6ca8d678c57f27619be241a703959	src/pipeline/workspace.py	F1
P32	84f8223113d6ca8d678c57f27619be241a703959	tests/conftest.py	F1
P32	8508bacd184acdd3342e5d82114c294a22eb6336	.gitignore	F1
P32	89e2c1520ad0927fd99bf73ef5d71683b3abd2f3	.gitignore	F1
P32	8d7deecf5759e64fb54b4695c2ceeeaf3c174591	.gitignore	F1
P32	90257c2e6a5ebf284a0fc4b347acd36d6e09fe7a	.gitignore	F1
P32	90257c2e6a5ebf284a0fc4b347acd36d6e09fe7a	specs/015-security-audit-housekeeping/contracts/secrets-scan.md	F1
P32	90257c2e6a5ebf284a0fc4b347acd36d6e09fe7a	specs/015-security-audit-housekeeping/plan.md	F1
P32	90257c2e6a5ebf284a0fc4b347acd36d6e09fe7a	specs/015-security-audit-housekeeping/research.md	F1
P32	90257c2e6a5ebf284a0fc4b347acd36d6e09fe7a	specs/015-security-audit-housekeeping/tasks.md	F1
P32	90ae6167b51c79122075729c8cae2e42ac2dd199	specs/001-replicate-mannheim-tree-cover/plan.md	F1
P32	90ae6167b51c79122075729c8cae2e42ac2dd199	specs/001-replicate-mannheim-tree-cover/quickstart.md	F1
P32	90ae6167b51c79122075729c8cae2e42ac2dd199	specs/001-replicate-mannheim-tree-cover/research.md	F1
P32	90ae6167b51c79122075729c8cae2e42ac2dd199	specs/001-replicate-mannheim-tree-cover/spec.md	F1
P32	90ae6167b51c79122075729c8cae2e42ac2dd199	specs/001-replicate-mannheim-tree-cover/tasks.md	F1
P32	9401e0255f321d84189a8394d197df1d585b4b37	specs/001-replicate-mannheim-tree-cover/spec.md	F1
P32	994cbdffd5e3551a5fe2b957674243dfc3093a98	.gitignore	F1
P32	994cbdffd5e3551a5fe2b957674243dfc3093a98	outputs/neighborhood-tree-canopy-heat-aggregation.provenance.md	F1
P32	9a00fcdf93997f8f27470263ad01f4772e8900ec	.gitignore	F1
P32	9a00fcdf93997f8f27470263ad01f4772e8900ec	Makefile	F1
P32	9a00fcdf93997f8f27470263ad01f4772e8900ec	README.md	F1
P32	9a00fcdf93997f8f27470263ad01f4772e8900ec	scripts/check-prereqs.sh	F1
P32	9a00fcdf93997f8f27470263ad01f4772e8900ec	scripts/runpod-deploy.sh	F1
P32	9a00fcdf93997f8f27470263ad01f4772e8900ec	specs/001-replicate-mannheim-tree-cover/plan.md	F1
P32	9a00fcdf93997f8f27470263ad01f4772e8900ec	specs/001-replicate-mannheim-tree-cover/quickstart.md	F1
P32	9a00fcdf93997f8f27470263ad01f4772e8900ec	specs/001-replicate-mannheim-tree-cover/research.md	F1
P32	9a00fcdf93997f8f27470263ad01f4772e8900ec	specs/001-replicate-mannheim-tree-cover/spec.md	F1
P32	9a00fcdf93997f8f27470263ad01f4772e8900ec	specs/001-replicate-mannheim-tree-cover/tasks.md	F1
P32	9a00fcdf93997f8f27470263ad01f4772e8900ec	specs/002-fix-building-popup/plan.md	F1
P32	9a00fcdf93997f8f27470263ad01f4772e8900ec	src/pipeline/workspace.py	F1
P32	9a00fcdf93997f8f27470263ad01f4772e8900ec	tests/conftest.py	F1
P32	9a024981fba421797670d74cfe9d6a90a3d09623	.gitignore	F1
P32	9a024981fba421797670d74cfe9d6a90a3d09623	Makefile	F1
P32	9a024981fba421797670d74cfe9d6a90a3d09623	README.md	F1
P32	9a024981fba421797670d74cfe9d6a90a3d09623	scripts/check-prereqs.sh	F1
P32	9a024981fba421797670d74cfe9d6a90a3d09623	scripts/runpod-deploy.sh	F1
P32	9a024981fba421797670d74cfe9d6a90a3d09623	specs/001-replicate-mannheim-tree-cover/plan.md	F1
P32	9a024981fba421797670d74cfe9d6a90a3d09623	specs/001-replicate-mannheim-tree-cover/quickstart.md	F1
P32	9a024981fba421797670d74cfe9d6a90a3d09623	specs/001-replicate-mannheim-tree-cover/research.md	F1
P32	9a024981fba421797670d74cfe9d6a90a3d09623	specs/001-replicate-mannheim-tree-cover/spec.md	F1
P32	9a024981fba421797670d74cfe9d6a90a3d09623	specs/001-replicate-mannheim-tree-cover/tasks.md	F1
P32	9a024981fba421797670d74cfe9d6a90a3d09623	src/pipeline/workspace.py	F1
P32	9a024981fba421797670d74cfe9d6a90a3d09623	tests/conftest.py	F1
P32	9ba0496c8f22d3228edac1e43e42844c91bf564b	.gitignore	F1
P32	9ce873273538517c9d136cd532ae2b1687152828	.gitignore	F1
P32	9f5b696911d18da4e11ccdbdd2699c8895891eea	Makefile	F1
P32	9f5b696911d18da4e11ccdbdd2699c8895891eea	README.md	F1
P32	9f5b696911d18da4e11ccdbdd2699c8895891eea	scripts/check-prereqs.sh	F1
P32	9f5b696911d18da4e11ccdbdd2699c8895891eea	scripts/runpod-deploy.sh	F1
P32	9f5b696911d18da4e11ccdbdd2699c8895891eea	specs/001-replicate-mannheim-tree-cover/plan.md	F1
P32	9f5b696911d18da4e11ccdbdd2699c8895891eea	specs/001-replicate-mannheim-tree-cover/quickstart.md	F1
P32	9f5b696911d18da4e11ccdbdd2699c8895891eea	specs/001-replicate-mannheim-tree-cover/research.md	F1
P32	9f5b696911d18da4e11ccdbdd2699c8895891eea	specs/001-replicate-mannheim-tree-cover/spec.md	F1
P32	9f5b696911d18da4e11ccdbdd2699c8895891eea	specs/001-replicate-mannheim-tree-cover/tasks.md	F1
P32	9f5b696911d18da4e11ccdbdd2699c8895891eea	src/pipeline/workspace.py	F1
P32	9f5b696911d18da4e11ccdbdd2699c8895891eea	tests/conftest.py	F1
P32	a0900f103a2ab171e7294265b1242f3c69890f06	.gitignore	F1
P32	a4f2c39ecfdf95c2650cbd84aa9ac5ca5a4981eb	Makefile	F1
P32	a4f2c39ecfdf95c2650cbd84aa9ac5ca5a4981eb	README.md	F1
P32	a4f2c39ecfdf95c2650cbd84aa9ac5ca5a4981eb	scripts/check-prereqs.sh	F1
P32	a4f2c39ecfdf95c2650cbd84aa9ac5ca5a4981eb	specs/001-replicate-mannheim-tree-cover/plan.md	F1
P32	a4f2c39ecfdf95c2650cbd84aa9ac5ca5a4981eb	specs/001-replicate-mannheim-tree-cover/quickstart.md	F1
P32	a4f2c39ecfdf95c2650cbd84aa9ac5ca5a4981eb	specs/001-replicate-mannheim-tree-cover/research.md	F1
P32	a4f2c39ecfdf95c2650cbd84aa9ac5ca5a4981eb	specs/001-replicate-mannheim-tree-cover/spec.md	F1
P32	a4f2c39ecfdf95c2650cbd84aa9ac5ca5a4981eb	specs/001-replicate-mannheim-tree-cover/tasks.md	F1
P32	a4f2c39ecfdf95c2650cbd84aa9ac5ca5a4981eb	src/pipeline/workspace.py	F1
P32	a4f2c39ecfdf95c2650cbd84aa9ac5ca5a4981eb	tests/conftest.py	F1
P32	a7bf3b91ec8ef6d213f92a43cfcf8f0aedef018a	.gitignore	F1
P32	b03deba37eb75edb12188052429c8ccaad6e7354	.gitignore	F1
P32	b1d9fbb412126e12057ef5d0a596c35da67ae427	.gitignore	F1
P32	b69b377a196d691a9f617f08631ec49c4cc867d5	.gitignore	F1
P32	b966bf9b392b715d3dd213742bfadaa5694b16d8	.gitignore	F1
P32	b966bf9b392b715d3dd213742bfadaa5694b16d8	Makefile	F1
P32	b966bf9b392b715d3dd213742bfadaa5694b16d8	README.md	F1
P32	b966bf9b392b715d3dd213742bfadaa5694b16d8	scripts/check-prereqs.sh	F1
P32	b966bf9b392b715d3dd213742bfadaa5694b16d8	scripts/runpod-deploy.sh	F1
P32	b966bf9b392b715d3dd213742bfadaa5694b16d8	specs/001-replicate-mannheim-tree-cover/plan.md	F1
P32	b966bf9b392b715d3dd213742bfadaa5694b16d8	specs/001-replicate-mannheim-tree-cover/quickstart.md	F1
P32	b966bf9b392b715d3dd213742bfadaa5694b16d8	specs/001-replicate-mannheim-tree-cover/research.md	F1
P32	b966bf9b392b715d3dd213742bfadaa5694b16d8	specs/001-replicate-mannheim-tree-cover/spec.md	F1
P32	b966bf9b392b715d3dd213742bfadaa5694b16d8	specs/001-replicate-mannheim-tree-cover/tasks.md	F1
P32	b966bf9b392b715d3dd213742bfadaa5694b16d8	src/pipeline/workspace.py	F1
P32	b966bf9b392b715d3dd213742bfadaa5694b16d8	tests/conftest.py	F1
P32	bc6212ec3203a47cdfe91c4517caa850adbb9a61	.gitignore	F1
P32	bd77ff250fb75f5916cf894f9dc1192e7e2aa153	.gitignore	F1
P32	bd77ff250fb75f5916cf894f9dc1192e7e2aa153	scripts/parity-render.mjs	F1
P32	bf67b989e3846ebb511d1aca36c855df7574fdb6	.gitignore	F1
P32	bf67b989e3846ebb511d1aca36c855df7574fdb6	Makefile	F1
P32	bf67b989e3846ebb511d1aca36c855df7574fdb6	README.md	F1
P32	bf67b989e3846ebb511d1aca36c855df7574fdb6	scripts/check-prereqs.sh	F1
P32	bf67b989e3846ebb511d1aca36c855df7574fdb6	scripts/runpod-deploy.sh	F1
P32	bf67b989e3846ebb511d1aca36c855df7574fdb6	specs/001-replicate-mannheim-tree-cover/plan.md	F1
P32	bf67b989e3846ebb511d1aca36c855df7574fdb6	specs/001-replicate-mannheim-tree-cover/quickstart.md	F1
P32	bf67b989e3846ebb511d1aca36c855df7574fdb6	specs/001-replicate-mannheim-tree-cover/research.md	F1
P32	bf67b989e3846ebb511d1aca36c855df7574fdb6	specs/001-replicate-mannheim-tree-cover/spec.md	F1
P32	bf67b989e3846ebb511d1aca36c855df7574fdb6	specs/001-replicate-mannheim-tree-cover/tasks.md	F1
P32	bf67b989e3846ebb511d1aca36c855df7574fdb6	src/pipeline/workspace.py	F1
P32	bf67b989e3846ebb511d1aca36c855df7574fdb6	tests/conftest.py	F1
P32	c00eeda740b58a93654acb2ea6bb997adcf37748	.gitignore	F1
P32	c40f61b57b0f3643970d904664fb51e3393e2463	.gitignore	F1
P32	c40f61b57b0f3643970d904664fb51e3393e2463	outputs/neighborhood-tree-canopy-heat-aggregation.provenance.md	F1
P32	c9b9065dbec945a65fdbe66d84264e348cf7ca34	.gitignore	F1
P32	c9b9065dbec945a65fdbe66d84264e348cf7ca34	Makefile	F1
P32	c9b9065dbec945a65fdbe66d84264e348cf7ca34	README.md	F1
P32	c9b9065dbec945a65fdbe66d84264e348cf7ca34	scripts/check-prereqs.sh	F1
P32	c9b9065dbec945a65fdbe66d84264e348cf7ca34	scripts/runpod-deploy.sh	F1
P32	c9b9065dbec945a65fdbe66d84264e348cf7ca34	specs/001-replicate-mannheim-tree-cover/plan.md	F1
P32	c9b9065dbec945a65fdbe66d84264e348cf7ca34	specs/001-replicate-mannheim-tree-cover/quickstart.md	F1
P32	c9b9065dbec945a65fdbe66d84264e348cf7ca34	specs/001-replicate-mannheim-tree-cover/research.md	F1
P32	c9b9065dbec945a65fdbe66d84264e348cf7ca34	specs/001-replicate-mannheim-tree-cover/spec.md	F1
P32	c9b9065dbec945a65fdbe66d84264e348cf7ca34	specs/001-replicate-mannheim-tree-cover/tasks.md	F1
P32	c9b9065dbec945a65fdbe66d84264e348cf7ca34	specs/002-fix-building-popup/plan.md	F1
P32	c9b9065dbec945a65fdbe66d84264e348cf7ca34	src/pipeline/workspace.py	F1
P32	c9b9065dbec945a65fdbe66d84264e348cf7ca34	tests/conftest.py	F1
P32	ca13a454aaec9ba685c4cecda535b1c26446bcc1	.gitignore	F1
P32	ca13a454aaec9ba685c4cecda535b1c26446bcc1	Makefile	F1
P32	ca13a454aaec9ba685c4cecda535b1c26446bcc1	README.md	F1
P32	ca13a454aaec9ba685c4cecda535b1c26446bcc1	scripts/check-prereqs.sh	F1
P32	ca13a454aaec9ba685c4cecda535b1c26446bcc1	scripts/runpod-deploy.sh	F1
P32	ca13a454aaec9ba685c4cecda535b1c26446bcc1	specs/001-replicate-mannheim-tree-cover/plan.md	F1
P32	ca13a454aaec9ba685c4cecda535b1c26446bcc1	specs/001-replicate-mannheim-tree-cover/quickstart.md	F1
P32	ca13a454aaec9ba685c4cecda535b1c26446bcc1	specs/001-replicate-mannheim-tree-cover/research.md	F1
P32	ca13a454aaec9ba685c4cecda535b1c26446bcc1	specs/001-replicate-mannheim-tree-cover/spec.md	F1
P32	ca13a454aaec9ba685c4cecda535b1c26446bcc1	specs/001-replicate-mannheim-tree-cover/tasks.md	F1
P32	ca13a454aaec9ba685c4cecda535b1c26446bcc1	specs/002-fix-building-popup/plan.md	F1
P32	ca13a454aaec9ba685c4cecda535b1c26446bcc1	specs/006-public-release-prep/research.md	F1
P32	ca13a454aaec9ba685c4cecda535b1c26446bcc1	specs/006-public-release-prep/tasks.md	F1
P32	ca13a454aaec9ba685c4cecda535b1c26446bcc1	src/pipeline/workspace.py	F1
P32	ca13a454aaec9ba685c4cecda535b1c26446bcc1	tests/conftest.py	F1
P32	cc94165a3528dcb6ef1eaebb4f242e3d814c79b5	.gitignore	F1
P32	d1311d6888bafab6deed9658a6cb395d5d771e0d	.gitignore	F1
P32	d212dcb1f10a953a5032e3e922e65612b92ce437	.gitignore	F1
P32	d212dcb1f10a953a5032e3e922e65612b92ce437	Makefile	F1
P32	d212dcb1f10a953a5032e3e922e65612b92ce437	README.md	F1
P32	d212dcb1f10a953a5032e3e922e65612b92ce437	scripts/check-prereqs.sh	F1
P32	d212dcb1f10a953a5032e3e922e65612b92ce437	scripts/runpod-deploy.sh	F1
P32	d212dcb1f10a953a5032e3e922e65612b92ce437	specs/001-replicate-mannheim-tree-cover/plan.md	F1
P32	d212dcb1f10a953a5032e3e922e65612b92ce437	specs/001-replicate-mannheim-tree-cover/quickstart.md	F1
P32	d212dcb1f10a953a5032e3e922e65612b92ce437	specs/001-replicate-mannheim-tree-cover/research.md	F1
P32	d212dcb1f10a953a5032e3e922e65612b92ce437	specs/001-replicate-mannheim-tree-cover/spec.md	F1
P32	d212dcb1f10a953a5032e3e922e65612b92ce437	specs/001-replicate-mannheim-tree-cover/tasks.md	F1
P32	d212dcb1f10a953a5032e3e922e65612b92ce437	specs/002-fix-building-popup/plan.md	F1
P32	d212dcb1f10a953a5032e3e922e65612b92ce437	src/pipeline/workspace.py	F1
P32	d212dcb1f10a953a5032e3e922e65612b92ce437	tests/conftest.py	F1
P32	d3961b558b5504bbce60558c67a210656ba702e5	.gitignore	F1
P32	d57a414d6fb8f3a021aab7015d896c8806a14c40	.gitignore	F1
P32	d694dc9b54513b598fe5204a3dae9d045ab8a810	.gitignore	F1
P32	da42f0dd248360cef20d0f96b29cb4c391129c89	.gitignore	F1
P32	dbadbf70eeeae0962d2128c97470f023f307acd3	.gitignore	F1
P32	ddc76ce06941cff6b08cbfdae600810c29400824	.gitignore	F1
P32	de59d3f0b89db21b1d4cc5612a83a5ca0599c03f	.gitignore	F1
P32	defe8270e3e3c61bf59337954c0aa3d596d2c57d	.gitignore	F1
P32	defe8270e3e3c61bf59337954c0aa3d596d2c57d	Makefile	F1
P32	defe8270e3e3c61bf59337954c0aa3d596d2c57d	README.md	F1
P32	defe8270e3e3c61bf59337954c0aa3d596d2c57d	scripts/check-prereqs.sh	F1
P32	defe8270e3e3c61bf59337954c0aa3d596d2c57d	scripts/runpod-deploy.sh	F1
P32	defe8270e3e3c61bf59337954c0aa3d596d2c57d	specs/001-replicate-mannheim-tree-cover/plan.md	F1
P32	defe8270e3e3c61bf59337954c0aa3d596d2c57d	specs/001-replicate-mannheim-tree-cover/quickstart.md	F1
P32	defe8270e3e3c61bf59337954c0aa3d596d2c57d	specs/001-replicate-mannheim-tree-cover/research.md	F1
P32	defe8270e3e3c61bf59337954c0aa3d596d2c57d	specs/001-replicate-mannheim-tree-cover/spec.md	F1
P32	defe8270e3e3c61bf59337954c0aa3d596d2c57d	specs/001-replicate-mannheim-tree-cover/tasks.md	F1
P32	defe8270e3e3c61bf59337954c0aa3d596d2c57d	src/pipeline/workspace.py	F1
P32	defe8270e3e3c61bf59337954c0aa3d596d2c57d	tests/conftest.py	F1
P32	dfa3c59167a48ca53461dcbea4e2ca5dead3f8e1	.gitignore	F1
P32	e2dbb6553473b25c59381dc92652ca41d41b7966	.gitignore	F1
P32	e2dbb6553473b25c59381dc92652ca41d41b7966	Makefile	F1
P32	e2dbb6553473b25c59381dc92652ca41d41b7966	README.md	F1
P32	e2dbb6553473b25c59381dc92652ca41d41b7966	scripts/check-prereqs.sh	F1
P32	e2dbb6553473b25c59381dc92652ca41d41b7966	scripts/runpod-deploy.sh	F1
P32	e2dbb6553473b25c59381dc92652ca41d41b7966	specs/001-replicate-mannheim-tree-cover/plan.md	F1
P32	e2dbb6553473b25c59381dc92652ca41d41b7966	specs/001-replicate-mannheim-tree-cover/quickstart.md	F1
P32	e2dbb6553473b25c59381dc92652ca41d41b7966	specs/001-replicate-mannheim-tree-cover/research.md	F1
P32	e2dbb6553473b25c59381dc92652ca41d41b7966	specs/001-replicate-mannheim-tree-cover/spec.md	F1
P32	e2dbb6553473b25c59381dc92652ca41d41b7966	specs/001-replicate-mannheim-tree-cover/tasks.md	F1
P32	e2dbb6553473b25c59381dc92652ca41d41b7966	specs/002-fix-building-popup/plan.md	F1
P32	e2dbb6553473b25c59381dc92652ca41d41b7966	src/pipeline/workspace.py	F1
P32	e2dbb6553473b25c59381dc92652ca41d41b7966	tests/conftest.py	F1
P32	e6341c95f1b881d43ce5aba6545d55911f1e6737	.gitignore	F1
P32	e6341c95f1b881d43ce5aba6545d55911f1e6737	outputs/neighborhood-tree-canopy-heat-aggregation.provenance.md	F1
P32	e775356c02a933afe2995171ca345e07f7e4408e	Makefile	F1
P32	e775356c02a933afe2995171ca345e07f7e4408e	README.md	F1
P32	e775356c02a933afe2995171ca345e07f7e4408e	scripts/check-prereqs.sh	F1
P32	e775356c02a933afe2995171ca345e07f7e4408e	specs/001-replicate-mannheim-tree-cover/plan.md	F1
P32	e775356c02a933afe2995171ca345e07f7e4408e	specs/001-replicate-mannheim-tree-cover/quickstart.md	F1
P32	e775356c02a933afe2995171ca345e07f7e4408e	specs/001-replicate-mannheim-tree-cover/research.md	F1
P32	e775356c02a933afe2995171ca345e07f7e4408e	specs/001-replicate-mannheim-tree-cover/spec.md	F1
P32	e775356c02a933afe2995171ca345e07f7e4408e	specs/001-replicate-mannheim-tree-cover/tasks.md	F1
P32	e775356c02a933afe2995171ca345e07f7e4408e	src/pipeline/workspace.py	F1
P32	e775356c02a933afe2995171ca345e07f7e4408e	tests/conftest.py	F1
P32	e7831eb57278a20a477fdefa79210f9c4873cba7	.gitignore	F1
P32	e9f4f0843e50c5cb17a295eb419941d009a1f520	.gitignore	F1
P32	e9f4f0843e50c5cb17a295eb419941d009a1f520	Makefile	F1
P32	e9f4f0843e50c5cb17a295eb419941d009a1f520	README.md	F1
P32	e9f4f0843e50c5cb17a295eb419941d009a1f520	scripts/check-prereqs.sh	F1
P32	e9f4f0843e50c5cb17a295eb419941d009a1f520	scripts/runpod-deploy.sh	F1
P32	e9f4f0843e50c5cb17a295eb419941d009a1f520	specs/001-replicate-mannheim-tree-cover/plan.md	F1
P32	e9f4f0843e50c5cb17a295eb419941d009a1f520	specs/001-replicate-mannheim-tree-cover/quickstart.md	F1
P32	e9f4f0843e50c5cb17a295eb419941d009a1f520	specs/001-replicate-mannheim-tree-cover/research.md	F1
P32	e9f4f0843e50c5cb17a295eb419941d009a1f520	specs/001-replicate-mannheim-tree-cover/spec.md	F1
P32	e9f4f0843e50c5cb17a295eb419941d009a1f520	specs/001-replicate-mannheim-tree-cover/tasks.md	F1
P32	e9f4f0843e50c5cb17a295eb419941d009a1f520	specs/002-fix-building-popup/plan.md	F1
P32	e9f4f0843e50c5cb17a295eb419941d009a1f520	src/pipeline/workspace.py	F1
P32	e9f4f0843e50c5cb17a295eb419941d009a1f520	tests/conftest.py	F1
P32	ea91e862b7d1b3f8d7ab63a568e56be86e4c9b8f	Makefile	F1
P32	ea91e862b7d1b3f8d7ab63a568e56be86e4c9b8f	README.md	F1
P32	ea91e862b7d1b3f8d7ab63a568e56be86e4c9b8f	scripts/check-prereqs.sh	F1
P32	ea91e862b7d1b3f8d7ab63a568e56be86e4c9b8f	scripts/runpod-deploy.sh	F1
P32	ea91e862b7d1b3f8d7ab63a568e56be86e4c9b8f	specs/001-replicate-mannheim-tree-cover/plan.md	F1
P32	ea91e862b7d1b3f8d7ab63a568e56be86e4c9b8f	specs/001-replicate-mannheim-tree-cover/quickstart.md	F1
P32	ea91e862b7d1b3f8d7ab63a568e56be86e4c9b8f	specs/001-replicate-mannheim-tree-cover/research.md	F1
P32	ea91e862b7d1b3f8d7ab63a568e56be86e4c9b8f	specs/001-replicate-mannheim-tree-cover/spec.md	F1
P32	ea91e862b7d1b3f8d7ab63a568e56be86e4c9b8f	specs/001-replicate-mannheim-tree-cover/tasks.md	F1
P32	ea91e862b7d1b3f8d7ab63a568e56be86e4c9b8f	src/pipeline/workspace.py	F1
P32	ea91e862b7d1b3f8d7ab63a568e56be86e4c9b8f	tests/conftest.py	F1
P32	eb765c23eb72f8e9e10a3a937c2f3dcbd72fb039	.gitignore	F1
P32	eb9391e23bf32a85c3b6a2f2cbdc3c1a280c62f4	.gitignore	F1
P32	eb9391e23bf32a85c3b6a2f2cbdc3c1a280c62f4	Makefile	F1
P32	eb9391e23bf32a85c3b6a2f2cbdc3c1a280c62f4	README.md	F1
P32	eb9391e23bf32a85c3b6a2f2cbdc3c1a280c62f4	scripts/check-prereqs.sh	F1
P32	eb9391e23bf32a85c3b6a2f2cbdc3c1a280c62f4	scripts/runpod-deploy.sh	F1
P32	eb9391e23bf32a85c3b6a2f2cbdc3c1a280c62f4	specs/001-replicate-mannheim-tree-cover/plan.md	F1
P32	eb9391e23bf32a85c3b6a2f2cbdc3c1a280c62f4	specs/001-replicate-mannheim-tree-cover/quickstart.md	F1
P32	eb9391e23bf32a85c3b6a2f2cbdc3c1a280c62f4	specs/001-replicate-mannheim-tree-cover/research.md	F1
P32	eb9391e23bf32a85c3b6a2f2cbdc3c1a280c62f4	specs/001-replicate-mannheim-tree-cover/spec.md	F1
P32	eb9391e23bf32a85c3b6a2f2cbdc3c1a280c62f4	specs/001-replicate-mannheim-tree-cover/tasks.md	F1
P32	eb9391e23bf32a85c3b6a2f2cbdc3c1a280c62f4	specs/002-fix-building-popup/plan.md	F1
P32	eb9391e23bf32a85c3b6a2f2cbdc3c1a280c62f4	src/pipeline/workspace.py	F1
P32	eb9391e23bf32a85c3b6a2f2cbdc3c1a280c62f4	tests/conftest.py	F1
P32	f02f2f199ecfa9ddc8395f8f069aafcf22bd016a	.gitignore	F1
P32	f32dd04d1316db33c6329522fbac929aaeceb9b3	.gitignore	F1
P13	030f3632f869da2776e2c8be515631dc7ee9e81a	README.md	F2
P13	030f3632f869da2776e2c8be515631dc7ee9e81a	scripts/runpod-deploy.sh	F2
P13	072fdc3810a4951d1b2037f33ef982a41e86fb02	README.md	F2
P13	072fdc3810a4951d1b2037f33ef982a41e86fb02	scripts/runpod-deploy.sh	F2
P13	078263b665d0e1425fa062ffad2c49be2a0865bd	README.md	F2
P13	078263b665d0e1425fa062ffad2c49be2a0865bd	scripts/runpod-deploy.sh	F2
P13	0a37918ecbc51121a9e07e2b013d5abff5ca0e07	README.md	F2
P13	0a37918ecbc51121a9e07e2b013d5abff5ca0e07	scripts/runpod-deploy.sh	F2
P13	0c55a5ed12827175dca7d55052523195ad826193	README.md	F2
P13	0c55a5ed12827175dca7d55052523195ad826193	scripts/runpod-deploy.sh	F2
P13	0f0a9fb2dbaf42f5e0edfd9b6c34cf2eb794e2af	README.md	F2
P13	0f0a9fb2dbaf42f5e0edfd9b6c34cf2eb794e2af	scripts/runpod-deploy.sh	F2
P13	14b6a6545c3ddae98e97a7851eab009261d725ed	README.md	F2
P13	14b6a6545c3ddae98e97a7851eab009261d725ed	scripts/runpod-deploy.sh	F2
P13	150453ba11d0bddcaa4bd6ed2386183fa22c0669	README.md	F2
P13	150453ba11d0bddcaa4bd6ed2386183fa22c0669	scripts/runpod-deploy.sh	F2
P13	1b7ba3c7e04fdeb9e4e8db99a6364f4c9b2f5953	README.md	F2
P13	1b7ba3c7e04fdeb9e4e8db99a6364f4c9b2f5953	scripts/runpod-deploy.sh	F2
P13	2df934c1da2c99ac93d84db174ae505af9861e45	README.md	F2
P13	2df934c1da2c99ac93d84db174ae505af9861e45	scripts/runpod-deploy.sh	F2
P13	4788271710f3559e017b72568056da4fe1981c7b	README.md	F2
P13	4788271710f3559e017b72568056da4fe1981c7b	scripts/runpod-deploy.sh	F2
P13	4e9ae7ce2ec3f45448b0ea4bfb04c03872b2c00f	README.md	F2
P13	4e9ae7ce2ec3f45448b0ea4bfb04c03872b2c00f	scripts/runpod-deploy.sh	F2
P13	53a61352f9726f04fc95bafe4d0c8bff0dd21f20	README.md	F2
P13	53a61352f9726f04fc95bafe4d0c8bff0dd21f20	scripts/runpod-deploy.sh	F2
P13	55d25670a4eb091606982f6c10402cfef1ff4d31	README.md	F2
P13	55d25670a4eb091606982f6c10402cfef1ff4d31	scripts/runpod-deploy.sh	F2
P13	6cd4c28c5e338175733fc731c0041a2bf5b9d2b0	README.md	F2
P13	6cd4c28c5e338175733fc731c0041a2bf5b9d2b0	scripts/runpod-deploy.sh	F2
P13	77c9a97176eb534cf2c6d77adde23b87c63f3252	README.md	F2
P13	77c9a97176eb534cf2c6d77adde23b87c63f3252	scripts/runpod-deploy.sh	F2
P13	810bd6fb2cbf702b300f549d449ad19555e24ca9	README.md	F2
P13	810bd6fb2cbf702b300f549d449ad19555e24ca9	scripts/runpod-deploy.sh	F2
P13	830ed65d8b4a7cd23846f5c5c261da2065b6a3a4	README.md	F2
P13	830ed65d8b4a7cd23846f5c5c261da2065b6a3a4	scripts/runpod-deploy.sh	F2
P13	84f8223113d6ca8d678c57f27619be241a703959	README.md	F2
P13	84f8223113d6ca8d678c57f27619be241a703959	scripts/runpod-deploy.sh	F2
P13	9a00fcdf93997f8f27470263ad01f4772e8900ec	README.md	F2
P13	9a00fcdf93997f8f27470263ad01f4772e8900ec	scripts/runpod-deploy.sh	F2
P13	9a024981fba421797670d74cfe9d6a90a3d09623	README.md	F2
P13	9a024981fba421797670d74cfe9d6a90a3d09623	scripts/runpod-deploy.sh	F2
P13	9f5b696911d18da4e11ccdbdd2699c8895891eea	README.md	F2
P13	9f5b696911d18da4e11ccdbdd2699c8895891eea	scripts/runpod-deploy.sh	F2
P13	b966bf9b392b715d3dd213742bfadaa5694b16d8	README.md	F2
P13	b966bf9b392b715d3dd213742bfadaa5694b16d8	scripts/runpod-deploy.sh	F2
P13	bf67b989e3846ebb511d1aca36c855df7574fdb6	README.md	F2
P13	bf67b989e3846ebb511d1aca36c855df7574fdb6	scripts/runpod-deploy.sh	F2
P13	c9b9065dbec945a65fdbe66d84264e348cf7ca34	README.md	F2
P13	c9b9065dbec945a65fdbe66d84264e348cf7ca34	scripts/runpod-deploy.sh	F2
P13	ca13a454aaec9ba685c4cecda535b1c26446bcc1	README.md	F2
P13	ca13a454aaec9ba685c4cecda535b1c26446bcc1	scripts/runpod-deploy.sh	F2
P13	ca13a454aaec9ba685c4cecda535b1c26446bcc1	specs/006-public-release-prep/research.md	F2
P13	d212dcb1f10a953a5032e3e922e65612b92ce437	README.md	F2
P13	d212dcb1f10a953a5032e3e922e65612b92ce437	scripts/runpod-deploy.sh	F2
P13	defe8270e3e3c61bf59337954c0aa3d596d2c57d	README.md	F2
P13	defe8270e3e3c61bf59337954c0aa3d596d2c57d	scripts/runpod-deploy.sh	F2
P13	e2dbb6553473b25c59381dc92652ca41d41b7966	README.md	F2
P13	e2dbb6553473b25c59381dc92652ca41d41b7966	scripts/runpod-deploy.sh	F2
P13	e9f4f0843e50c5cb17a295eb419941d009a1f520	README.md	F2
P13	e9f4f0843e50c5cb17a295eb419941d009a1f520	scripts/runpod-deploy.sh	F2
P13	ea91e862b7d1b3f8d7ab63a568e56be86e4c9b8f	README.md	F2
P13	ea91e862b7d1b3f8d7ab63a568e56be86e4c9b8f	scripts/runpod-deploy.sh	F2
P13	eb9391e23bf32a85c3b6a2f2cbdc3c1a280c62f4	README.md	F2
P13	eb9391e23bf32a85c3b6a2f2cbdc3c1a280c62f4	scripts/runpod-deploy.sh	F2
P3	01250943e893679895f9077b06e56dd18ece81f6	scripts/check-public.sh	F2
P3	01250943e893679895f9077b06e56dd18ece81f6	specs/006-public-release-prep/contracts/public-hygiene.md	F2
P3	030f3632f869da2776e2c8be515631dc7ee9e81a	README.md	F2
P3	030f3632f869da2776e2c8be515631dc7ee9e81a	scripts/runpod-deploy.sh	F2
P3	030fa92bac3e38a918b80c9d5eb58b450a5056a9	scripts/check-public.sh	F2
P3	030fa92bac3e38a918b80c9d5eb58b450a5056a9	specs/006-public-release-prep/contracts/public-hygiene.md	F2
P3	04cce8d4a7748a839ca4ea3e80d48f5e4624243e	scripts/check-public.sh	F2
P3	04cce8d4a7748a839ca4ea3e80d48f5e4624243e	specs/006-public-release-prep/contracts/public-hygiene.md	F2
P3	072fdc3810a4951d1b2037f33ef982a41e86fb02	README.md	F2
P3	072fdc3810a4951d1b2037f33ef982a41e86fb02	scripts/runpod-deploy.sh	F2
P3	078263b665d0e1425fa062ffad2c49be2a0865bd	README.md	F2
P3	078263b665d0e1425fa062ffad2c49be2a0865bd	scripts/runpod-deploy.sh	F2
P3	0a37918ecbc51121a9e07e2b013d5abff5ca0e07	README.md	F2
P3	0a37918ecbc51121a9e07e2b013d5abff5ca0e07	scripts/runpod-deploy.sh	F2
P3	0c55a5ed12827175dca7d55052523195ad826193	README.md	F2
P3	0c55a5ed12827175dca7d55052523195ad826193	scripts/runpod-deploy.sh	F2
P3	0f0a9fb2dbaf42f5e0edfd9b6c34cf2eb794e2af	README.md	F2
P3	0f0a9fb2dbaf42f5e0edfd9b6c34cf2eb794e2af	scripts/runpod-deploy.sh	F2
P3	14b6a6545c3ddae98e97a7851eab009261d725ed	README.md	F2
P3	14b6a6545c3ddae98e97a7851eab009261d725ed	scripts/runpod-deploy.sh	F2
P3	150453ba11d0bddcaa4bd6ed2386183fa22c0669	README.md	F2
P3	150453ba11d0bddcaa4bd6ed2386183fa22c0669	scripts/runpod-deploy.sh	F2
P3	1a1f2a483197d5932c612399fac787e18dfa02c7	scripts/check-public.sh	F2
P3	1a1f2a483197d5932c612399fac787e18dfa02c7	specs/006-public-release-prep/contracts/public-hygiene.md	F2
P3	1b7ba3c7e04fdeb9e4e8db99a6364f4c9b2f5953	README.md	F2
P3	1b7ba3c7e04fdeb9e4e8db99a6364f4c9b2f5953	scripts/runpod-deploy.sh	F2
P3	2219f425324dab473e895fdb3597083c4821baf8	scripts/check-public.sh	F2
P3	2219f425324dab473e895fdb3597083c4821baf8	specs/006-public-release-prep/contracts/public-hygiene.md	F2
P3	2df934c1da2c99ac93d84db174ae505af9861e45	README.md	F2
P3	2df934c1da2c99ac93d84db174ae505af9861e45	scripts/runpod-deploy.sh	F2
P3	3140f3f79bd6e02feb6a3f090681dbd211936767	scripts/check-public.sh	F2
P3	3140f3f79bd6e02feb6a3f090681dbd211936767	specs/006-public-release-prep/contracts/public-hygiene.md	F2
P3	318380c133e1e9914352cfeba38797ba706dd60e	scripts/check-public.sh	F2
P3	318380c133e1e9914352cfeba38797ba706dd60e	specs/006-public-release-prep/contracts/public-hygiene.md	F2
P3	3221dd965741844712e8868187d9104050b98a3a	scripts/check-public.sh	F2
P3	3221dd965741844712e8868187d9104050b98a3a	specs/006-public-release-prep/contracts/public-hygiene.md	F2
P3	32f3cb53c346aff32bfeea10e5db49026f60abec	scripts/check-public.sh	F2
P3	32f3cb53c346aff32bfeea10e5db49026f60abec	specs/006-public-release-prep/contracts/public-hygiene.md	F2
P3	4392d13b7560d57a779f436832f96fde53cab6f9	scripts/check-public.sh	F2
P3	4392d13b7560d57a779f436832f96fde53cab6f9	specs/006-public-release-prep/contracts/public-hygiene.md	F2
P3	46495495e4715485f6ff503c29e4eb95b2293ff1	scripts/check-public.sh	F2
P3	46495495e4715485f6ff503c29e4eb95b2293ff1	specs/006-public-release-prep/contracts/public-hygiene.md	F2
P3	4788271710f3559e017b72568056da4fe1981c7b	README.md	F2
P3	4788271710f3559e017b72568056da4fe1981c7b	scripts/runpod-deploy.sh	F2
P3	4e9ae7ce2ec3f45448b0ea4bfb04c03872b2c00f	README.md	F2
P3	4e9ae7ce2ec3f45448b0ea4bfb04c03872b2c00f	scripts/runpod-deploy.sh	F2
P3	53a61352f9726f04fc95bafe4d0c8bff0dd21f20	README.md	F2
P3	53a61352f9726f04fc95bafe4d0c8bff0dd21f20	scripts/runpod-deploy.sh	F2
P3	55d25670a4eb091606982f6c10402cfef1ff4d31	README.md	F2
P3	55d25670a4eb091606982f6c10402cfef1ff4d31	scripts/runpod-deploy.sh	F2
P3	586e9270671a2a026edfd110fde761d9a27c3717	scripts/check-public.sh	F2
P3	586e9270671a2a026edfd110fde761d9a27c3717	specs/006-public-release-prep/contracts/public-hygiene.md	F2
P3	5c4885b12e2e4ee1dd53c1202ae0ce29fde2dfc0	scripts/check-public.sh	F2
P3	5c4885b12e2e4ee1dd53c1202ae0ce29fde2dfc0	specs/006-public-release-prep/contracts/public-hygiene.md	F2
P3	5f1c73637bb8caab8dfeb74f98adecf486ecfffc	scripts/check-public.sh	F2
P3	5f1c73637bb8caab8dfeb74f98adecf486ecfffc	specs/006-public-release-prep/contracts/public-hygiene.md	F2
P3	5fea58cecfd2ce998006fa62bbcc7817fc4ed9f9	scripts/check-public.sh	F2
P3	5fea58cecfd2ce998006fa62bbcc7817fc4ed9f9	specs/006-public-release-prep/contracts/public-hygiene.md	F2
P3	6c356a2fb82d5aca5cbaba03607e5e92564dbe24	scripts/check-public.sh	F2
P3	6c356a2fb82d5aca5cbaba03607e5e92564dbe24	specs/006-public-release-prep/contracts/public-hygiene.md	F2
P3	6cd4c28c5e338175733fc731c0041a2bf5b9d2b0	README.md	F2
P3	6cd4c28c5e338175733fc731c0041a2bf5b9d2b0	scripts/runpod-deploy.sh	F2
P3	6de34dda83483e93288385a6d2acbc05aa5b860b	scripts/check-public.sh	F2
P3	6de34dda83483e93288385a6d2acbc05aa5b860b	specs/006-public-release-prep/contracts/public-hygiene.md	F2
P3	73d6c5d6a793e4241938c9964b2d75b67ec67a72	scripts/check-public.sh	F2
P3	73d6c5d6a793e4241938c9964b2d75b67ec67a72	specs/006-public-release-prep/contracts/public-hygiene.md	F2
P3	77c9a97176eb534cf2c6d77adde23b87c63f3252	README.md	F2
P3	77c9a97176eb534cf2c6d77adde23b87c63f3252	scripts/runpod-deploy.sh	F2
P3	7b6f77bd257fc87429da3976e427731bcc604b60	scripts/check-public.sh	F2
P3	7b6f77bd257fc87429da3976e427731bcc604b60	specs/006-public-release-prep/contracts/public-hygiene.md	F2
P3	806327a60f8e89c5bd7d9aaa3fcf246a2137e4d9	scripts/check-public.sh	F2
P3	806327a60f8e89c5bd7d9aaa3fcf246a2137e4d9	specs/006-public-release-prep/contracts/public-hygiene.md	F2
P3	810bd6fb2cbf702b300f549d449ad19555e24ca9	README.md	F2
P3	810bd6fb2cbf702b300f549d449ad19555e24ca9	scripts/runpod-deploy.sh	F2
P3	830ed65d8b4a7cd23846f5c5c261da2065b6a3a4	README.md	F2
P3	830ed65d8b4a7cd23846f5c5c261da2065b6a3a4	scripts/runpod-deploy.sh	F2
P3	84f8223113d6ca8d678c57f27619be241a703959	README.md	F2
P3	84f8223113d6ca8d678c57f27619be241a703959	scripts/runpod-deploy.sh	F2
P3	8508bacd184acdd3342e5d82114c294a22eb6336	scripts/check-public.sh	F2
P3	8508bacd184acdd3342e5d82114c294a22eb6336	specs/006-public-release-prep/contracts/public-hygiene.md	F2
P3	89e2c1520ad0927fd99bf73ef5d71683b3abd2f3	scripts/check-public.sh	F2
P3	89e2c1520ad0927fd99bf73ef5d71683b3abd2f3	specs/006-public-release-prep/contracts/public-hygiene.md	F2
P3	8d7deecf5759e64fb54b4695c2ceeeaf3c174591	scripts/check-public.sh	F2
P3	8d7deecf5759e64fb54b4695c2ceeeaf3c174591	specs/006-public-release-prep/contracts/public-hygiene.md	F2
P3	90257c2e6a5ebf284a0fc4b347acd36d6e09fe7a	scripts/check-public.sh	F2
P3	90257c2e6a5ebf284a0fc4b347acd36d6e09fe7a	specs/006-public-release-prep/contracts/public-hygiene.md	F2
P3	994cbdffd5e3551a5fe2b957674243dfc3093a98	scripts/check-public.sh	F2
P3	994cbdffd5e3551a5fe2b957674243dfc3093a98	specs/006-public-release-prep/contracts/public-hygiene.md	F2
P3	9a00fcdf93997f8f27470263ad01f4772e8900ec	README.md	F2
P3	9a00fcdf93997f8f27470263ad01f4772e8900ec	scripts/runpod-deploy.sh	F2
P3	9a024981fba421797670d74cfe9d6a90a3d09623	README.md	F2
P3	9a024981fba421797670d74cfe9d6a90a3d09623	scripts/runpod-deploy.sh	F2
P3	9ba0496c8f22d3228edac1e43e42844c91bf564b	scripts/check-public.sh	F2
P3	9ba0496c8f22d3228edac1e43e42844c91bf564b	specs/006-public-release-prep/contracts/public-hygiene.md	F2
P3	9ce873273538517c9d136cd532ae2b1687152828	scripts/check-public.sh	F2
P3	9ce873273538517c9d136cd532ae2b1687152828	specs/006-public-release-prep/contracts/public-hygiene.md	F2
P3	9f5b696911d18da4e11ccdbdd2699c8895891eea	README.md	F2
P3	9f5b696911d18da4e11ccdbdd2699c8895891eea	scripts/runpod-deploy.sh	F2
P3	a0900f103a2ab171e7294265b1242f3c69890f06	scripts/check-public.sh	F2
P3	a0900f103a2ab171e7294265b1242f3c69890f06	specs/006-public-release-prep/contracts/public-hygiene.md	F2
P3	a7bf3b91ec8ef6d213f92a43cfcf8f0aedef018a	scripts/check-public.sh	F2
P3	a7bf3b91ec8ef6d213f92a43cfcf8f0aedef018a	specs/006-public-release-prep/contracts/public-hygiene.md	F2
P3	b03deba37eb75edb12188052429c8ccaad6e7354	scripts/check-public.sh	F2
P3	b03deba37eb75edb12188052429c8ccaad6e7354	specs/006-public-release-prep/contracts/public-hygiene.md	F2
P3	b1d9fbb412126e12057ef5d0a596c35da67ae427	scripts/check-public.sh	F2
P3	b1d9fbb412126e12057ef5d0a596c35da67ae427	specs/006-public-release-prep/contracts/public-hygiene.md	F2
P3	b69b377a196d691a9f617f08631ec49c4cc867d5	scripts/check-public.sh	F2
P3	b69b377a196d691a9f617f08631ec49c4cc867d5	specs/006-public-release-prep/contracts/public-hygiene.md	F2
P3	b966bf9b392b715d3dd213742bfadaa5694b16d8	README.md	F2
P3	b966bf9b392b715d3dd213742bfadaa5694b16d8	scripts/runpod-deploy.sh	F2
P3	bc6212ec3203a47cdfe91c4517caa850adbb9a61	scripts/check-public.sh	F2
P3	bc6212ec3203a47cdfe91c4517caa850adbb9a61	specs/006-public-release-prep/contracts/public-hygiene.md	F2
P3	bd77ff250fb75f5916cf894f9dc1192e7e2aa153	scripts/check-public.sh	F2
P3	bd77ff250fb75f5916cf894f9dc1192e7e2aa153	specs/006-public-release-prep/contracts/public-hygiene.md	F2
P3	bf67b989e3846ebb511d1aca36c855df7574fdb6	README.md	F2
P3	bf67b989e3846ebb511d1aca36c855df7574fdb6	scripts/runpod-deploy.sh	F2
P3	c00eeda740b58a93654acb2ea6bb997adcf37748	scripts/check-public.sh	F2
P3	c00eeda740b58a93654acb2ea6bb997adcf37748	specs/006-public-release-prep/contracts/public-hygiene.md	F2
P3	c40f61b57b0f3643970d904664fb51e3393e2463	scripts/check-public.sh	F2
P3	c40f61b57b0f3643970d904664fb51e3393e2463	specs/006-public-release-prep/contracts/public-hygiene.md	F2
P3	c9b9065dbec945a65fdbe66d84264e348cf7ca34	README.md	F2
P3	c9b9065dbec945a65fdbe66d84264e348cf7ca34	scripts/runpod-deploy.sh	F2
P3	ca13a454aaec9ba685c4cecda535b1c26446bcc1	README.md	F2
P3	ca13a454aaec9ba685c4cecda535b1c26446bcc1	scripts/runpod-deploy.sh	F2
P3	ca13a454aaec9ba685c4cecda535b1c26446bcc1	specs/006-public-release-prep/contracts/public-hygiene.md	F2
P3	ca13a454aaec9ba685c4cecda535b1c26446bcc1	specs/006-public-release-prep/research.md	F2
P3	cc94165a3528dcb6ef1eaebb4f242e3d814c79b5	scripts/check-public.sh	F2
P3	cc94165a3528dcb6ef1eaebb4f242e3d814c79b5	specs/006-public-release-prep/contracts/public-hygiene.md	F2
P3	d1311d6888bafab6deed9658a6cb395d5d771e0d	scripts/check-public.sh	F2
P3	d1311d6888bafab6deed9658a6cb395d5d771e0d	specs/006-public-release-prep/contracts/public-hygiene.md	F2
P3	d212dcb1f10a953a5032e3e922e65612b92ce437	README.md	F2
P3	d212dcb1f10a953a5032e3e922e65612b92ce437	scripts/runpod-deploy.sh	F2
P3	d3961b558b5504bbce60558c67a210656ba702e5	scripts/check-public.sh	F2
P3	d3961b558b5504bbce60558c67a210656ba702e5	specs/006-public-release-prep/contracts/public-hygiene.md	F2
P3	d57a414d6fb8f3a021aab7015d896c8806a14c40	scripts/check-public.sh	F2
P3	d57a414d6fb8f3a021aab7015d896c8806a14c40	specs/006-public-release-prep/contracts/public-hygiene.md	F2
P3	d694dc9b54513b598fe5204a3dae9d045ab8a810	scripts/check-public.sh	F2
P3	d694dc9b54513b598fe5204a3dae9d045ab8a810	specs/006-public-release-prep/contracts/public-hygiene.md	F2
P3	da42f0dd248360cef20d0f96b29cb4c391129c89	scripts/check-public.sh	F2
P3	da42f0dd248360cef20d0f96b29cb4c391129c89	specs/006-public-release-prep/contracts/public-hygiene.md	F2
P3	dbadbf70eeeae0962d2128c97470f023f307acd3	scripts/check-public.sh	F2
P3	dbadbf70eeeae0962d2128c97470f023f307acd3	specs/006-public-release-prep/contracts/public-hygiene.md	F2
P3	ddc76ce06941cff6b08cbfdae600810c29400824	scripts/check-public.sh	F2
P3	ddc76ce06941cff6b08cbfdae600810c29400824	specs/006-public-release-prep/contracts/public-hygiene.md	F2
P3	de59d3f0b89db21b1d4cc5612a83a5ca0599c03f	scripts/check-public.sh	F2
P3	de59d3f0b89db21b1d4cc5612a83a5ca0599c03f	specs/006-public-release-prep/contracts/public-hygiene.md	F2
P3	defe8270e3e3c61bf59337954c0aa3d596d2c57d	README.md	F2
P3	defe8270e3e3c61bf59337954c0aa3d596d2c57d	scripts/runpod-deploy.sh	F2
P3	dfa3c59167a48ca53461dcbea4e2ca5dead3f8e1	scripts/check-public.sh	F2
P3	dfa3c59167a48ca53461dcbea4e2ca5dead3f8e1	specs/006-public-release-prep/contracts/public-hygiene.md	F2
P3	e2dbb6553473b25c59381dc92652ca41d41b7966	README.md	F2
P3	e2dbb6553473b25c59381dc92652ca41d41b7966	scripts/runpod-deploy.sh	F2
P3	e6341c95f1b881d43ce5aba6545d55911f1e6737	scripts/check-public.sh	F2
P3	e6341c95f1b881d43ce5aba6545d55911f1e6737	specs/006-public-release-prep/contracts/public-hygiene.md	F2
P3	e7831eb57278a20a477fdefa79210f9c4873cba7	scripts/check-public.sh	F2
P3	e7831eb57278a20a477fdefa79210f9c4873cba7	specs/006-public-release-prep/contracts/public-hygiene.md	F2
P3	e9f4f0843e50c5cb17a295eb419941d009a1f520	README.md	F2
P3	e9f4f0843e50c5cb17a295eb419941d009a1f520	scripts/runpod-deploy.sh	F2
P3	ea91e862b7d1b3f8d7ab63a568e56be86e4c9b8f	README.md	F2
P3	ea91e862b7d1b3f8d7ab63a568e56be86e4c9b8f	scripts/runpod-deploy.sh	F2
P3	eb765c23eb72f8e9e10a3a937c2f3dcbd72fb039	scripts/check-public.sh	F2
P3	eb765c23eb72f8e9e10a3a937c2f3dcbd72fb039	specs/006-public-release-prep/contracts/public-hygiene.md	F2
P3	eb9391e23bf32a85c3b6a2f2cbdc3c1a280c62f4	README.md	F2
P3	eb9391e23bf32a85c3b6a2f2cbdc3c1a280c62f4	scripts/runpod-deploy.sh	F2
P3	f02f2f199ecfa9ddc8395f8f069aafcf22bd016a	scripts/check-public.sh	F2
P3	f02f2f199ecfa9ddc8395f8f069aafcf22bd016a	specs/006-public-release-prep/contracts/public-hygiene.md	F2
P3	f32dd04d1316db33c6329522fbac929aaeceb9b3	scripts/check-public.sh	F2
P3	f32dd04d1316db33c6329522fbac929aaeceb9b3	specs/006-public-release-prep/contracts/public-hygiene.md	F2
P30	90257c2e6a5ebf284a0fc4b347acd36d6e09fe7a	specs/015-security-audit-housekeeping/research.md	F2
P4	01250943e893679895f9077b06e56dd18ece81f6	scripts/check-public.sh	F2
P4	01250943e893679895f9077b06e56dd18ece81f6	specs/006-public-release-prep/contracts/public-hygiene.md	F2
P4	030f3632f869da2776e2c8be515631dc7ee9e81a	README.md	F2
P4	030f3632f869da2776e2c8be515631dc7ee9e81a	scripts/runpod-deploy.sh	F2
P4	030fa92bac3e38a918b80c9d5eb58b450a5056a9	scripts/check-public.sh	F2
P4	030fa92bac3e38a918b80c9d5eb58b450a5056a9	specs/006-public-release-prep/contracts/public-hygiene.md	F2
P4	04cce8d4a7748a839ca4ea3e80d48f5e4624243e	scripts/check-public.sh	F2
P4	04cce8d4a7748a839ca4ea3e80d48f5e4624243e	specs/006-public-release-prep/contracts/public-hygiene.md	F2
P4	072fdc3810a4951d1b2037f33ef982a41e86fb02	README.md	F2
P4	072fdc3810a4951d1b2037f33ef982a41e86fb02	scripts/runpod-deploy.sh	F2
P4	078263b665d0e1425fa062ffad2c49be2a0865bd	README.md	F2
P4	078263b665d0e1425fa062ffad2c49be2a0865bd	scripts/runpod-deploy.sh	F2
P4	0a37918ecbc51121a9e07e2b013d5abff5ca0e07	README.md	F2
P4	0a37918ecbc51121a9e07e2b013d5abff5ca0e07	scripts/runpod-deploy.sh	F2
P4	0c55a5ed12827175dca7d55052523195ad826193	README.md	F2
P4	0c55a5ed12827175dca7d55052523195ad826193	scripts/runpod-deploy.sh	F2
P4	0f0a9fb2dbaf42f5e0edfd9b6c34cf2eb794e2af	README.md	F2
P4	0f0a9fb2dbaf42f5e0edfd9b6c34cf2eb794e2af	scripts/runpod-deploy.sh	F2
P4	14b6a6545c3ddae98e97a7851eab009261d725ed	README.md	F2
P4	14b6a6545c3ddae98e97a7851eab009261d725ed	scripts/runpod-deploy.sh	F2
P4	150453ba11d0bddcaa4bd6ed2386183fa22c0669	README.md	F2
P4	150453ba11d0bddcaa4bd6ed2386183fa22c0669	scripts/runpod-deploy.sh	F2
P4	1a1f2a483197d5932c612399fac787e18dfa02c7	scripts/check-public.sh	F2
P4	1a1f2a483197d5932c612399fac787e18dfa02c7	specs/006-public-release-prep/contracts/public-hygiene.md	F2
P4	1b7ba3c7e04fdeb9e4e8db99a6364f4c9b2f5953	README.md	F2
P4	1b7ba3c7e04fdeb9e4e8db99a6364f4c9b2f5953	scripts/runpod-deploy.sh	F2
P4	2219f425324dab473e895fdb3597083c4821baf8	scripts/check-public.sh	F2
P4	2219f425324dab473e895fdb3597083c4821baf8	specs/006-public-release-prep/contracts/public-hygiene.md	F2
P4	2df934c1da2c99ac93d84db174ae505af9861e45	README.md	F2
P4	2df934c1da2c99ac93d84db174ae505af9861e45	scripts/runpod-deploy.sh	F2
P4	3140f3f79bd6e02feb6a3f090681dbd211936767	scripts/check-public.sh	F2
P4	3140f3f79bd6e02feb6a3f090681dbd211936767	specs/006-public-release-prep/contracts/public-hygiene.md	F2
P4	318380c133e1e9914352cfeba38797ba706dd60e	scripts/check-public.sh	F2
P4	318380c133e1e9914352cfeba38797ba706dd60e	specs/006-public-release-prep/contracts/public-hygiene.md	F2
P4	3221dd965741844712e8868187d9104050b98a3a	scripts/check-public.sh	F2
P4	3221dd965741844712e8868187d9104050b98a3a	specs/006-public-release-prep/contracts/public-hygiene.md	F2
P4	32f3cb53c346aff32bfeea10e5db49026f60abec	scripts/check-public.sh	F2
P4	32f3cb53c346aff32bfeea10e5db49026f60abec	specs/006-public-release-prep/contracts/public-hygiene.md	F2
P4	4392d13b7560d57a779f436832f96fde53cab6f9	scripts/check-public.sh	F2
P4	4392d13b7560d57a779f436832f96fde53cab6f9	specs/006-public-release-prep/contracts/public-hygiene.md	F2
P4	46495495e4715485f6ff503c29e4eb95b2293ff1	scripts/check-public.sh	F2
P4	46495495e4715485f6ff503c29e4eb95b2293ff1	specs/006-public-release-prep/contracts/public-hygiene.md	F2
P4	4788271710f3559e017b72568056da4fe1981c7b	README.md	F2
P4	4788271710f3559e017b72568056da4fe1981c7b	scripts/runpod-deploy.sh	F2
P4	4e9ae7ce2ec3f45448b0ea4bfb04c03872b2c00f	README.md	F2
P4	4e9ae7ce2ec3f45448b0ea4bfb04c03872b2c00f	scripts/runpod-deploy.sh	F2
P4	53a61352f9726f04fc95bafe4d0c8bff0dd21f20	README.md	F2
P4	53a61352f9726f04fc95bafe4d0c8bff0dd21f20	scripts/runpod-deploy.sh	F2
P4	55d25670a4eb091606982f6c10402cfef1ff4d31	README.md	F2
P4	55d25670a4eb091606982f6c10402cfef1ff4d31	scripts/runpod-deploy.sh	F2
P4	586e9270671a2a026edfd110fde761d9a27c3717	scripts/check-public.sh	F2
P4	586e9270671a2a026edfd110fde761d9a27c3717	specs/006-public-release-prep/contracts/public-hygiene.md	F2
P4	5c4885b12e2e4ee1dd53c1202ae0ce29fde2dfc0	scripts/check-public.sh	F2
P4	5c4885b12e2e4ee1dd53c1202ae0ce29fde2dfc0	specs/006-public-release-prep/contracts/public-hygiene.md	F2
P4	5f1c73637bb8caab8dfeb74f98adecf486ecfffc	scripts/check-public.sh	F2
P4	5f1c73637bb8caab8dfeb74f98adecf486ecfffc	specs/006-public-release-prep/contracts/public-hygiene.md	F2
P4	5fea58cecfd2ce998006fa62bbcc7817fc4ed9f9	scripts/check-public.sh	F2
P4	5fea58cecfd2ce998006fa62bbcc7817fc4ed9f9	specs/006-public-release-prep/contracts/public-hygiene.md	F2
P4	6c356a2fb82d5aca5cbaba03607e5e92564dbe24	scripts/check-public.sh	F2
P4	6c356a2fb82d5aca5cbaba03607e5e92564dbe24	specs/006-public-release-prep/contracts/public-hygiene.md	F2
P4	6cd4c28c5e338175733fc731c0041a2bf5b9d2b0	README.md	F2
P4	6cd4c28c5e338175733fc731c0041a2bf5b9d2b0	scripts/runpod-deploy.sh	F2
P4	6de34dda83483e93288385a6d2acbc05aa5b860b	scripts/check-public.sh	F2
P4	6de34dda83483e93288385a6d2acbc05aa5b860b	specs/006-public-release-prep/contracts/public-hygiene.md	F2
P4	73d6c5d6a793e4241938c9964b2d75b67ec67a72	scripts/check-public.sh	F2
P4	73d6c5d6a793e4241938c9964b2d75b67ec67a72	specs/006-public-release-prep/contracts/public-hygiene.md	F2
P4	77c9a97176eb534cf2c6d77adde23b87c63f3252	README.md	F2
P4	77c9a97176eb534cf2c6d77adde23b87c63f3252	scripts/runpod-deploy.sh	F2
P4	7b6f77bd257fc87429da3976e427731bcc604b60	scripts/check-public.sh	F2
P4	7b6f77bd257fc87429da3976e427731bcc604b60	specs/006-public-release-prep/contracts/public-hygiene.md	F2
P4	806327a60f8e89c5bd7d9aaa3fcf246a2137e4d9	scripts/check-public.sh	F2
P4	806327a60f8e89c5bd7d9aaa3fcf246a2137e4d9	specs/006-public-release-prep/contracts/public-hygiene.md	F2
P4	810bd6fb2cbf702b300f549d449ad19555e24ca9	README.md	F2
P4	810bd6fb2cbf702b300f549d449ad19555e24ca9	scripts/runpod-deploy.sh	F2
P4	830ed65d8b4a7cd23846f5c5c261da2065b6a3a4	README.md	F2
P4	830ed65d8b4a7cd23846f5c5c261da2065b6a3a4	scripts/runpod-deploy.sh	F2
P4	84f8223113d6ca8d678c57f27619be241a703959	README.md	F2
P4	84f8223113d6ca8d678c57f27619be241a703959	scripts/runpod-deploy.sh	F2
P4	8508bacd184acdd3342e5d82114c294a22eb6336	scripts/check-public.sh	F2
P4	8508bacd184acdd3342e5d82114c294a22eb6336	specs/006-public-release-prep/contracts/public-hygiene.md	F2
P4	89e2c1520ad0927fd99bf73ef5d71683b3abd2f3	scripts/check-public.sh	F2
P4	89e2c1520ad0927fd99bf73ef5d71683b3abd2f3	specs/006-public-release-prep/contracts/public-hygiene.md	F2
P4	8d7deecf5759e64fb54b4695c2ceeeaf3c174591	scripts/check-public.sh	F2
P4	8d7deecf5759e64fb54b4695c2ceeeaf3c174591	specs/006-public-release-prep/contracts/public-hygiene.md	F2
P4	90257c2e6a5ebf284a0fc4b347acd36d6e09fe7a	scripts/check-public.sh	F2
P4	90257c2e6a5ebf284a0fc4b347acd36d6e09fe7a	specs/006-public-release-prep/contracts/public-hygiene.md	F2
P4	994cbdffd5e3551a5fe2b957674243dfc3093a98	scripts/check-public.sh	F2
P4	994cbdffd5e3551a5fe2b957674243dfc3093a98	specs/006-public-release-prep/contracts/public-hygiene.md	F2
P4	9a00fcdf93997f8f27470263ad01f4772e8900ec	README.md	F2
P4	9a00fcdf93997f8f27470263ad01f4772e8900ec	scripts/runpod-deploy.sh	F2
P4	9a024981fba421797670d74cfe9d6a90a3d09623	README.md	F2
P4	9a024981fba421797670d74cfe9d6a90a3d09623	scripts/runpod-deploy.sh	F2
P4	9ba0496c8f22d3228edac1e43e42844c91bf564b	scripts/check-public.sh	F2
P4	9ba0496c8f22d3228edac1e43e42844c91bf564b	specs/006-public-release-prep/contracts/public-hygiene.md	F2
P4	9ce873273538517c9d136cd532ae2b1687152828	scripts/check-public.sh	F2
P4	9ce873273538517c9d136cd532ae2b1687152828	specs/006-public-release-prep/contracts/public-hygiene.md	F2
P4	9f5b696911d18da4e11ccdbdd2699c8895891eea	README.md	F2
P4	9f5b696911d18da4e11ccdbdd2699c8895891eea	scripts/runpod-deploy.sh	F2
P4	a0900f103a2ab171e7294265b1242f3c69890f06	scripts/check-public.sh	F2
P4	a0900f103a2ab171e7294265b1242f3c69890f06	specs/006-public-release-prep/contracts/public-hygiene.md	F2
P4	a7bf3b91ec8ef6d213f92a43cfcf8f0aedef018a	scripts/check-public.sh	F2
P4	a7bf3b91ec8ef6d213f92a43cfcf8f0aedef018a	specs/006-public-release-prep/contracts/public-hygiene.md	F2
P4	b03deba37eb75edb12188052429c8ccaad6e7354	scripts/check-public.sh	F2
P4	b03deba37eb75edb12188052429c8ccaad6e7354	specs/006-public-release-prep/contracts/public-hygiene.md	F2
P4	b1d9fbb412126e12057ef5d0a596c35da67ae427	scripts/check-public.sh	F2
P4	b1d9fbb412126e12057ef5d0a596c35da67ae427	specs/006-public-release-prep/contracts/public-hygiene.md	F2
P4	b69b377a196d691a9f617f08631ec49c4cc867d5	scripts/check-public.sh	F2
P4	b69b377a196d691a9f617f08631ec49c4cc867d5	specs/006-public-release-prep/contracts/public-hygiene.md	F2
P4	b966bf9b392b715d3dd213742bfadaa5694b16d8	README.md	F2
P4	b966bf9b392b715d3dd213742bfadaa5694b16d8	scripts/runpod-deploy.sh	F2
P4	bc6212ec3203a47cdfe91c4517caa850adbb9a61	scripts/check-public.sh	F2
P4	bc6212ec3203a47cdfe91c4517caa850adbb9a61	specs/006-public-release-prep/contracts/public-hygiene.md	F2
P4	bd77ff250fb75f5916cf894f9dc1192e7e2aa153	scripts/check-public.sh	F2
P4	bd77ff250fb75f5916cf894f9dc1192e7e2aa153	specs/006-public-release-prep/contracts/public-hygiene.md	F2
P4	bf67b989e3846ebb511d1aca36c855df7574fdb6	README.md	F2
P4	bf67b989e3846ebb511d1aca36c855df7574fdb6	scripts/runpod-deploy.sh	F2
P4	c00eeda740b58a93654acb2ea6bb997adcf37748	scripts/check-public.sh	F2
P4	c00eeda740b58a93654acb2ea6bb997adcf37748	specs/006-public-release-prep/contracts/public-hygiene.md	F2
P4	c40f61b57b0f3643970d904664fb51e3393e2463	scripts/check-public.sh	F2
P4	c40f61b57b0f3643970d904664fb51e3393e2463	specs/006-public-release-prep/contracts/public-hygiene.md	F2
P4	c9b9065dbec945a65fdbe66d84264e348cf7ca34	README.md	F2
P4	c9b9065dbec945a65fdbe66d84264e348cf7ca34	scripts/runpod-deploy.sh	F2
P4	ca13a454aaec9ba685c4cecda535b1c26446bcc1	README.md	F2
P4	ca13a454aaec9ba685c4cecda535b1c26446bcc1	scripts/runpod-deploy.sh	F2
P4	ca13a454aaec9ba685c4cecda535b1c26446bcc1	specs/006-public-release-prep/contracts/public-hygiene.md	F2
P4	ca13a454aaec9ba685c4cecda535b1c26446bcc1	specs/006-public-release-prep/research.md	F2
P4	cc94165a3528dcb6ef1eaebb4f242e3d814c79b5	scripts/check-public.sh	F2
P4	cc94165a3528dcb6ef1eaebb4f242e3d814c79b5	specs/006-public-release-prep/contracts/public-hygiene.md	F2
P4	d1311d6888bafab6deed9658a6cb395d5d771e0d	scripts/check-public.sh	F2
P4	d1311d6888bafab6deed9658a6cb395d5d771e0d	specs/006-public-release-prep/contracts/public-hygiene.md	F2
P4	d212dcb1f10a953a5032e3e922e65612b92ce437	README.md	F2
P4	d212dcb1f10a953a5032e3e922e65612b92ce437	scripts/runpod-deploy.sh	F2
P4	d3961b558b5504bbce60558c67a210656ba702e5	scripts/check-public.sh	F2
P4	d3961b558b5504bbce60558c67a210656ba702e5	specs/006-public-release-prep/contracts/public-hygiene.md	F2
P4	d57a414d6fb8f3a021aab7015d896c8806a14c40	scripts/check-public.sh	F2
P4	d57a414d6fb8f3a021aab7015d896c8806a14c40	specs/006-public-release-prep/contracts/public-hygiene.md	F2
P4	d694dc9b54513b598fe5204a3dae9d045ab8a810	scripts/check-public.sh	F2
P4	d694dc9b54513b598fe5204a3dae9d045ab8a810	specs/006-public-release-prep/contracts/public-hygiene.md	F2
P4	da42f0dd248360cef20d0f96b29cb4c391129c89	scripts/check-public.sh	F2
P4	da42f0dd248360cef20d0f96b29cb4c391129c89	specs/006-public-release-prep/contracts/public-hygiene.md	F2
P4	dbadbf70eeeae0962d2128c97470f023f307acd3	scripts/check-public.sh	F2
P4	dbadbf70eeeae0962d2128c97470f023f307acd3	specs/006-public-release-prep/contracts/public-hygiene.md	F2
P4	ddc76ce06941cff6b08cbfdae600810c29400824	scripts/check-public.sh	F2
P4	ddc76ce06941cff6b08cbfdae600810c29400824	specs/006-public-release-prep/contracts/public-hygiene.md	F2
P4	de59d3f0b89db21b1d4cc5612a83a5ca0599c03f	scripts/check-public.sh	F2
P4	de59d3f0b89db21b1d4cc5612a83a5ca0599c03f	specs/006-public-release-prep/contracts/public-hygiene.md	F2
P4	defe8270e3e3c61bf59337954c0aa3d596d2c57d	README.md	F2
P4	defe8270e3e3c61bf59337954c0aa3d596d2c57d	scripts/runpod-deploy.sh	F2
P4	dfa3c59167a48ca53461dcbea4e2ca5dead3f8e1	scripts/check-public.sh	F2
P4	dfa3c59167a48ca53461dcbea4e2ca5dead3f8e1	specs/006-public-release-prep/contracts/public-hygiene.md	F2
P4	e2dbb6553473b25c59381dc92652ca41d41b7966	README.md	F2
P4	e2dbb6553473b25c59381dc92652ca41d41b7966	scripts/runpod-deploy.sh	F2
P4	e6341c95f1b881d43ce5aba6545d55911f1e6737	scripts/check-public.sh	F2
P4	e6341c95f1b881d43ce5aba6545d55911f1e6737	specs/006-public-release-prep/contracts/public-hygiene.md	F2
P4	e7831eb57278a20a477fdefa79210f9c4873cba7	scripts/check-public.sh	F2
P4	e7831eb57278a20a477fdefa79210f9c4873cba7	specs/006-public-release-prep/contracts/public-hygiene.md	F2
P4	e9f4f0843e50c5cb17a295eb419941d009a1f520	README.md	F2
P4	e9f4f0843e50c5cb17a295eb419941d009a1f520	scripts/runpod-deploy.sh	F2
P4	ea91e862b7d1b3f8d7ab63a568e56be86e4c9b8f	README.md	F2
P4	ea91e862b7d1b3f8d7ab63a568e56be86e4c9b8f	scripts/runpod-deploy.sh	F2
P4	eb765c23eb72f8e9e10a3a937c2f3dcbd72fb039	scripts/check-public.sh	F2
P4	eb765c23eb72f8e9e10a3a937c2f3dcbd72fb039	specs/006-public-release-prep/contracts/public-hygiene.md	F2
P4	eb9391e23bf32a85c3b6a2f2cbdc3c1a280c62f4	README.md	F2
P4	eb9391e23bf32a85c3b6a2f2cbdc3c1a280c62f4	scripts/runpod-deploy.sh	F2
P4	f02f2f199ecfa9ddc8395f8f069aafcf22bd016a	scripts/check-public.sh	F2
P4	f02f2f199ecfa9ddc8395f8f069aafcf22bd016a	specs/006-public-release-prep/contracts/public-hygiene.md	F2
P4	f32dd04d1316db33c6329522fbac929aaeceb9b3	scripts/check-public.sh	F2
P4	f32dd04d1316db33c6329522fbac929aaeceb9b3	specs/006-public-release-prep/contracts/public-hygiene.md	F2
P10	01250943e893679895f9077b06e56dd18ece81f6	scripts/check-public.sh	F3
P10	01250943e893679895f9077b06e56dd18ece81f6	specs/006-public-release-prep/contracts/public-hygiene.md	F3
P10	030f3632f869da2776e2c8be515631dc7ee9e81a	specs/001-replicate-mannheim-tree-cover/checklists/requirements.md	F3
P10	030f3632f869da2776e2c8be515631dc7ee9e81a	specs/001-replicate-mannheim-tree-cover/plan.md	F3
P10	030f3632f869da2776e2c8be515631dc7ee9e81a	specs/002-fix-building-popup/checklists/requirements.md	F3
P10	030f3632f869da2776e2c8be515631dc7ee9e81a	specs/002-fix-building-popup/plan.md	F3
P10	030f3632f869da2776e2c8be515631dc7ee9e81a	specs/003-darken-base-map/checklists/requirements.md	F3
P10	030f3632f869da2776e2c8be515631dc7ee9e81a	specs/003-darken-base-map/plan.md	F3
P10	030f3632f869da2776e2c8be515631dc7ee9e81a	specs/004-map-ui-brightness-legend/checklists/requirements.md	F3
P10	030f3632f869da2776e2c8be515631dc7ee9e81a	specs/004-map-ui-brightness-legend/plan.md	F3
P10	030f3632f869da2776e2c8be515631dc7ee9e81a	specs/005-host-on-personal-domain/plan.md	F3
P10	030fa92bac3e38a918b80c9d5eb58b450a5056a9	scripts/check-public.sh	F3
P10	030fa92bac3e38a918b80c9d5eb58b450a5056a9	specs/006-public-release-prep/contracts/public-hygiene.md	F3
P10	04cce8d4a7748a839ca4ea3e80d48f5e4624243e	scripts/check-public.sh	F3
P10	04cce8d4a7748a839ca4ea3e80d48f5e4624243e	specs/006-public-release-prep/contracts/public-hygiene.md	F3
P10	072fdc3810a4951d1b2037f33ef982a41e86fb02	specs/001-replicate-mannheim-tree-cover/checklists/requirements.md	F3
P10	072fdc3810a4951d1b2037f33ef982a41e86fb02	specs/001-replicate-mannheim-tree-cover/plan.md	F3
P10	072fdc3810a4951d1b2037f33ef982a41e86fb02	specs/002-fix-building-popup/checklists/requirements.md	F3
P10	072fdc3810a4951d1b2037f33ef982a41e86fb02	specs/002-fix-building-popup/plan.md	F3
P10	078263b665d0e1425fa062ffad2c49be2a0865bd	specs/001-replicate-mannheim-tree-cover/checklists/requirements.md	F3
P10	078263b665d0e1425fa062ffad2c49be2a0865bd	specs/001-replicate-mannheim-tree-cover/plan.md	F3
P10	078263b665d0e1425fa062ffad2c49be2a0865bd	specs/002-fix-building-popup/checklists/requirements.md	F3
P10	078263b665d0e1425fa062ffad2c49be2a0865bd	specs/002-fix-building-popup/plan.md	F3
P10	078263b665d0e1425fa062ffad2c49be2a0865bd	specs/003-darken-base-map/checklists/requirements.md	F3
P10	078263b665d0e1425fa062ffad2c49be2a0865bd	specs/003-darken-base-map/plan.md	F3
P10	0a37918ecbc51121a9e07e2b013d5abff5ca0e07	specs/001-replicate-mannheim-tree-cover/checklists/requirements.md	F3
P10	0a37918ecbc51121a9e07e2b013d5abff5ca0e07	specs/001-replicate-mannheim-tree-cover/plan.md	F3
P10	0a37918ecbc51121a9e07e2b013d5abff5ca0e07	specs/002-fix-building-popup/checklists/requirements.md	F3
P10	0a37918ecbc51121a9e07e2b013d5abff5ca0e07	specs/002-fix-building-popup/plan.md	F3
P10	0a37918ecbc51121a9e07e2b013d5abff5ca0e07	specs/003-darken-base-map/checklists/requirements.md	F3
P10	0a37918ecbc51121a9e07e2b013d5abff5ca0e07	specs/003-darken-base-map/plan.md	F3
P10	0a37918ecbc51121a9e07e2b013d5abff5ca0e07	specs/004-map-ui-brightness-legend/checklists/requirements.md	F3
P10	0a37918ecbc51121a9e07e2b013d5abff5ca0e07	specs/004-map-ui-brightness-legend/plan.md	F3
P10	0c55a5ed12827175dca7d55052523195ad826193	specs/001-replicate-mannheim-tree-cover/checklists/requirements.md	F3
P10	0c55a5ed12827175dca7d55052523195ad826193	specs/001-replicate-mannheim-tree-cover/plan.md	F3
P10	0f0a9fb2dbaf42f5e0edfd9b6c34cf2eb794e2af	specs/001-replicate-mannheim-tree-cover/checklists/requirements.md	F3
P10	0f0a9fb2dbaf42f5e0edfd9b6c34cf2eb794e2af	specs/001-replicate-mannheim-tree-cover/plan.md	F3
P10	14b6a6545c3ddae98e97a7851eab009261d725ed	specs/001-replicate-mannheim-tree-cover/checklists/requirements.md	F3
P10	14b6a6545c3ddae98e97a7851eab009261d725ed	specs/001-replicate-mannheim-tree-cover/plan.md	F3
P10	14b6a6545c3ddae98e97a7851eab009261d725ed	specs/002-fix-building-popup/checklists/requirements.md	F3
P10	14b6a6545c3ddae98e97a7851eab009261d725ed	specs/002-fix-building-popup/plan.md	F3
P10	14b6a6545c3ddae98e97a7851eab009261d725ed	specs/003-darken-base-map/checklists/requirements.md	F3
P10	14b6a6545c3ddae98e97a7851eab009261d725ed	specs/003-darken-base-map/plan.md	F3
P10	14b6a6545c3ddae98e97a7851eab009261d725ed	specs/004-map-ui-brightness-legend/checklists/requirements.md	F3
P10	14b6a6545c3ddae98e97a7851eab009261d725ed	specs/004-map-ui-brightness-legend/plan.md	F3
P10	14b6a6545c3ddae98e97a7851eab009261d725ed	specs/005-host-on-personal-domain/plan.md	F3
P10	150453ba11d0bddcaa4bd6ed2386183fa22c0669	specs/001-replicate-mannheim-tree-cover/checklists/requirements.md	F3
P10	150453ba11d0bddcaa4bd6ed2386183fa22c0669	specs/001-replicate-mannheim-tree-cover/plan.md	F3
P10	150453ba11d0bddcaa4bd6ed2386183fa22c0669	specs/002-fix-building-popup/checklists/requirements.md	F3
P10	150453ba11d0bddcaa4bd6ed2386183fa22c0669	specs/002-fix-building-popup/plan.md	F3
P10	150453ba11d0bddcaa4bd6ed2386183fa22c0669	specs/003-darken-base-map/checklists/requirements.md	F3
P10	150453ba11d0bddcaa4bd6ed2386183fa22c0669	specs/003-darken-base-map/plan.md	F3
P10	150453ba11d0bddcaa4bd6ed2386183fa22c0669	specs/004-map-ui-brightness-legend/checklists/requirements.md	F3
P10	150453ba11d0bddcaa4bd6ed2386183fa22c0669	specs/004-map-ui-brightness-legend/plan.md	F3
P10	150453ba11d0bddcaa4bd6ed2386183fa22c0669	specs/005-host-on-personal-domain/plan.md	F3
P10	1a1f2a483197d5932c612399fac787e18dfa02c7	scripts/check-public.sh	F3
P10	1a1f2a483197d5932c612399fac787e18dfa02c7	specs/006-public-release-prep/contracts/public-hygiene.md	F3
P10	1a1f2a483197d5932c612399fac787e18dfa02c7	specs/008-verify-tree-detection/checklists/requirements.md	F3
P10	1a1f2a483197d5932c612399fac787e18dfa02c7	specs/008-verify-tree-detection/contracts/README.md	F3
P10	1a1f2a483197d5932c612399fac787e18dfa02c7	specs/008-verify-tree-detection/plan.md	F3
P10	1a1f2a483197d5932c612399fac787e18dfa02c7	specs/009-calibrate-canopy-threshold/checklists/requirements.md	F3
P10	1a1f2a483197d5932c612399fac787e18dfa02c7	specs/009-calibrate-canopy-threshold/plan.md	F3
P10	1b7ba3c7e04fdeb9e4e8db99a6364f4c9b2f5953	specs/001-replicate-mannheim-tree-cover/checklists/requirements.md	F3
P10	1b7ba3c7e04fdeb9e4e8db99a6364f4c9b2f5953	specs/001-replicate-mannheim-tree-cover/plan.md	F3
P10	2219f425324dab473e895fdb3597083c4821baf8	scripts/check-public.sh	F3
P10	2219f425324dab473e895fdb3597083c4821baf8	specs/006-public-release-prep/contracts/public-hygiene.md	F3
P10	2df934c1da2c99ac93d84db174ae505af9861e45	specs/001-replicate-mannheim-tree-cover/checklists/requirements.md	F3
P10	2df934c1da2c99ac93d84db174ae505af9861e45	specs/001-replicate-mannheim-tree-cover/plan.md	F3
P10	2df934c1da2c99ac93d84db174ae505af9861e45	specs/002-fix-building-popup/checklists/requirements.md	F3
P10	2df934c1da2c99ac93d84db174ae505af9861e45	specs/002-fix-building-popup/plan.md	F3
P10	2df934c1da2c99ac93d84db174ae505af9861e45	specs/003-darken-base-map/checklists/requirements.md	F3
P10	2df934c1da2c99ac93d84db174ae505af9861e45	specs/003-darken-base-map/plan.md	F3
P10	2df934c1da2c99ac93d84db174ae505af9861e45	specs/004-map-ui-brightness-legend/checklists/requirements.md	F3
P10	2df934c1da2c99ac93d84db174ae505af9861e45	specs/004-map-ui-brightness-legend/plan.md	F3
P10	2df934c1da2c99ac93d84db174ae505af9861e45	specs/005-host-on-personal-domain/plan.md	F3
P10	3140f3f79bd6e02feb6a3f090681dbd211936767	scripts/check-public.sh	F3
P10	3140f3f79bd6e02feb6a3f090681dbd211936767	specs/006-public-release-prep/contracts/public-hygiene.md	F3
P10	318380c133e1e9914352cfeba38797ba706dd60e	scripts/check-public.sh	F3
P10	318380c133e1e9914352cfeba38797ba706dd60e	specs/006-public-release-prep/contracts/public-hygiene.md	F3
P10	318380c133e1e9914352cfeba38797ba706dd60e	specs/011-heatwave-map-insights/checklists/requirements.md	F3
P10	318380c133e1e9914352cfeba38797ba706dd60e	specs/011-heatwave-map-insights/plan.md	F3
P10	3221dd965741844712e8868187d9104050b98a3a	scripts/check-public.sh	F3
P10	3221dd965741844712e8868187d9104050b98a3a	specs/006-public-release-prep/contracts/public-hygiene.md	F3
P10	3221dd965741844712e8868187d9104050b98a3a	specs/011-heatwave-map-insights/checklists/requirements.md	F3
P10	3221dd965741844712e8868187d9104050b98a3a	specs/011-heatwave-map-insights/plan.md	F3
P10	3221dd965741844712e8868187d9104050b98a3a	specs/012-mobile-native-ux/checklists/requirements.md	F3
P10	3221dd965741844712e8868187d9104050b98a3a	specs/012-mobile-native-ux/plan.md	F3
P10	3221dd965741844712e8868187d9104050b98a3a	specs/012-mobile-native-ux/tasks.md	F3
P10	3221dd965741844712e8868187d9104050b98a3a	specs/013-popup-comparative-context/checklists/requirements.md	F3
P10	3221dd965741844712e8868187d9104050b98a3a	specs/013-popup-comparative-context/plan.md	F3
P10	3221dd965741844712e8868187d9104050b98a3a	specs/013-popup-comparative-context/tasks.md	F3
P10	32f3cb53c346aff32bfeea10e5db49026f60abec	scripts/check-public.sh	F3
P10	32f3cb53c346aff32bfeea10e5db49026f60abec	specs/006-public-release-prep/contracts/public-hygiene.md	F3
P10	4392d13b7560d57a779f436832f96fde53cab6f9	scripts/check-public.sh	F3
P10	4392d13b7560d57a779f436832f96fde53cab6f9	specs/006-public-release-prep/contracts/public-hygiene.md	F3
P10	46020a9418833bda35da788ca7a2e50306f1451f	specs/001-replicate-mannheim-tree-cover/checklists/requirements.md	F3
P10	46020a9418833bda35da788ca7a2e50306f1451f	specs/001-replicate-mannheim-tree-cover/plan.md	F3
P10	46495495e4715485f6ff503c29e4eb95b2293ff1	scripts/check-public.sh	F3
P10	46495495e4715485f6ff503c29e4eb95b2293ff1	specs/006-public-release-prep/contracts/public-hygiene.md	F3
P10	4788271710f3559e017b72568056da4fe1981c7b	specs/001-replicate-mannheim-tree-cover/checklists/requirements.md	F3
P10	4788271710f3559e017b72568056da4fe1981c7b	specs/001-replicate-mannheim-tree-cover/plan.md	F3
P10	4788271710f3559e017b72568056da4fe1981c7b	specs/002-fix-building-popup/checklists/requirements.md	F3
P10	4788271710f3559e017b72568056da4fe1981c7b	specs/002-fix-building-popup/plan.md	F3
P10	4788271710f3559e017b72568056da4fe1981c7b	specs/003-darken-base-map/checklists/requirements.md	F3
P10	4788271710f3559e017b72568056da4fe1981c7b	specs/003-darken-base-map/plan.md	F3
P10	4788271710f3559e017b72568056da4fe1981c7b	specs/004-map-ui-brightness-legend/checklists/requirements.md	F3
P10	4788271710f3559e017b72568056da4fe1981c7b	specs/004-map-ui-brightness-legend/plan.md	F3
P10	4788271710f3559e017b72568056da4fe1981c7b	specs/005-host-on-personal-domain/plan.md	F3
P10	4b4c614de3131ff9256a05d53b349126a1a2af69	specs/001-replicate-mannheim-tree-cover/checklists/requirements.md	F3
P10	4b4c614de3131ff9256a05d53b349126a1a2af69	specs/001-replicate-mannheim-tree-cover/plan.md	F3
P10	4e9ae7ce2ec3f45448b0ea4bfb04c03872b2c00f	specs/001-replicate-mannheim-tree-cover/checklists/requirements.md	F3
P10	4e9ae7ce2ec3f45448b0ea4bfb04c03872b2c00f	specs/001-replicate-mannheim-tree-cover/plan.md	F3
P10	4e9ae7ce2ec3f45448b0ea4bfb04c03872b2c00f	specs/002-fix-building-popup/checklists/requirements.md	F3
P10	4e9ae7ce2ec3f45448b0ea4bfb04c03872b2c00f	specs/002-fix-building-popup/plan.md	F3
P10	53a61352f9726f04fc95bafe4d0c8bff0dd21f20	specs/001-replicate-mannheim-tree-cover/checklists/requirements.md	F3
P10	53a61352f9726f04fc95bafe4d0c8bff0dd21f20	specs/001-replicate-mannheim-tree-cover/plan.md	F3
P10	53a61352f9726f04fc95bafe4d0c8bff0dd21f20	specs/002-fix-building-popup/checklists/requirements.md	F3
P10	53a61352f9726f04fc95bafe4d0c8bff0dd21f20	specs/002-fix-building-popup/plan.md	F3
P10	55d25670a4eb091606982f6c10402cfef1ff4d31	specs/001-replicate-mannheim-tree-cover/checklists/requirements.md	F3
P10	55d25670a4eb091606982f6c10402cfef1ff4d31	specs/001-replicate-mannheim-tree-cover/plan.md	F3
P10	55d25670a4eb091606982f6c10402cfef1ff4d31	specs/002-fix-building-popup/checklists/requirements.md	F3
P10	55d25670a4eb091606982f6c10402cfef1ff4d31	specs/002-fix-building-popup/plan.md	F3
P10	55d25670a4eb091606982f6c10402cfef1ff4d31	specs/003-darken-base-map/checklists/requirements.md	F3
P10	55d25670a4eb091606982f6c10402cfef1ff4d31	specs/003-darken-base-map/plan.md	F3
P10	55d25670a4eb091606982f6c10402cfef1ff4d31	specs/004-map-ui-brightness-legend/checklists/requirements.md	F3
P10	55d25670a4eb091606982f6c10402cfef1ff4d31	specs/004-map-ui-brightness-legend/plan.md	F3
P10	55d25670a4eb091606982f6c10402cfef1ff4d31	specs/005-host-on-personal-domain/plan.md	F3
P10	586e9270671a2a026edfd110fde761d9a27c3717	scripts/check-public.sh	F3
P10	586e9270671a2a026edfd110fde761d9a27c3717	specs/006-public-release-prep/contracts/public-hygiene.md	F3
P10	5c4885b12e2e4ee1dd53c1202ae0ce29fde2dfc0	scripts/check-public.sh	F3
P10	5c4885b12e2e4ee1dd53c1202ae0ce29fde2dfc0	specs/006-public-release-prep/contracts/public-hygiene.md	F3
P10	5dd00ab56c32dde7e95d9d9163573893ab9ba962	specs/001-replicate-mannheim-tree-cover/checklists/requirements.md	F3
P10	5dd00ab56c32dde7e95d9d9163573893ab9ba962	specs/001-replicate-mannheim-tree-cover/plan.md	F3
P10	5f1c73637bb8caab8dfeb74f98adecf486ecfffc	scripts/check-public.sh	F3
P10	5f1c73637bb8caab8dfeb74f98adecf486ecfffc	specs/006-public-release-prep/contracts/public-hygiene.md	F3
P10	5f1c73637bb8caab8dfeb74f98adecf486ecfffc	specs/008-verify-tree-detection/checklists/requirements.md	F3
P10	5f1c73637bb8caab8dfeb74f98adecf486ecfffc	specs/008-verify-tree-detection/contracts/README.md	F3
P10	5f1c73637bb8caab8dfeb74f98adecf486ecfffc	specs/008-verify-tree-detection/plan.md	F3
P10	5fea58cecfd2ce998006fa62bbcc7817fc4ed9f9	scripts/check-public.sh	F3
P10	5fea58cecfd2ce998006fa62bbcc7817fc4ed9f9	specs/006-public-release-prep/contracts/public-hygiene.md	F3
P10	6c356a2fb82d5aca5cbaba03607e5e92564dbe24	scripts/check-public.sh	F3
P10	6c356a2fb82d5aca5cbaba03607e5e92564dbe24	specs/006-public-release-prep/contracts/public-hygiene.md	F3
P10	6c356a2fb82d5aca5cbaba03607e5e92564dbe24	specs/008-verify-tree-detection/checklists/requirements.md	F3
P10	6cd4c28c5e338175733fc731c0041a2bf5b9d2b0	specs/001-replicate-mannheim-tree-cover/checklists/requirements.md	F3
P10	6cd4c28c5e338175733fc731c0041a2bf5b9d2b0	specs/001-replicate-mannheim-tree-cover/plan.md	F3
P10	6de34dda83483e93288385a6d2acbc05aa5b860b	scripts/check-public.sh	F3
P10	6de34dda83483e93288385a6d2acbc05aa5b860b	specs/006-public-release-prep/contracts/public-hygiene.md	F3
P10	6de34dda83483e93288385a6d2acbc05aa5b860b	specs/008-verify-tree-detection/checklists/requirements.md	F3
P10	6de34dda83483e93288385a6d2acbc05aa5b860b	specs/008-verify-tree-detection/contracts/README.md	F3
P10	6de34dda83483e93288385a6d2acbc05aa5b860b	specs/008-verify-tree-detection/plan.md	F3
P10	6de34dda83483e93288385a6d2acbc05aa5b860b	specs/009-calibrate-canopy-threshold/checklists/requirements.md	F3
P10	6de34dda83483e93288385a6d2acbc05aa5b860b	specs/009-calibrate-canopy-threshold/plan.md	F3
P10	73d6c5d6a793e4241938c9964b2d75b67ec67a72	scripts/check-public.sh	F3
P10	73d6c5d6a793e4241938c9964b2d75b67ec67a72	specs/006-public-release-prep/contracts/public-hygiene.md	F3
P10	73d6c5d6a793e4241938c9964b2d75b67ec67a72	specs/011-heatwave-map-insights/checklists/requirements.md	F3
P10	73d6c5d6a793e4241938c9964b2d75b67ec67a72	specs/011-heatwave-map-insights/plan.md	F3
P10	73d6c5d6a793e4241938c9964b2d75b67ec67a72	specs/012-mobile-native-ux/checklists/requirements.md	F3
P10	73d6c5d6a793e4241938c9964b2d75b67ec67a72	specs/012-mobile-native-ux/plan.md	F3
P10	73d6c5d6a793e4241938c9964b2d75b67ec67a72	specs/012-mobile-native-ux/tasks.md	F3
P10	77c9a97176eb534cf2c6d77adde23b87c63f3252	specs/001-replicate-mannheim-tree-cover/checklists/requirements.md	F3
P10	77c9a97176eb534cf2c6d77adde23b87c63f3252	specs/001-replicate-mannheim-tree-cover/plan.md	F3
P10	7b6f77bd257fc87429da3976e427731bcc604b60	scripts/check-public.sh	F3
P10	7b6f77bd257fc87429da3976e427731bcc604b60	specs/006-public-release-prep/contracts/public-hygiene.md	F3
P10	7b6f77bd257fc87429da3976e427731bcc604b60	specs/008-verify-tree-detection/checklists/requirements.md	F3
P10	7b6f77bd257fc87429da3976e427731bcc604b60	specs/008-verify-tree-detection/contracts/README.md	F3
P10	7b6f77bd257fc87429da3976e427731bcc604b60	specs/008-verify-tree-detection/plan.md	F3
P10	806327a60f8e89c5bd7d9aaa3fcf246a2137e4d9	scripts/check-public.sh	F3
P10	806327a60f8e89c5bd7d9aaa3fcf246a2137e4d9	specs/006-public-release-prep/contracts/public-hygiene.md	F3
P10	806327a60f8e89c5bd7d9aaa3fcf246a2137e4d9	specs/011-heatwave-map-insights/checklists/requirements.md	F3
P10	806327a60f8e89c5bd7d9aaa3fcf246a2137e4d9	specs/011-heatwave-map-insights/plan.md	F3
P10	806327a60f8e89c5bd7d9aaa3fcf246a2137e4d9	specs/012-mobile-native-ux/checklists/requirements.md	F3
P10	806327a60f8e89c5bd7d9aaa3fcf246a2137e4d9	specs/012-mobile-native-ux/plan.md	F3
P10	806327a60f8e89c5bd7d9aaa3fcf246a2137e4d9	specs/012-mobile-native-ux/tasks.md	F3
P10	810bd6fb2cbf702b300f549d449ad19555e24ca9	specs/001-replicate-mannheim-tree-cover/checklists/requirements.md	F3
P10	810bd6fb2cbf702b300f549d449ad19555e24ca9	specs/001-replicate-mannheim-tree-cover/plan.md	F3
P10	810bd6fb2cbf702b300f549d449ad19555e24ca9	specs/002-fix-building-popup/checklists/requirements.md	F3
P10	810bd6fb2cbf702b300f549d449ad19555e24ca9	specs/002-fix-building-popup/plan.md	F3
P10	830ed65d8b4a7cd23846f5c5c261da2065b6a3a4	specs/001-replicate-mannheim-tree-cover/checklists/requirements.md	F3
P10	830ed65d8b4a7cd23846f5c5c261da2065b6a3a4	specs/001-replicate-mannheim-tree-cover/plan.md	F3
P10	830ed65d8b4a7cd23846f5c5c261da2065b6a3a4	specs/002-fix-building-popup/checklists/requirements.md	F3
P10	830ed65d8b4a7cd23846f5c5c261da2065b6a3a4	specs/002-fix-building-popup/plan.md	F3
P10	830ed65d8b4a7cd23846f5c5c261da2065b6a3a4	specs/003-darken-base-map/checklists/requirements.md	F3
P10	830ed65d8b4a7cd23846f5c5c261da2065b6a3a4	specs/003-darken-base-map/plan.md	F3
P10	84f8223113d6ca8d678c57f27619be241a703959	specs/001-replicate-mannheim-tree-cover/checklists/requirements.md	F3
P10	84f8223113d6ca8d678c57f27619be241a703959	specs/001-replicate-mannheim-tree-cover/plan.md	F3
P10	8508bacd184acdd3342e5d82114c294a22eb6336	scripts/check-public.sh	F3
P10	8508bacd184acdd3342e5d82114c294a22eb6336	specs/006-public-release-prep/contracts/public-hygiene.md	F3
P10	89e2c1520ad0927fd99bf73ef5d71683b3abd2f3	scripts/check-public.sh	F3
P10	89e2c1520ad0927fd99bf73ef5d71683b3abd2f3	specs/006-public-release-prep/contracts/public-hygiene.md	F3
P10	8d7deecf5759e64fb54b4695c2ceeeaf3c174591	scripts/check-public.sh	F3
P10	8d7deecf5759e64fb54b4695c2ceeeaf3c174591	specs/006-public-release-prep/contracts/public-hygiene.md	F3
P10	90257c2e6a5ebf284a0fc4b347acd36d6e09fe7a	scripts/check-public.sh	F3
P10	90257c2e6a5ebf284a0fc4b347acd36d6e09fe7a	specs/006-public-release-prep/contracts/public-hygiene.md	F3
P10	90ae6167b51c79122075729c8cae2e42ac2dd199	specs/001-replicate-mannheim-tree-cover/checklists/requirements.md	F3
P10	90ae6167b51c79122075729c8cae2e42ac2dd199	specs/001-replicate-mannheim-tree-cover/plan.md	F3
P10	9401e0255f321d84189a8394d197df1d585b4b37	specs/001-replicate-mannheim-tree-cover/checklists/requirements.md	F3
P10	994cbdffd5e3551a5fe2b957674243dfc3093a98	scripts/check-public.sh	F3
P10	994cbdffd5e3551a5fe2b957674243dfc3093a98	specs/006-public-release-prep/contracts/public-hygiene.md	F3
P10	994cbdffd5e3551a5fe2b957674243dfc3093a98	specs/011-heatwave-map-insights/checklists/requirements.md	F3
P10	994cbdffd5e3551a5fe2b957674243dfc3093a98	specs/011-heatwave-map-insights/plan.md	F3
P10	994cbdffd5e3551a5fe2b957674243dfc3093a98	specs/012-mobile-native-ux/checklists/requirements.md	F3
P10	994cbdffd5e3551a5fe2b957674243dfc3093a98	specs/012-mobile-native-ux/plan.md	F3
P10	994cbdffd5e3551a5fe2b957674243dfc3093a98	specs/012-mobile-native-ux/tasks.md	F3
P10	994cbdffd5e3551a5fe2b957674243dfc3093a98	specs/013-popup-comparative-context/checklists/requirements.md	F3
P10	994cbdffd5e3551a5fe2b957674243dfc3093a98	specs/013-popup-comparative-context/plan.md	F3
P10	994cbdffd5e3551a5fe2b957674243dfc3093a98	specs/013-popup-comparative-context/tasks.md	F3
P10	9a00fcdf93997f8f27470263ad01f4772e8900ec	specs/001-replicate-mannheim-tree-cover/checklists/requirements.md	F3
P10	9a00fcdf93997f8f27470263ad01f4772e8900ec	specs/001-replicate-mannheim-tree-cover/plan.md	F3
P10	9a00fcdf93997f8f27470263ad01f4772e8900ec	specs/002-fix-building-popup/checklists/requirements.md	F3
P10	9a00fcdf93997f8f27470263ad01f4772e8900ec	specs/002-fix-building-popup/plan.md	F3
P10	9a00fcdf93997f8f27470263ad01f4772e8900ec	specs/003-darken-base-map/checklists/requirements.md	F3
P10	9a00fcdf93997f8f27470263ad01f4772e8900ec	specs/003-darken-base-map/plan.md	F3
P10	9a00fcdf93997f8f27470263ad01f4772e8900ec	specs/004-map-ui-brightness-legend/checklists/requirements.md	F3
P10	9a00fcdf93997f8f27470263ad01f4772e8900ec	specs/004-map-ui-brightness-legend/plan.md	F3
P10	9a024981fba421797670d74cfe9d6a90a3d09623	specs/001-replicate-mannheim-tree-cover/checklists/requirements.md	F3
P10	9a024981fba421797670d74cfe9d6a90a3d09623	specs/001-replicate-mannheim-tree-cover/plan.md	F3
P10	9ba0496c8f22d3228edac1e43e42844c91bf564b	scripts/check-public.sh	F3
P10	9ba0496c8f22d3228edac1e43e42844c91bf564b	specs/006-public-release-prep/contracts/public-hygiene.md	F3
P10	9ce873273538517c9d136cd532ae2b1687152828	scripts/check-public.sh	F3
P10	9ce873273538517c9d136cd532ae2b1687152828	specs/006-public-release-prep/contracts/public-hygiene.md	F3
P10	9ce873273538517c9d136cd532ae2b1687152828	specs/011-heatwave-map-insights/checklists/requirements.md	F3
P10	9ce873273538517c9d136cd532ae2b1687152828	specs/011-heatwave-map-insights/plan.md	F3
P10	9f5b696911d18da4e11ccdbdd2699c8895891eea	specs/001-replicate-mannheim-tree-cover/checklists/requirements.md	F3
P10	9f5b696911d18da4e11ccdbdd2699c8895891eea	specs/001-replicate-mannheim-tree-cover/plan.md	F3
P10	a0900f103a2ab171e7294265b1242f3c69890f06	scripts/check-public.sh	F3
P10	a0900f103a2ab171e7294265b1242f3c69890f06	specs/006-public-release-prep/contracts/public-hygiene.md	F3
P10	a4f2c39ecfdf95c2650cbd84aa9ac5ca5a4981eb	specs/001-replicate-mannheim-tree-cover/checklists/requirements.md	F3
P10	a4f2c39ecfdf95c2650cbd84aa9ac5ca5a4981eb	specs/001-replicate-mannheim-tree-cover/plan.md	F3
P10	a7bf3b91ec8ef6d213f92a43cfcf8f0aedef018a	scripts/check-public.sh	F3
P10	a7bf3b91ec8ef6d213f92a43cfcf8f0aedef018a	specs/006-public-release-prep/contracts/public-hygiene.md	F3
P10	b03deba37eb75edb12188052429c8ccaad6e7354	scripts/check-public.sh	F3
P10	b03deba37eb75edb12188052429c8ccaad6e7354	specs/006-public-release-prep/contracts/public-hygiene.md	F3
P10	b1d9fbb412126e12057ef5d0a596c35da67ae427	scripts/check-public.sh	F3
P10	b1d9fbb412126e12057ef5d0a596c35da67ae427	specs/006-public-release-prep/contracts/public-hygiene.md	F3
P10	b69b377a196d691a9f617f08631ec49c4cc867d5	scripts/check-public.sh	F3
P10	b69b377a196d691a9f617f08631ec49c4cc867d5	specs/006-public-release-prep/contracts/public-hygiene.md	F3
P10	b69b377a196d691a9f617f08631ec49c4cc867d5	specs/008-verify-tree-detection/checklists/requirements.md	F3
P10	b69b377a196d691a9f617f08631ec49c4cc867d5	specs/008-verify-tree-detection/contracts/README.md	F3
P10	b69b377a196d691a9f617f08631ec49c4cc867d5	specs/008-verify-tree-detection/plan.md	F3
P10	b966bf9b392b715d3dd213742bfadaa5694b16d8	specs/001-replicate-mannheim-tree-cover/checklists/requirements.md	F3
P10	b966bf9b392b715d3dd213742bfadaa5694b16d8	specs/001-replicate-mannheim-tree-cover/plan.md	F3
P10	bc6212ec3203a47cdfe91c4517caa850adbb9a61	scripts/check-public.sh	F3
P10	bc6212ec3203a47cdfe91c4517caa850adbb9a61	specs/006-public-release-prep/contracts/public-hygiene.md	F3
P10	bd77ff250fb75f5916cf894f9dc1192e7e2aa153	scripts/check-public.sh	F3
P10	bd77ff250fb75f5916cf894f9dc1192e7e2aa153	specs/006-public-release-prep/contracts/public-hygiene.md	F3
P10	bf67b989e3846ebb511d1aca36c855df7574fdb6	specs/001-replicate-mannheim-tree-cover/checklists/requirements.md	F3
P10	bf67b989e3846ebb511d1aca36c855df7574fdb6	specs/001-replicate-mannheim-tree-cover/plan.md	F3
P10	c00eeda740b58a93654acb2ea6bb997adcf37748	scripts/check-public.sh	F3
P10	c00eeda740b58a93654acb2ea6bb997adcf37748	specs/006-public-release-prep/contracts/public-hygiene.md	F3
P10	c40f61b57b0f3643970d904664fb51e3393e2463	scripts/check-public.sh	F3
P10	c40f61b57b0f3643970d904664fb51e3393e2463	specs/006-public-release-prep/contracts/public-hygiene.md	F3
P10	c40f61b57b0f3643970d904664fb51e3393e2463	specs/011-heatwave-map-insights/checklists/requirements.md	F3
P10	c40f61b57b0f3643970d904664fb51e3393e2463	specs/011-heatwave-map-insights/plan.md	F3
P10	c40f61b57b0f3643970d904664fb51e3393e2463	specs/012-mobile-native-ux/checklists/requirements.md	F3
P10	c40f61b57b0f3643970d904664fb51e3393e2463	specs/012-mobile-native-ux/plan.md	F3
P10	c40f61b57b0f3643970d904664fb51e3393e2463	specs/012-mobile-native-ux/tasks.md	F3
P10	c9b9065dbec945a65fdbe66d84264e348cf7ca34	specs/001-replicate-mannheim-tree-cover/checklists/requirements.md	F3
P10	c9b9065dbec945a65fdbe66d84264e348cf7ca34	specs/001-replicate-mannheim-tree-cover/plan.md	F3
P10	c9b9065dbec945a65fdbe66d84264e348cf7ca34	specs/002-fix-building-popup/checklists/requirements.md	F3
P10	c9b9065dbec945a65fdbe66d84264e348cf7ca34	specs/002-fix-building-popup/plan.md	F3
P10	ca13a454aaec9ba685c4cecda535b1c26446bcc1	specs/001-replicate-mannheim-tree-cover/checklists/requirements.md	F3
P10	ca13a454aaec9ba685c4cecda535b1c26446bcc1	specs/001-replicate-mannheim-tree-cover/plan.md	F3
P10	ca13a454aaec9ba685c4cecda535b1c26446bcc1	specs/002-fix-building-popup/checklists/requirements.md	F3
P10	ca13a454aaec9ba685c4cecda535b1c26446bcc1	specs/002-fix-building-popup/plan.md	F3
P10	ca13a454aaec9ba685c4cecda535b1c26446bcc1	specs/003-darken-base-map/checklists/requirements.md	F3
P10	ca13a454aaec9ba685c4cecda535b1c26446bcc1	specs/003-darken-base-map/plan.md	F3
P10	ca13a454aaec9ba685c4cecda535b1c26446bcc1	specs/004-map-ui-brightness-legend/checklists/requirements.md	F3
P10	ca13a454aaec9ba685c4cecda535b1c26446bcc1	specs/004-map-ui-brightness-legend/plan.md	F3
P10	ca13a454aaec9ba685c4cecda535b1c26446bcc1	specs/005-host-on-personal-domain/plan.md	F3
P10	ca13a454aaec9ba685c4cecda535b1c26446bcc1	specs/006-public-release-prep/checklists/requirements.md	F3
P10	ca13a454aaec9ba685c4cecda535b1c26446bcc1	specs/006-public-release-prep/contracts/public-hygiene.md	F3
P10	ca13a454aaec9ba685c4cecda535b1c26446bcc1	specs/006-public-release-prep/contracts/readme.md	F3
P10	ca13a454aaec9ba685c4cecda535b1c26446bcc1	specs/006-public-release-prep/plan.md	F3
P10	ca13a454aaec9ba685c4cecda535b1c26446bcc1	specs/006-public-release-prep/research.md	F3
P10	ca13a454aaec9ba685c4cecda535b1c26446bcc1	specs/006-public-release-prep/tasks.md	F3
P10	cc94165a3528dcb6ef1eaebb4f242e3d814c79b5	scripts/check-public.sh	F3
P10	cc94165a3528dcb6ef1eaebb4f242e3d814c79b5	specs/006-public-release-prep/contracts/public-hygiene.md	F3
P10	d1311d6888bafab6deed9658a6cb395d5d771e0d	scripts/check-public.sh	F3
P10	d1311d6888bafab6deed9658a6cb395d5d771e0d	specs/006-public-release-prep/contracts/public-hygiene.md	F3
P10	d212dcb1f10a953a5032e3e922e65612b92ce437	specs/001-replicate-mannheim-tree-cover/checklists/requirements.md	F3
P10	d212dcb1f10a953a5032e3e922e65612b92ce437	specs/001-replicate-mannheim-tree-cover/plan.md	F3
P10	d212dcb1f10a953a5032e3e922e65612b92ce437	specs/002-fix-building-popup/checklists/requirements.md	F3
P10	d212dcb1f10a953a5032e3e922e65612b92ce437	specs/002-fix-building-popup/plan.md	F3
P10	d212dcb1f10a953a5032e3e922e65612b92ce437	specs/003-darken-base-map/checklists/requirements.md	F3
P10	d212dcb1f10a953a5032e3e922e65612b92ce437	specs/003-darken-base-map/plan.md	F3
P10	d3961b558b5504bbce60558c67a210656ba702e5	scripts/check-public.sh	F3
P10	d3961b558b5504bbce60558c67a210656ba702e5	specs/006-public-release-prep/contracts/public-hygiene.md	F3
P10	d3961b558b5504bbce60558c67a210656ba702e5	specs/014-performance-fixes/checklists/requirements.md	F3
P10	d3961b558b5504bbce60558c67a210656ba702e5	specs/014-performance-fixes/plan.md	F3
P10	d57a414d6fb8f3a021aab7015d896c8806a14c40	scripts/check-public.sh	F3
P10	d57a414d6fb8f3a021aab7015d896c8806a14c40	specs/006-public-release-prep/contracts/public-hygiene.md	F3
P10	d694dc9b54513b598fe5204a3dae9d045ab8a810	scripts/check-public.sh	F3
P10	d694dc9b54513b598fe5204a3dae9d045ab8a810	specs/006-public-release-prep/contracts/public-hygiene.md	F3
P10	da42f0dd248360cef20d0f96b29cb4c391129c89	scripts/check-public.sh	F3
P10	da42f0dd248360cef20d0f96b29cb4c391129c89	specs/006-public-release-prep/contracts/public-hygiene.md	F3
P10	dbadbf70eeeae0962d2128c97470f023f307acd3	scripts/check-public.sh	F3
P10	dbadbf70eeeae0962d2128c97470f023f307acd3	specs/006-public-release-prep/contracts/public-hygiene.md	F3
P10	ddc76ce06941cff6b08cbfdae600810c29400824	scripts/check-public.sh	F3
P10	ddc76ce06941cff6b08cbfdae600810c29400824	specs/006-public-release-prep/contracts/public-hygiene.md	F3
P10	de59d3f0b89db21b1d4cc5612a83a5ca0599c03f	scripts/check-public.sh	F3
P10	de59d3f0b89db21b1d4cc5612a83a5ca0599c03f	specs/006-public-release-prep/contracts/public-hygiene.md	F3
P10	defe8270e3e3c61bf59337954c0aa3d596d2c57d	specs/001-replicate-mannheim-tree-cover/checklists/requirements.md	F3
P10	defe8270e3e3c61bf59337954c0aa3d596d2c57d	specs/001-replicate-mannheim-tree-cover/plan.md	F3
P10	dfa3c59167a48ca53461dcbea4e2ca5dead3f8e1	scripts/check-public.sh	F3
P10	dfa3c59167a48ca53461dcbea4e2ca5dead3f8e1	specs/006-public-release-prep/contracts/public-hygiene.md	F3
P10	e2dbb6553473b25c59381dc92652ca41d41b7966	specs/001-replicate-mannheim-tree-cover/checklists/requirements.md	F3
P10	e2dbb6553473b25c59381dc92652ca41d41b7966	specs/001-replicate-mannheim-tree-cover/plan.md	F3
P10	e2dbb6553473b25c59381dc92652ca41d41b7966	specs/002-fix-building-popup/checklists/requirements.md	F3
P10	e2dbb6553473b25c59381dc92652ca41d41b7966	specs/002-fix-building-popup/plan.md	F3
P10	e2dbb6553473b25c59381dc92652ca41d41b7966	specs/003-darken-base-map/checklists/requirements.md	F3
P10	e2dbb6553473b25c59381dc92652ca41d41b7966	specs/003-darken-base-map/plan.md	F3
P10	e2dbb6553473b25c59381dc92652ca41d41b7966	specs/004-map-ui-brightness-legend/checklists/requirements.md	F3
P10	e2dbb6553473b25c59381dc92652ca41d41b7966	specs/004-map-ui-brightness-legend/plan.md	F3
P10	e6341c95f1b881d43ce5aba6545d55911f1e6737	scripts/check-public.sh	F3
P10	e6341c95f1b881d43ce5aba6545d55911f1e6737	specs/006-public-release-prep/contracts/public-hygiene.md	F3
P10	e6341c95f1b881d43ce5aba6545d55911f1e6737	specs/011-heatwave-map-insights/checklists/requirements.md	F3
P10	e6341c95f1b881d43ce5aba6545d55911f1e6737	specs/011-heatwave-map-insights/plan.md	F3
P10	e6341c95f1b881d43ce5aba6545d55911f1e6737	specs/012-mobile-native-ux/checklists/requirements.md	F3
P10	e6341c95f1b881d43ce5aba6545d55911f1e6737	specs/012-mobile-native-ux/plan.md	F3
P10	e6341c95f1b881d43ce5aba6545d55911f1e6737	specs/012-mobile-native-ux/tasks.md	F3
P10	e6341c95f1b881d43ce5aba6545d55911f1e6737	specs/013-popup-comparative-context/checklists/requirements.md	F3
P10	e6341c95f1b881d43ce5aba6545d55911f1e6737	specs/013-popup-comparative-context/plan.md	F3
P10	e775356c02a933afe2995171ca345e07f7e4408e	specs/001-replicate-mannheim-tree-cover/checklists/requirements.md	F3
P10	e775356c02a933afe2995171ca345e07f7e4408e	specs/001-replicate-mannheim-tree-cover/plan.md	F3
P10	e7831eb57278a20a477fdefa79210f9c4873cba7	scripts/check-public.sh	F3
P10	e7831eb57278a20a477fdefa79210f9c4873cba7	specs/006-public-release-prep/contracts/public-hygiene.md	F3
P10	e9f4f0843e50c5cb17a295eb419941d009a1f520	specs/001-replicate-mannheim-tree-cover/checklists/requirements.md	F3
P10	e9f4f0843e50c5cb17a295eb419941d009a1f520	specs/001-replicate-mannheim-tree-cover/plan.md	F3
P10	e9f4f0843e50c5cb17a295eb419941d009a1f520	specs/002-fix-building-popup/checklists/requirements.md	F3
P10	e9f4f0843e50c5cb17a295eb419941d009a1f520	specs/002-fix-building-popup/plan.md	F3
P10	ea91e862b7d1b3f8d7ab63a568e56be86e4c9b8f	specs/001-replicate-mannheim-tree-cover/checklists/requirements.md	F3
P10	ea91e862b7d1b3f8d7ab63a568e56be86e4c9b8f	specs/001-replicate-mannheim-tree-cover/plan.md	F3
P10	eb765c23eb72f8e9e10a3a937c2f3dcbd72fb039	scripts/check-public.sh	F3
P10	eb765c23eb72f8e9e10a3a937c2f3dcbd72fb039	specs/006-public-release-prep/contracts/public-hygiene.md	F3
P10	eb9391e23bf32a85c3b6a2f2cbdc3c1a280c62f4	specs/001-replicate-mannheim-tree-cover/checklists/requirements.md	F3
P10	eb9391e23bf32a85c3b6a2f2cbdc3c1a280c62f4	specs/001-replicate-mannheim-tree-cover/plan.md	F3
P10	eb9391e23bf32a85c3b6a2f2cbdc3c1a280c62f4	specs/002-fix-building-popup/checklists/requirements.md	F3
P10	eb9391e23bf32a85c3b6a2f2cbdc3c1a280c62f4	specs/002-fix-building-popup/plan.md	F3
P10	f02f2f199ecfa9ddc8395f8f069aafcf22bd016a	scripts/check-public.sh	F3
P10	f02f2f199ecfa9ddc8395f8f069aafcf22bd016a	specs/006-public-release-prep/contracts/public-hygiene.md	F3
P10	f32dd04d1316db33c6329522fbac929aaeceb9b3	scripts/check-public.sh	F3
P10	f32dd04d1316db33c6329522fbac929aaeceb9b3	specs/006-public-release-prep/contracts/public-hygiene.md	F3
P10	f32dd04d1316db33c6329522fbac929aaeceb9b3	specs/014-performance-fixes/checklists/requirements.md	F3
P10	f32dd04d1316db33c6329522fbac929aaeceb9b3	specs/014-performance-fixes/plan.md	F3
P11	01250943e893679895f9077b06e56dd18ece81f6	.gitignore	F3
P11	01250943e893679895f9077b06e56dd18ece81f6	scripts/check-public.sh	F3
P11	01250943e893679895f9077b06e56dd18ece81f6	specs/006-public-release-prep/contracts/public-hygiene.md	F3
P11	030f3632f869da2776e2c8be515631dc7ee9e81a	.gitignore	F3
P11	030fa92bac3e38a918b80c9d5eb58b450a5056a9	.gitignore	F3
P11	030fa92bac3e38a918b80c9d5eb58b450a5056a9	scripts/check-public.sh	F3
P11	030fa92bac3e38a918b80c9d5eb58b450a5056a9	specs/006-public-release-prep/contracts/public-hygiene.md	F3
P11	04cce8d4a7748a839ca4ea3e80d48f5e4624243e	.gitignore	F3
P11	04cce8d4a7748a839ca4ea3e80d48f5e4624243e	scripts/check-public.sh	F3
P11	04cce8d4a7748a839ca4ea3e80d48f5e4624243e	specs/006-public-release-prep/contracts/public-hygiene.md	F3
P11	078263b665d0e1425fa062ffad2c49be2a0865bd	.gitignore	F3
P11	0a37918ecbc51121a9e07e2b013d5abff5ca0e07	.gitignore	F3
P11	14b6a6545c3ddae98e97a7851eab009261d725ed	.gitignore	F3
P11	150453ba11d0bddcaa4bd6ed2386183fa22c0669	.gitignore	F3
P11	1a1f2a483197d5932c612399fac787e18dfa02c7	.gitignore	F3
P11	1a1f2a483197d5932c612399fac787e18dfa02c7	scripts/check-public.sh	F3
P11	1a1f2a483197d5932c612399fac787e18dfa02c7	specs/006-public-release-prep/contracts/public-hygiene.md	F3
P11	2219f425324dab473e895fdb3597083c4821baf8	.gitignore	F3
P11	2219f425324dab473e895fdb3597083c4821baf8	scripts/check-public.sh	F3
P11	2219f425324dab473e895fdb3597083c4821baf8	specs/006-public-release-prep/contracts/public-hygiene.md	F3
P11	2df934c1da2c99ac93d84db174ae505af9861e45	.gitignore	F3
P11	3140f3f79bd6e02feb6a3f090681dbd211936767	.gitignore	F3
P11	3140f3f79bd6e02feb6a3f090681dbd211936767	scripts/check-public.sh	F3
P11	3140f3f79bd6e02feb6a3f090681dbd211936767	specs/006-public-release-prep/contracts/public-hygiene.md	F3
P11	318380c133e1e9914352cfeba38797ba706dd60e	.gitignore	F3
P11	318380c133e1e9914352cfeba38797ba706dd60e	scripts/check-public.sh	F3
P11	318380c133e1e9914352cfeba38797ba706dd60e	specs/006-public-release-prep/contracts/public-hygiene.md	F3
P11	3221dd965741844712e8868187d9104050b98a3a	.gitignore	F3
P11	3221dd965741844712e8868187d9104050b98a3a	scripts/check-public.sh	F3
P11	3221dd965741844712e8868187d9104050b98a3a	specs/006-public-release-prep/contracts/public-hygiene.md	F3
P11	32f3cb53c346aff32bfeea10e5db49026f60abec	.gitignore	F3
P11	32f3cb53c346aff32bfeea10e5db49026f60abec	scripts/check-public.sh	F3
P11	32f3cb53c346aff32bfeea10e5db49026f60abec	specs/006-public-release-prep/contracts/public-hygiene.md	F3
P11	4392d13b7560d57a779f436832f96fde53cab6f9	.gitignore	F3
P11	4392d13b7560d57a779f436832f96fde53cab6f9	scripts/check-public.sh	F3
P11	4392d13b7560d57a779f436832f96fde53cab6f9	specs/006-public-release-prep/contracts/public-hygiene.md	F3
P11	46495495e4715485f6ff503c29e4eb95b2293ff1	.gitignore	F3
P11	46495495e4715485f6ff503c29e4eb95b2293ff1	scripts/check-public.sh	F3
P11	46495495e4715485f6ff503c29e4eb95b2293ff1	specs/006-public-release-prep/contracts/public-hygiene.md	F3
P11	4788271710f3559e017b72568056da4fe1981c7b	.gitignore	F3
P11	55d25670a4eb091606982f6c10402cfef1ff4d31	.gitignore	F3
P11	586e9270671a2a026edfd110fde761d9a27c3717	.gitignore	F3
P11	586e9270671a2a026edfd110fde761d9a27c3717	scripts/check-public.sh	F3
P11	586e9270671a2a026edfd110fde761d9a27c3717	specs/006-public-release-prep/contracts/public-hygiene.md	F3
P11	5c4885b12e2e4ee1dd53c1202ae0ce29fde2dfc0	.gitignore	F3
P11	5c4885b12e2e4ee1dd53c1202ae0ce29fde2dfc0	scripts/check-public.sh	F3
P11	5c4885b12e2e4ee1dd53c1202ae0ce29fde2dfc0	specs/006-public-release-prep/contracts/public-hygiene.md	F3
P11	5f1c73637bb8caab8dfeb74f98adecf486ecfffc	.gitignore	F3
P11	5f1c73637bb8caab8dfeb74f98adecf486ecfffc	scripts/check-public.sh	F3
P11	5f1c73637bb8caab8dfeb74f98adecf486ecfffc	specs/006-public-release-prep/contracts/public-hygiene.md	F3
P11	5fea58cecfd2ce998006fa62bbcc7817fc4ed9f9	.gitignore	F3
P11	5fea58cecfd2ce998006fa62bbcc7817fc4ed9f9	scripts/check-public.sh	F3
P11	5fea58cecfd2ce998006fa62bbcc7817fc4ed9f9	specs/006-public-release-prep/contracts/public-hygiene.md	F3
P11	6c356a2fb82d5aca5cbaba03607e5e92564dbe24	.gitignore	F3
P11	6c356a2fb82d5aca5cbaba03607e5e92564dbe24	scripts/check-public.sh	F3
P11	6c356a2fb82d5aca5cbaba03607e5e92564dbe24	specs/006-public-release-prep/contracts/public-hygiene.md	F3
P11	6de34dda83483e93288385a6d2acbc05aa5b860b	.gitignore	F3
P11	6de34dda83483e93288385a6d2acbc05aa5b860b	scripts/check-public.sh	F3
P11	6de34dda83483e93288385a6d2acbc05aa5b860b	specs/006-public-release-prep/contracts/public-hygiene.md	F3
P11	73d6c5d6a793e4241938c9964b2d75b67ec67a72	.gitignore	F3
P11	73d6c5d6a793e4241938c9964b2d75b67ec67a72	scripts/check-public.sh	F3
P11	73d6c5d6a793e4241938c9964b2d75b67ec67a72	specs/006-public-release-prep/contracts/public-hygiene.md	F3
P11	7b6f77bd257fc87429da3976e427731bcc604b60	.gitignore	F3
P11	7b6f77bd257fc87429da3976e427731bcc604b60	scripts/check-public.sh	F3
P11	7b6f77bd257fc87429da3976e427731bcc604b60	specs/006-public-release-prep/contracts/public-hygiene.md	F3
P11	806327a60f8e89c5bd7d9aaa3fcf246a2137e4d9	.gitignore	F3
P11	806327a60f8e89c5bd7d9aaa3fcf246a2137e4d9	scripts/check-public.sh	F3
P11	806327a60f8e89c5bd7d9aaa3fcf246a2137e4d9	specs/006-public-release-prep/contracts/public-hygiene.md	F3
P11	830ed65d8b4a7cd23846f5c5c261da2065b6a3a4	.gitignore	F3
P11	8508bacd184acdd3342e5d82114c294a22eb6336	.gitignore	F3
P11	8508bacd184acdd3342e5d82114c294a22eb6336	scripts/check-public.sh	F3
P11	8508bacd184acdd3342e5d82114c294a22eb6336	specs/006-public-release-prep/contracts/public-hygiene.md	F3
P11	89e2c1520ad0927fd99bf73ef5d71683b3abd2f3	.gitignore	F3
P11	89e2c1520ad0927fd99bf73ef5d71683b3abd2f3	scripts/check-public.sh	F3
P11	89e2c1520ad0927fd99bf73ef5d71683b3abd2f3	specs/006-public-release-prep/contracts/public-hygiene.md	F3
P11	8d7deecf5759e64fb54b4695c2ceeeaf3c174591	.gitignore	F3
P11	8d7deecf5759e64fb54b4695c2ceeeaf3c174591	scripts/check-public.sh	F3
P11	8d7deecf5759e64fb54b4695c2ceeeaf3c174591	specs/006-public-release-prep/contracts/public-hygiene.md	F3
P11	90257c2e6a5ebf284a0fc4b347acd36d6e09fe7a	.gitignore	F3
P11	90257c2e6a5ebf284a0fc4b347acd36d6e09fe7a	scripts/check-public.sh	F3
P11	90257c2e6a5ebf284a0fc4b347acd36d6e09fe7a	specs/006-public-release-prep/contracts/public-hygiene.md	F3
P11	994cbdffd5e3551a5fe2b957674243dfc3093a98	.gitignore	F3
P11	994cbdffd5e3551a5fe2b957674243dfc3093a98	scripts/check-public.sh	F3
P11	994cbdffd5e3551a5fe2b957674243dfc3093a98	specs/006-public-release-prep/contracts/public-hygiene.md	F3
P11	9a00fcdf93997f8f27470263ad01f4772e8900ec	.gitignore	F3
P11	9ba0496c8f22d3228edac1e43e42844c91bf564b	.gitignore	F3
P11	9ba0496c8f22d3228edac1e43e42844c91bf564b	scripts/check-public.sh	F3
P11	9ba0496c8f22d3228edac1e43e42844c91bf564b	specs/006-public-release-prep/contracts/public-hygiene.md	F3
P11	9ce873273538517c9d136cd532ae2b1687152828	.gitignore	F3
P11	9ce873273538517c9d136cd532ae2b1687152828	scripts/check-public.sh	F3
P11	9ce873273538517c9d136cd532ae2b1687152828	specs/006-public-release-prep/contracts/public-hygiene.md	F3
P11	a0900f103a2ab171e7294265b1242f3c69890f06	.gitignore	F3
P11	a0900f103a2ab171e7294265b1242f3c69890f06	scripts/check-public.sh	F3
P11	a0900f103a2ab171e7294265b1242f3c69890f06	specs/006-public-release-prep/contracts/public-hygiene.md	F3
P11	a7bf3b91ec8ef6d213f92a43cfcf8f0aedef018a	.gitignore	F3
P11	a7bf3b91ec8ef6d213f92a43cfcf8f0aedef018a	scripts/check-public.sh	F3
P11	a7bf3b91ec8ef6d213f92a43cfcf8f0aedef018a	specs/006-public-release-prep/contracts/public-hygiene.md	F3
P11	b03deba37eb75edb12188052429c8ccaad6e7354	.gitignore	F3
P11	b03deba37eb75edb12188052429c8ccaad6e7354	scripts/check-public.sh	F3
P11	b03deba37eb75edb12188052429c8ccaad6e7354	specs/006-public-release-prep/contracts/public-hygiene.md	F3
P11	b1d9fbb412126e12057ef5d0a596c35da67ae427	.gitignore	F3
P11	b1d9fbb412126e12057ef5d0a596c35da67ae427	scripts/check-public.sh	F3
P11	b1d9fbb412126e12057ef5d0a596c35da67ae427	specs/006-public-release-prep/contracts/public-hygiene.md	F3
P11	b69b377a196d691a9f617f08631ec49c4cc867d5	.gitignore	F3
P11	b69b377a196d691a9f617f08631ec49c4cc867d5	scripts/check-public.sh	F3
P11	b69b377a196d691a9f617f08631ec49c4cc867d5	specs/006-public-release-prep/contracts/public-hygiene.md	F3
P11	bc6212ec3203a47cdfe91c4517caa850adbb9a61	.gitignore	F3
P11	bc6212ec3203a47cdfe91c4517caa850adbb9a61	scripts/check-public.sh	F3
P11	bc6212ec3203a47cdfe91c4517caa850adbb9a61	specs/006-public-release-prep/contracts/public-hygiene.md	F3
P11	bd77ff250fb75f5916cf894f9dc1192e7e2aa153	.gitignore	F3
P11	bd77ff250fb75f5916cf894f9dc1192e7e2aa153	scripts/check-public.sh	F3
P11	bd77ff250fb75f5916cf894f9dc1192e7e2aa153	specs/006-public-release-prep/contracts/public-hygiene.md	F3
P11	c00eeda740b58a93654acb2ea6bb997adcf37748	.gitignore	F3
P11	c00eeda740b58a93654acb2ea6bb997adcf37748	scripts/check-public.sh	F3
P11	c00eeda740b58a93654acb2ea6bb997adcf37748	specs/006-public-release-prep/contracts/public-hygiene.md	F3
P11	c40f61b57b0f3643970d904664fb51e3393e2463	.gitignore	F3
P11	c40f61b57b0f3643970d904664fb51e3393e2463	scripts/check-public.sh	F3
P11	c40f61b57b0f3643970d904664fb51e3393e2463	specs/006-public-release-prep/contracts/public-hygiene.md	F3
P11	ca13a454aaec9ba685c4cecda535b1c26446bcc1	.gitignore	F3
P11	ca13a454aaec9ba685c4cecda535b1c26446bcc1	specs/006-public-release-prep/contracts/public-hygiene.md	F3
P11	ca13a454aaec9ba685c4cecda535b1c26446bcc1	specs/006-public-release-prep/contracts/readme.md	F3
P11	ca13a454aaec9ba685c4cecda535b1c26446bcc1	specs/006-public-release-prep/research.md	F3
P11	ca13a454aaec9ba685c4cecda535b1c26446bcc1	specs/006-public-release-prep/tasks.md	F3
P11	cc94165a3528dcb6ef1eaebb4f242e3d814c79b5	.gitignore	F3
P11	cc94165a3528dcb6ef1eaebb4f242e3d814c79b5	scripts/check-public.sh	F3
P11	cc94165a3528dcb6ef1eaebb4f242e3d814c79b5	specs/006-public-release-prep/contracts/public-hygiene.md	F3
P11	d1311d6888bafab6deed9658a6cb395d5d771e0d	.gitignore	F3
P11	d1311d6888bafab6deed9658a6cb395d5d771e0d	scripts/check-public.sh	F3
P11	d1311d6888bafab6deed9658a6cb395d5d771e0d	specs/006-public-release-prep/contracts/public-hygiene.md	F3
P11	d212dcb1f10a953a5032e3e922e65612b92ce437	.gitignore	F3
P11	d3961b558b5504bbce60558c67a210656ba702e5	.gitignore	F3
P11	d3961b558b5504bbce60558c67a210656ba702e5	scripts/check-public.sh	F3
P11	d3961b558b5504bbce60558c67a210656ba702e5	specs/006-public-release-prep/contracts/public-hygiene.md	F3
P11	d57a414d6fb8f3a021aab7015d896c8806a14c40	.gitignore	F3
P11	d57a414d6fb8f3a021aab7015d896c8806a14c40	scripts/check-public.sh	F3
P11	d57a414d6fb8f3a021aab7015d896c8806a14c40	specs/006-public-release-prep/contracts/public-hygiene.md	F3
P11	d694dc9b54513b598fe5204a3dae9d045ab8a810	.gitignore	F3
P11	d694dc9b54513b598fe5204a3dae9d045ab8a810	scripts/check-public.sh	F3
P11	d694dc9b54513b598fe5204a3dae9d045ab8a810	specs/006-public-release-prep/contracts/public-hygiene.md	F3
P11	da42f0dd248360cef20d0f96b29cb4c391129c89	.gitignore	F3
P11	da42f0dd248360cef20d0f96b29cb4c391129c89	scripts/check-public.sh	F3
P11	da42f0dd248360cef20d0f96b29cb4c391129c89	specs/006-public-release-prep/contracts/public-hygiene.md	F3
P11	dbadbf70eeeae0962d2128c97470f023f307acd3	.gitignore	F3
P11	dbadbf70eeeae0962d2128c97470f023f307acd3	scripts/check-public.sh	F3
P11	dbadbf70eeeae0962d2128c97470f023f307acd3	specs/006-public-release-prep/contracts/public-hygiene.md	F3
P11	ddc76ce06941cff6b08cbfdae600810c29400824	.gitignore	F3
P11	ddc76ce06941cff6b08cbfdae600810c29400824	scripts/check-public.sh	F3
P11	ddc76ce06941cff6b08cbfdae600810c29400824	specs/006-public-release-prep/contracts/public-hygiene.md	F3
P11	de59d3f0b89db21b1d4cc5612a83a5ca0599c03f	.gitignore	F3
P11	de59d3f0b89db21b1d4cc5612a83a5ca0599c03f	scripts/check-public.sh	F3
P11	de59d3f0b89db21b1d4cc5612a83a5ca0599c03f	specs/006-public-release-prep/contracts/public-hygiene.md	F3
P11	dfa3c59167a48ca53461dcbea4e2ca5dead3f8e1	.gitignore	F3
P11	dfa3c59167a48ca53461dcbea4e2ca5dead3f8e1	scripts/check-public.sh	F3
P11	dfa3c59167a48ca53461dcbea4e2ca5dead3f8e1	specs/006-public-release-prep/contracts/public-hygiene.md	F3
P11	e2dbb6553473b25c59381dc92652ca41d41b7966	.gitignore	F3
P11	e6341c95f1b881d43ce5aba6545d55911f1e6737	.gitignore	F3
P11	e6341c95f1b881d43ce5aba6545d55911f1e6737	scripts/check-public.sh	F3
P11	e6341c95f1b881d43ce5aba6545d55911f1e6737	specs/006-public-release-prep/contracts/public-hygiene.md	F3
P11	e7831eb57278a20a477fdefa79210f9c4873cba7	.gitignore	F3
P11	e7831eb57278a20a477fdefa79210f9c4873cba7	scripts/check-public.sh	F3
P11	e7831eb57278a20a477fdefa79210f9c4873cba7	specs/006-public-release-prep/contracts/public-hygiene.md	F3
P11	e9f4f0843e50c5cb17a295eb419941d009a1f520	.gitignore	F3
P11	eb765c23eb72f8e9e10a3a937c2f3dcbd72fb039	.gitignore	F3
P11	eb765c23eb72f8e9e10a3a937c2f3dcbd72fb039	scripts/check-public.sh	F3
P11	eb765c23eb72f8e9e10a3a937c2f3dcbd72fb039	specs/006-public-release-prep/contracts/public-hygiene.md	F3
P11	eb9391e23bf32a85c3b6a2f2cbdc3c1a280c62f4	.gitignore	F3
P11	f02f2f199ecfa9ddc8395f8f069aafcf22bd016a	.gitignore	F3
P11	f02f2f199ecfa9ddc8395f8f069aafcf22bd016a	scripts/check-public.sh	F3
P11	f02f2f199ecfa9ddc8395f8f069aafcf22bd016a	specs/006-public-release-prep/contracts/public-hygiene.md	F3
P11	f32dd04d1316db33c6329522fbac929aaeceb9b3	.gitignore	F3
P11	f32dd04d1316db33c6329522fbac929aaeceb9b3	scripts/check-public.sh	F3
P11	f32dd04d1316db33c6329522fbac929aaeceb9b3	specs/006-public-release-prep/contracts/public-hygiene.md	F3
P12	01250943e893679895f9077b06e56dd18ece81f6	.gitignore	F3
P12	01250943e893679895f9077b06e56dd18ece81f6	scripts/check-public.sh	F3
P12	01250943e893679895f9077b06e56dd18ece81f6	specs/006-public-release-prep/contracts/public-hygiene.md	F3
P12	030f3632f869da2776e2c8be515631dc7ee9e81a	.gitignore	F3
P12	030f3632f869da2776e2c8be515631dc7ee9e81a	specs/001-replicate-mannheim-tree-cover/plan.md	F3
P12	030f3632f869da2776e2c8be515631dc7ee9e81a	specs/002-fix-building-popup/plan.md	F3
P12	030f3632f869da2776e2c8be515631dc7ee9e81a	specs/003-darken-base-map/plan.md	F3
P12	030f3632f869da2776e2c8be515631dc7ee9e81a	specs/004-map-ui-brightness-legend/plan.md	F3
P12	030f3632f869da2776e2c8be515631dc7ee9e81a	specs/005-host-on-personal-domain/plan.md	F3
P12	030fa92bac3e38a918b80c9d5eb58b450a5056a9	.gitignore	F3
P12	030fa92bac3e38a918b80c9d5eb58b450a5056a9	scripts/check-public.sh	F3
P12	030fa92bac3e38a918b80c9d5eb58b450a5056a9	specs/006-public-release-prep/contracts/public-hygiene.md	F3
P12	04cce8d4a7748a839ca4ea3e80d48f5e4624243e	.gitignore	F3
P12	04cce8d4a7748a839ca4ea3e80d48f5e4624243e	scripts/check-public.sh	F3
P12	04cce8d4a7748a839ca4ea3e80d48f5e4624243e	specs/006-public-release-prep/contracts/public-hygiene.md	F3
P12	072fdc3810a4951d1b2037f33ef982a41e86fb02	.gitignore	F3
P12	072fdc3810a4951d1b2037f33ef982a41e86fb02	specs/001-replicate-mannheim-tree-cover/plan.md	F3
P12	072fdc3810a4951d1b2037f33ef982a41e86fb02	specs/002-fix-building-popup/plan.md	F3
P12	078263b665d0e1425fa062ffad2c49be2a0865bd	.gitignore	F3
P12	078263b665d0e1425fa062ffad2c49be2a0865bd	specs/001-replicate-mannheim-tree-cover/plan.md	F3
P12	078263b665d0e1425fa062ffad2c49be2a0865bd	specs/002-fix-building-popup/plan.md	F3
P12	078263b665d0e1425fa062ffad2c49be2a0865bd	specs/003-darken-base-map/plan.md	F3
P12	0a37918ecbc51121a9e07e2b013d5abff5ca0e07	.gitignore	F3
P12	0a37918ecbc51121a9e07e2b013d5abff5ca0e07	specs/001-replicate-mannheim-tree-cover/plan.md	F3
P12	0a37918ecbc51121a9e07e2b013d5abff5ca0e07	specs/002-fix-building-popup/plan.md	F3
P12	0a37918ecbc51121a9e07e2b013d5abff5ca0e07	specs/003-darken-base-map/plan.md	F3
P12	0a37918ecbc51121a9e07e2b013d5abff5ca0e07	specs/004-map-ui-brightness-legend/plan.md	F3
P12	0c55a5ed12827175dca7d55052523195ad826193	specs/001-replicate-mannheim-tree-cover/plan.md	F3
P12	0f0a9fb2dbaf42f5e0edfd9b6c34cf2eb794e2af	.gitignore	F3
P12	0f0a9fb2dbaf42f5e0edfd9b6c34cf2eb794e2af	specs/001-replicate-mannheim-tree-cover/plan.md	F3
P12	14b6a6545c3ddae98e97a7851eab009261d725ed	.gitignore	F3
P12	14b6a6545c3ddae98e97a7851eab009261d725ed	specs/001-replicate-mannheim-tree-cover/plan.md	F3
P12	14b6a6545c3ddae98e97a7851eab009261d725ed	specs/002-fix-building-popup/plan.md	F3
P12	14b6a6545c3ddae98e97a7851eab009261d725ed	specs/003-darken-base-map/plan.md	F3
P12	14b6a6545c3ddae98e97a7851eab009261d725ed	specs/004-map-ui-brightness-legend/plan.md	F3
P12	14b6a6545c3ddae98e97a7851eab009261d725ed	specs/005-host-on-personal-domain/plan.md	F3
P12	150453ba11d0bddcaa4bd6ed2386183fa22c0669	.gitignore	F3
P12	150453ba11d0bddcaa4bd6ed2386183fa22c0669	specs/001-replicate-mannheim-tree-cover/plan.md	F3
P12	150453ba11d0bddcaa4bd6ed2386183fa22c0669	specs/002-fix-building-popup/plan.md	F3
P12	150453ba11d0bddcaa4bd6ed2386183fa22c0669	specs/003-darken-base-map/plan.md	F3
P12	150453ba11d0bddcaa4bd6ed2386183fa22c0669	specs/004-map-ui-brightness-legend/plan.md	F3
P12	150453ba11d0bddcaa4bd6ed2386183fa22c0669	specs/005-host-on-personal-domain/plan.md	F3
P12	1a1f2a483197d5932c612399fac787e18dfa02c7	.gitignore	F3
P12	1a1f2a483197d5932c612399fac787e18dfa02c7	scripts/check-public.sh	F3
P12	1a1f2a483197d5932c612399fac787e18dfa02c7	specs/006-public-release-prep/contracts/public-hygiene.md	F3
P12	1a1f2a483197d5932c612399fac787e18dfa02c7	specs/008-verify-tree-detection/plan.md	F3
P12	1b7ba3c7e04fdeb9e4e8db99a6364f4c9b2f5953	specs/001-replicate-mannheim-tree-cover/plan.md	F3
P12	2219f425324dab473e895fdb3597083c4821baf8	.gitignore	F3
P12	2219f425324dab473e895fdb3597083c4821baf8	scripts/check-public.sh	F3
P12	2219f425324dab473e895fdb3597083c4821baf8	specs/006-public-release-prep/contracts/public-hygiene.md	F3
P12	2df934c1da2c99ac93d84db174ae505af9861e45	.gitignore	F3
P12	2df934c1da2c99ac93d84db174ae505af9861e45	specs/001-replicate-mannheim-tree-cover/plan.md	F3
P12	2df934c1da2c99ac93d84db174ae505af9861e45	specs/002-fix-building-popup/plan.md	F3
P12	2df934c1da2c99ac93d84db174ae505af9861e45	specs/003-darken-base-map/plan.md	F3
P12	2df934c1da2c99ac93d84db174ae505af9861e45	specs/004-map-ui-brightness-legend/plan.md	F3
P12	2df934c1da2c99ac93d84db174ae505af9861e45	specs/005-host-on-personal-domain/plan.md	F3
P12	3140f3f79bd6e02feb6a3f090681dbd211936767	.gitignore	F3
P12	3140f3f79bd6e02feb6a3f090681dbd211936767	scripts/check-public.sh	F3
P12	3140f3f79bd6e02feb6a3f090681dbd211936767	specs/006-public-release-prep/contracts/public-hygiene.md	F3
P12	318380c133e1e9914352cfeba38797ba706dd60e	.gitignore	F3
P12	318380c133e1e9914352cfeba38797ba706dd60e	scripts/check-public.sh	F3
P12	318380c133e1e9914352cfeba38797ba706dd60e	specs/006-public-release-prep/contracts/public-hygiene.md	F3
P12	3221dd965741844712e8868187d9104050b98a3a	.gitignore	F3
P12	3221dd965741844712e8868187d9104050b98a3a	scripts/check-public.sh	F3
P12	3221dd965741844712e8868187d9104050b98a3a	specs/006-public-release-prep/contracts/public-hygiene.md	F3
P12	3221dd965741844712e8868187d9104050b98a3a	specs/012-mobile-native-ux/plan.md	F3
P12	3221dd965741844712e8868187d9104050b98a3a	specs/013-popup-comparative-context/plan.md	F3
P12	32f3cb53c346aff32bfeea10e5db49026f60abec	.gitignore	F3
P12	32f3cb53c346aff32bfeea10e5db49026f60abec	scripts/check-public.sh	F3
P12	32f3cb53c346aff32bfeea10e5db49026f60abec	specs/006-public-release-prep/contracts/public-hygiene.md	F3
P12	32f3cb53c346aff32bfeea10e5db49026f60abec	specs/007-first-visit-story/plan.md	F3
P12	4392d13b7560d57a779f436832f96fde53cab6f9	.gitignore	F3
P12	4392d13b7560d57a779f436832f96fde53cab6f9	scripts/check-public.sh	F3
P12	4392d13b7560d57a779f436832f96fde53cab6f9	specs/006-public-release-prep/contracts/public-hygiene.md	F3
P12	46020a9418833bda35da788ca7a2e50306f1451f	specs/001-replicate-mannheim-tree-cover/plan.md	F3
P12	46495495e4715485f6ff503c29e4eb95b2293ff1	.gitignore	F3
P12	46495495e4715485f6ff503c29e4eb95b2293ff1	scripts/check-public.sh	F3
P12	46495495e4715485f6ff503c29e4eb95b2293ff1	specs/006-public-release-prep/contracts/public-hygiene.md	F3
P12	4788271710f3559e017b72568056da4fe1981c7b	.gitignore	F3
P12	4788271710f3559e017b72568056da4fe1981c7b	specs/001-replicate-mannheim-tree-cover/plan.md	F3
P12	4788271710f3559e017b72568056da4fe1981c7b	specs/002-fix-building-popup/plan.md	F3
P12	4788271710f3559e017b72568056da4fe1981c7b	specs/003-darken-base-map/plan.md	F3
P12	4788271710f3559e017b72568056da4fe1981c7b	specs/004-map-ui-brightness-legend/plan.md	F3
P12	4788271710f3559e017b72568056da4fe1981c7b	specs/005-host-on-personal-domain/plan.md	F3
P12	4b4c614de3131ff9256a05d53b349126a1a2af69	specs/001-replicate-mannheim-tree-cover/plan.md	F3
P12	4e9ae7ce2ec3f45448b0ea4bfb04c03872b2c00f	.gitignore	F3
P12	4e9ae7ce2ec3f45448b0ea4bfb04c03872b2c00f	specs/001-replicate-mannheim-tree-cover/plan.md	F3
P12	4e9ae7ce2ec3f45448b0ea4bfb04c03872b2c00f	specs/002-fix-building-popup/plan.md	F3
P12	53a61352f9726f04fc95bafe4d0c8bff0dd21f20	.gitignore	F3
P12	53a61352f9726f04fc95bafe4d0c8bff0dd21f20	specs/001-replicate-mannheim-tree-cover/plan.md	F3
P12	53a61352f9726f04fc95bafe4d0c8bff0dd21f20	specs/002-fix-building-popup/plan.md	F3
P12	55d25670a4eb091606982f6c10402cfef1ff4d31	.gitignore	F3
P12	55d25670a4eb091606982f6c10402cfef1ff4d31	specs/001-replicate-mannheim-tree-cover/plan.md	F3
P12	55d25670a4eb091606982f6c10402cfef1ff4d31	specs/002-fix-building-popup/plan.md	F3
P12	55d25670a4eb091606982f6c10402cfef1ff4d31	specs/003-darken-base-map/plan.md	F3
P12	55d25670a4eb091606982f6c10402cfef1ff4d31	specs/004-map-ui-brightness-legend/plan.md	F3
P12	55d25670a4eb091606982f6c10402cfef1ff4d31	specs/005-host-on-personal-domain/plan.md	F3
P12	586e9270671a2a026edfd110fde761d9a27c3717	.gitignore	F3
P12	586e9270671a2a026edfd110fde761d9a27c3717	scripts/check-public.sh	F3
P12	586e9270671a2a026edfd110fde761d9a27c3717	specs/006-public-release-prep/contracts/public-hygiene.md	F3
P12	5c4885b12e2e4ee1dd53c1202ae0ce29fde2dfc0	.gitignore	F3
P12	5c4885b12e2e4ee1dd53c1202ae0ce29fde2dfc0	scripts/check-public.sh	F3
P12	5c4885b12e2e4ee1dd53c1202ae0ce29fde2dfc0	specs/006-public-release-prep/contracts/public-hygiene.md	F3
P12	5dd00ab56c32dde7e95d9d9163573893ab9ba962	specs/001-replicate-mannheim-tree-cover/plan.md	F3
P12	5f1c73637bb8caab8dfeb74f98adecf486ecfffc	.gitignore	F3
P12	5f1c73637bb8caab8dfeb74f98adecf486ecfffc	scripts/check-public.sh	F3
P12	5f1c73637bb8caab8dfeb74f98adecf486ecfffc	specs/006-public-release-prep/contracts/public-hygiene.md	F3
P12	5f1c73637bb8caab8dfeb74f98adecf486ecfffc	specs/008-verify-tree-detection/plan.md	F3
P12	5fea58cecfd2ce998006fa62bbcc7817fc4ed9f9	.gitignore	F3
P12	5fea58cecfd2ce998006fa62bbcc7817fc4ed9f9	scripts/check-public.sh	F3
P12	5fea58cecfd2ce998006fa62bbcc7817fc4ed9f9	specs/006-public-release-prep/contracts/public-hygiene.md	F3
P12	6c356a2fb82d5aca5cbaba03607e5e92564dbe24	.gitignore	F3
P12	6c356a2fb82d5aca5cbaba03607e5e92564dbe24	scripts/check-public.sh	F3
P12	6c356a2fb82d5aca5cbaba03607e5e92564dbe24	specs/006-public-release-prep/contracts/public-hygiene.md	F3
P12	6cd4c28c5e338175733fc731c0041a2bf5b9d2b0	specs/001-replicate-mannheim-tree-cover/plan.md	F3
P12	6de34dda83483e93288385a6d2acbc05aa5b860b	.gitignore	F3
P12	6de34dda83483e93288385a6d2acbc05aa5b860b	scripts/check-public.sh	F3
P12	6de34dda83483e93288385a6d2acbc05aa5b860b	specs/006-public-release-prep/contracts/public-hygiene.md	F3
P12	6de34dda83483e93288385a6d2acbc05aa5b860b	specs/008-verify-tree-detection/plan.md	F3
P12	73d6c5d6a793e4241938c9964b2d75b67ec67a72	.gitignore	F3
P12	73d6c5d6a793e4241938c9964b2d75b67ec67a72	scripts/check-public.sh	F3
P12	73d6c5d6a793e4241938c9964b2d75b67ec67a72	specs/006-public-release-prep/contracts/public-hygiene.md	F3
P12	73d6c5d6a793e4241938c9964b2d75b67ec67a72	specs/012-mobile-native-ux/plan.md	F3
P12	77c9a97176eb534cf2c6d77adde23b87c63f3252	.gitignore	F3
P12	77c9a97176eb534cf2c6d77adde23b87c63f3252	specs/001-replicate-mannheim-tree-cover/plan.md	F3
P12	7b6f77bd257fc87429da3976e427731bcc604b60	.gitignore	F3
P12	7b6f77bd257fc87429da3976e427731bcc604b60	scripts/check-public.sh	F3
P12	7b6f77bd257fc87429da3976e427731bcc604b60	specs/006-public-release-prep/contracts/public-hygiene.md	F3
P12	7b6f77bd257fc87429da3976e427731bcc604b60	specs/008-verify-tree-detection/plan.md	F3
P12	806327a60f8e89c5bd7d9aaa3fcf246a2137e4d9	.gitignore	F3
P12	806327a60f8e89c5bd7d9aaa3fcf246a2137e4d9	scripts/check-public.sh	F3
P12	806327a60f8e89c5bd7d9aaa3fcf246a2137e4d9	specs/006-public-release-prep/contracts/public-hygiene.md	F3
P12	806327a60f8e89c5bd7d9aaa3fcf246a2137e4d9	specs/012-mobile-native-ux/plan.md	F3
P12	810bd6fb2cbf702b300f549d449ad19555e24ca9	.gitignore	F3
P12	810bd6fb2cbf702b300f549d449ad19555e24ca9	specs/001-replicate-mannheim-tree-cover/plan.md	F3
P12	810bd6fb2cbf702b300f549d449ad19555e24ca9	specs/002-fix-building-popup/plan.md	F3
P12	830ed65d8b4a7cd23846f5c5c261da2065b6a3a4	.gitignore	F3
P12	830ed65d8b4a7cd23846f5c5c261da2065b6a3a4	specs/001-replicate-mannheim-tree-cover/plan.md	F3
P12	830ed65d8b4a7cd23846f5c5c261da2065b6a3a4	specs/002-fix-building-popup/plan.md	F3
P12	830ed65d8b4a7cd23846f5c5c261da2065b6a3a4	specs/003-darken-base-map/plan.md	F3
P12	84f8223113d6ca8d678c57f27619be241a703959	.gitignore	F3
P12	84f8223113d6ca8d678c57f27619be241a703959	specs/001-replicate-mannheim-tree-cover/plan.md	F3
P12	8508bacd184acdd3342e5d82114c294a22eb6336	.gitignore	F3
P12	8508bacd184acdd3342e5d82114c294a22eb6336	scripts/check-public.sh	F3
P12	8508bacd184acdd3342e5d82114c294a22eb6336	specs/006-public-release-prep/contracts/public-hygiene.md	F3
P12	89e2c1520ad0927fd99bf73ef5d71683b3abd2f3	.gitignore	F3
P12	89e2c1520ad0927fd99bf73ef5d71683b3abd2f3	scripts/check-public.sh	F3
P12	89e2c1520ad0927fd99bf73ef5d71683b3abd2f3	specs/006-public-release-prep/contracts/public-hygiene.md	F3
P12	89e2c1520ad0927fd99bf73ef5d71683b3abd2f3	specs/007-first-visit-story/plan.md	F3
P12	8d7deecf5759e64fb54b4695c2ceeeaf3c174591	.gitignore	F3
P12	8d7deecf5759e64fb54b4695c2ceeeaf3c174591	scripts/check-public.sh	F3
P12	8d7deecf5759e64fb54b4695c2ceeeaf3c174591	specs/006-public-release-prep/contracts/public-hygiene.md	F3
P12	8d7deecf5759e64fb54b4695c2ceeeaf3c174591	specs/007-first-visit-story/plan.md	F3
P12	90257c2e6a5ebf284a0fc4b347acd36d6e09fe7a	.gitignore	F3
P12	90257c2e6a5ebf284a0fc4b347acd36d6e09fe7a	scripts/check-public.sh	F3
P12	90257c2e6a5ebf284a0fc4b347acd36d6e09fe7a	specs/006-public-release-prep/contracts/public-hygiene.md	F3
P12	90ae6167b51c79122075729c8cae2e42ac2dd199	specs/001-replicate-mannheim-tree-cover/plan.md	F3
P12	994cbdffd5e3551a5fe2b957674243dfc3093a98	.gitignore	F3
P12	994cbdffd5e3551a5fe2b957674243dfc3093a98	scripts/check-public.sh	F3
P12	994cbdffd5e3551a5fe2b957674243dfc3093a98	specs/006-public-release-prep/contracts/public-hygiene.md	F3
P12	994cbdffd5e3551a5fe2b957674243dfc3093a98	specs/012-mobile-native-ux/plan.md	F3
P12	994cbdffd5e3551a5fe2b957674243dfc3093a98	specs/013-popup-comparative-context/plan.md	F3
P12	9a00fcdf93997f8f27470263ad01f4772e8900ec	.gitignore	F3
P12	9a00fcdf93997f8f27470263ad01f4772e8900ec	specs/001-replicate-mannheim-tree-cover/plan.md	F3
P12	9a00fcdf93997f8f27470263ad01f4772e8900ec	specs/002-fix-building-popup/plan.md	F3
P12	9a00fcdf93997f8f27470263ad01f4772e8900ec	specs/003-darken-base-map/plan.md	F3
P12	9a00fcdf93997f8f27470263ad01f4772e8900ec	specs/004-map-ui-brightness-legend/plan.md	F3
P12	9a024981fba421797670d74cfe9d6a90a3d09623	.gitignore	F3
P12	9a024981fba421797670d74cfe9d6a90a3d09623	specs/001-replicate-mannheim-tree-cover/plan.md	F3
P12	9ba0496c8f22d3228edac1e43e42844c91bf564b	.gitignore	F3
P12	9ba0496c8f22d3228edac1e43e42844c91bf564b	scripts/check-public.sh	F3
P12	9ba0496c8f22d3228edac1e43e42844c91bf564b	specs/006-public-release-prep/contracts/public-hygiene.md	F3
P12	9ce873273538517c9d136cd532ae2b1687152828	.gitignore	F3
P12	9ce873273538517c9d136cd532ae2b1687152828	scripts/check-public.sh	F3
P12	9ce873273538517c9d136cd532ae2b1687152828	specs/006-public-release-prep/contracts/public-hygiene.md	F3
P12	9f5b696911d18da4e11ccdbdd2699c8895891eea	.gitignore	F3
P12	9f5b696911d18da4e11ccdbdd2699c8895891eea	specs/001-replicate-mannheim-tree-cover/plan.md	F3
P12	a0900f103a2ab171e7294265b1242f3c69890f06	.gitignore	F3
P12	a0900f103a2ab171e7294265b1242f3c69890f06	scripts/check-public.sh	F3
P12	a0900f103a2ab171e7294265b1242f3c69890f06	specs/006-public-release-prep/contracts/public-hygiene.md	F3
P12	a4f2c39ecfdf95c2650cbd84aa9ac5ca5a4981eb	specs/001-replicate-mannheim-tree-cover/plan.md	F3
P12	a7bf3b91ec8ef6d213f92a43cfcf8f0aedef018a	.gitignore	F3
P12	a7bf3b91ec8ef6d213f92a43cfcf8f0aedef018a	scripts/check-public.sh	F3
P12	a7bf3b91ec8ef6d213f92a43cfcf8f0aedef018a	specs/006-public-release-prep/contracts/public-hygiene.md	F3
P12	b03deba37eb75edb12188052429c8ccaad6e7354	.gitignore	F3
P12	b03deba37eb75edb12188052429c8ccaad6e7354	scripts/check-public.sh	F3
P12	b03deba37eb75edb12188052429c8ccaad6e7354	specs/006-public-release-prep/contracts/public-hygiene.md	F3
P12	b1d9fbb412126e12057ef5d0a596c35da67ae427	.gitignore	F3
P12	b1d9fbb412126e12057ef5d0a596c35da67ae427	scripts/check-public.sh	F3
P12	b1d9fbb412126e12057ef5d0a596c35da67ae427	specs/006-public-release-prep/contracts/public-hygiene.md	F3
P12	b69b377a196d691a9f617f08631ec49c4cc867d5	.gitignore	F3
P12	b69b377a196d691a9f617f08631ec49c4cc867d5	scripts/check-public.sh	F3
P12	b69b377a196d691a9f617f08631ec49c4cc867d5	specs/006-public-release-prep/contracts/public-hygiene.md	F3
P12	b69b377a196d691a9f617f08631ec49c4cc867d5	specs/008-verify-tree-detection/plan.md	F3
P12	b966bf9b392b715d3dd213742bfadaa5694b16d8	.gitignore	F3
P12	b966bf9b392b715d3dd213742bfadaa5694b16d8	specs/001-replicate-mannheim-tree-cover/plan.md	F3
P12	bc6212ec3203a47cdfe91c4517caa850adbb9a61	.gitignore	F3
P12	bc6212ec3203a47cdfe91c4517caa850adbb9a61	scripts/check-public.sh	F3
P12	bc6212ec3203a47cdfe91c4517caa850adbb9a61	specs/006-public-release-prep/contracts/public-hygiene.md	F3
P12	bd77ff250fb75f5916cf894f9dc1192e7e2aa153	.gitignore	F3
P12	bd77ff250fb75f5916cf894f9dc1192e7e2aa153	scripts/check-public.sh	F3
P12	bd77ff250fb75f5916cf894f9dc1192e7e2aa153	specs/006-public-release-prep/contracts/public-hygiene.md	F3
P12	bf67b989e3846ebb511d1aca36c855df7574fdb6	.gitignore	F3
P12	bf67b989e3846ebb511d1aca36c855df7574fdb6	specs/001-replicate-mannheim-tree-cover/plan.md	F3
P12	c00eeda740b58a93654acb2ea6bb997adcf37748	.gitignore	F3
P12	c00eeda740b58a93654acb2ea6bb997adcf37748	scripts/check-public.sh	F3
P12	c00eeda740b58a93654acb2ea6bb997adcf37748	specs/006-public-release-prep/contracts/public-hygiene.md	F3
P12	c40f61b57b0f3643970d904664fb51e3393e2463	.gitignore	F3
P12	c40f61b57b0f3643970d904664fb51e3393e2463	scripts/check-public.sh	F3
P12	c40f61b57b0f3643970d904664fb51e3393e2463	specs/006-public-release-prep/contracts/public-hygiene.md	F3
P12	c40f61b57b0f3643970d904664fb51e3393e2463	specs/012-mobile-native-ux/plan.md	F3
P12	c9b9065dbec945a65fdbe66d84264e348cf7ca34	.gitignore	F3
P12	c9b9065dbec945a65fdbe66d84264e348cf7ca34	specs/001-replicate-mannheim-tree-cover/plan.md	F3
P12	c9b9065dbec945a65fdbe66d84264e348cf7ca34	specs/002-fix-building-popup/plan.md	F3
P12	ca13a454aaec9ba685c4cecda535b1c26446bcc1	.gitignore	F3
P12	ca13a454aaec9ba685c4cecda535b1c26446bcc1	specs/001-replicate-mannheim-tree-cover/plan.md	F3
P12	ca13a454aaec9ba685c4cecda535b1c26446bcc1	specs/002-fix-building-popup/plan.md	F3
P12	ca13a454aaec9ba685c4cecda535b1c26446bcc1	specs/003-darken-base-map/plan.md	F3
P12	ca13a454aaec9ba685c4cecda535b1c26446bcc1	specs/004-map-ui-brightness-legend/plan.md	F3
P12	ca13a454aaec9ba685c4cecda535b1c26446bcc1	specs/005-host-on-personal-domain/plan.md	F3
P12	ca13a454aaec9ba685c4cecda535b1c26446bcc1	specs/006-public-release-prep/contracts/public-hygiene.md	F3
P12	ca13a454aaec9ba685c4cecda535b1c26446bcc1	specs/006-public-release-prep/contracts/readme.md	F3
P12	ca13a454aaec9ba685c4cecda535b1c26446bcc1	specs/006-public-release-prep/plan.md	F3
P12	ca13a454aaec9ba685c4cecda535b1c26446bcc1	specs/006-public-release-prep/research.md	F3
P12	ca13a454aaec9ba685c4cecda535b1c26446bcc1	specs/006-public-release-prep/tasks.md	F3
P12	cc94165a3528dcb6ef1eaebb4f242e3d814c79b5	.gitignore	F3
P12	cc94165a3528dcb6ef1eaebb4f242e3d814c79b5	scripts/check-public.sh	F3
P12	cc94165a3528dcb6ef1eaebb4f242e3d814c79b5	specs/006-public-release-prep/contracts/public-hygiene.md	F3
P12	d1311d6888bafab6deed9658a6cb395d5d771e0d	.gitignore	F3
P12	d1311d6888bafab6deed9658a6cb395d5d771e0d	scripts/check-public.sh	F3
P12	d1311d6888bafab6deed9658a6cb395d5d771e0d	specs/006-public-release-prep/contracts/public-hygiene.md	F3
P12	d212dcb1f10a953a5032e3e922e65612b92ce437	.gitignore	F3
P12	d212dcb1f10a953a5032e3e922e65612b92ce437	specs/001-replicate-mannheim-tree-cover/plan.md	F3
P12	d212dcb1f10a953a5032e3e922e65612b92ce437	specs/002-fix-building-popup/plan.md	F3
P12	d212dcb1f10a953a5032e3e922e65612b92ce437	specs/003-darken-base-map/plan.md	F3
P12	d3961b558b5504bbce60558c67a210656ba702e5	.gitignore	F3
P12	d3961b558b5504bbce60558c67a210656ba702e5	scripts/check-public.sh	F3
P12	d3961b558b5504bbce60558c67a210656ba702e5	specs/006-public-release-prep/contracts/public-hygiene.md	F3
P12	d3961b558b5504bbce60558c67a210656ba702e5	specs/014-performance-fixes/plan.md	F3
P12	d57a414d6fb8f3a021aab7015d896c8806a14c40	.gitignore	F3
P12	d57a414d6fb8f3a021aab7015d896c8806a14c40	scripts/check-public.sh	F3
P12	d57a414d6fb8f3a021aab7015d896c8806a14c40	specs/006-public-release-prep/contracts/public-hygiene.md	F3
P12	d694dc9b54513b598fe5204a3dae9d045ab8a810	.gitignore	F3
P12	d694dc9b54513b598fe5204a3dae9d045ab8a810	scripts/check-public.sh	F3
P12	d694dc9b54513b598fe5204a3dae9d045ab8a810	specs/006-public-release-prep/contracts/public-hygiene.md	F3
P12	da42f0dd248360cef20d0f96b29cb4c391129c89	.gitignore	F3
P12	da42f0dd248360cef20d0f96b29cb4c391129c89	scripts/check-public.sh	F3
P12	da42f0dd248360cef20d0f96b29cb4c391129c89	specs/006-public-release-prep/contracts/public-hygiene.md	F3
P12	da42f0dd248360cef20d0f96b29cb4c391129c89	specs/007-first-visit-story/plan.md	F3
P12	dbadbf70eeeae0962d2128c97470f023f307acd3	.gitignore	F3
P12	dbadbf70eeeae0962d2128c97470f023f307acd3	scripts/check-public.sh	F3
P12	dbadbf70eeeae0962d2128c97470f023f307acd3	specs/006-public-release-prep/contracts/public-hygiene.md	F3
P12	ddc76ce06941cff6b08cbfdae600810c29400824	.gitignore	F3
P12	ddc76ce06941cff6b08cbfdae600810c29400824	scripts/check-public.sh	F3
P12	ddc76ce06941cff6b08cbfdae600810c29400824	specs/006-public-release-prep/contracts/public-hygiene.md	F3
P12	de59d3f0b89db21b1d4cc5612a83a5ca0599c03f	.gitignore	F3
P12	de59d3f0b89db21b1d4cc5612a83a5ca0599c03f	scripts/check-public.sh	F3
P12	de59d3f0b89db21b1d4cc5612a83a5ca0599c03f	specs/006-public-release-prep/contracts/public-hygiene.md	F3
P12	de59d3f0b89db21b1d4cc5612a83a5ca0599c03f	specs/007-first-visit-story/plan.md	F3
P12	defe8270e3e3c61bf59337954c0aa3d596d2c57d	.gitignore	F3
P12	defe8270e3e3c61bf59337954c0aa3d596d2c57d	specs/001-replicate-mannheim-tree-cover/plan.md	F3
P12	dfa3c59167a48ca53461dcbea4e2ca5dead3f8e1	.gitignore	F3
P12	dfa3c59167a48ca53461dcbea4e2ca5dead3f8e1	scripts/check-public.sh	F3
P12	dfa3c59167a48ca53461dcbea4e2ca5dead3f8e1	specs/006-public-release-prep/contracts/public-hygiene.md	F3
P12	e2dbb6553473b25c59381dc92652ca41d41b7966	.gitignore	F3
P12	e2dbb6553473b25c59381dc92652ca41d41b7966	specs/001-replicate-mannheim-tree-cover/plan.md	F3
P12	e2dbb6553473b25c59381dc92652ca41d41b7966	specs/002-fix-building-popup/plan.md	F3
P12	e2dbb6553473b25c59381dc92652ca41d41b7966	specs/003-darken-base-map/plan.md	F3
P12	e2dbb6553473b25c59381dc92652ca41d41b7966	specs/004-map-ui-brightness-legend/plan.md	F3
P12	e6341c95f1b881d43ce5aba6545d55911f1e6737	.gitignore	F3
P12	e6341c95f1b881d43ce5aba6545d55911f1e6737	scripts/check-public.sh	F3
P12	e6341c95f1b881d43ce5aba6545d55911f1e6737	specs/006-public-release-prep/contracts/public-hygiene.md	F3
P12	e6341c95f1b881d43ce5aba6545d55911f1e6737	specs/012-mobile-native-ux/plan.md	F3
P12	e6341c95f1b881d43ce5aba6545d55911f1e6737	specs/013-popup-comparative-context/plan.md	F3
P12	e775356c02a933afe2995171ca345e07f7e4408e	specs/001-replicate-mannheim-tree-cover/plan.md	F3
P12	e7831eb57278a20a477fdefa79210f9c4873cba7	.gitignore	F3
P12	e7831eb57278a20a477fdefa79210f9c4873cba7	scripts/check-public.sh	F3
P12	e7831eb57278a20a477fdefa79210f9c4873cba7	specs/006-public-release-prep/contracts/public-hygiene.md	F3
P12	e9f4f0843e50c5cb17a295eb419941d009a1f520	.gitignore	F3
P12	e9f4f0843e50c5cb17a295eb419941d009a1f520	specs/001-replicate-mannheim-tree-cover/plan.md	F3
P12	e9f4f0843e50c5cb17a295eb419941d009a1f520	specs/002-fix-building-popup/plan.md	F3
P12	ea91e862b7d1b3f8d7ab63a568e56be86e4c9b8f	specs/001-replicate-mannheim-tree-cover/plan.md	F3
P12	eb765c23eb72f8e9e10a3a937c2f3dcbd72fb039	.gitignore	F3
P12	eb765c23eb72f8e9e10a3a937c2f3dcbd72fb039	scripts/check-public.sh	F3
P12	eb765c23eb72f8e9e10a3a937c2f3dcbd72fb039	specs/006-public-release-prep/contracts/public-hygiene.md	F3
P12	eb9391e23bf32a85c3b6a2f2cbdc3c1a280c62f4	.gitignore	F3
P12	eb9391e23bf32a85c3b6a2f2cbdc3c1a280c62f4	specs/001-replicate-mannheim-tree-cover/plan.md	F3
P12	eb9391e23bf32a85c3b6a2f2cbdc3c1a280c62f4	specs/002-fix-building-popup/plan.md	F3
P12	f02f2f199ecfa9ddc8395f8f069aafcf22bd016a	.gitignore	F3
P12	f02f2f199ecfa9ddc8395f8f069aafcf22bd016a	scripts/check-public.sh	F3
P12	f02f2f199ecfa9ddc8395f8f069aafcf22bd016a	specs/006-public-release-prep/contracts/public-hygiene.md	F3
P12	f02f2f199ecfa9ddc8395f8f069aafcf22bd016a	specs/007-first-visit-story/plan.md	F3
P12	f32dd04d1316db33c6329522fbac929aaeceb9b3	.gitignore	F3
P12	f32dd04d1316db33c6329522fbac929aaeceb9b3	scripts/check-public.sh	F3
P12	f32dd04d1316db33c6329522fbac929aaeceb9b3	specs/006-public-release-prep/contracts/public-hygiene.md	F3
P12	f32dd04d1316db33c6329522fbac929aaeceb9b3	specs/014-performance-fixes/plan.md	F3
P14	2219f425324dab473e895fdb3597083c4821baf8	scripts/check-public.sh	F4
P14	2219f425324dab473e895fdb3597083c4821baf8	specs/006-public-release-prep/contracts/public-hygiene.md	F4
P14	318380c133e1e9914352cfeba38797ba706dd60e	outputs/.plans/neighborhood-tree-canopy-heat-aggregation-review.md	F4
P14	318380c133e1e9914352cfeba38797ba706dd60e	outputs/.plans/neighborhood-tree-canopy-heat-aggregation-verification.md	F4
P14	318380c133e1e9914352cfeba38797ba706dd60e	outputs/tree-canopy-30-heat-verifier-report.md	F4
P14	318380c133e1e9914352cfeba38797ba706dd60e	specs/011-heatwave-map-insights/research.md	F4
P14	3221dd965741844712e8868187d9104050b98a3a	outputs/.plans/neighborhood-tree-canopy-heat-aggregation-review.md	F4
P14	3221dd965741844712e8868187d9104050b98a3a	outputs/.plans/neighborhood-tree-canopy-heat-aggregation-verification.md	F4
P14	3221dd965741844712e8868187d9104050b98a3a	outputs/tree-canopy-30-heat-verifier-report.md	F4
P14	3221dd965741844712e8868187d9104050b98a3a	specs/011-heatwave-map-insights/research.md	F4
P14	46495495e4715485f6ff503c29e4eb95b2293ff1	scripts/check-public.sh	F4
P14	46495495e4715485f6ff503c29e4eb95b2293ff1	specs/006-public-release-prep/contracts/public-hygiene.md	F4
P14	586e9270671a2a026edfd110fde761d9a27c3717	scripts/check-public.sh	F4
P14	586e9270671a2a026edfd110fde761d9a27c3717	specs/006-public-release-prep/contracts/public-hygiene.md	F4
P14	5fea58cecfd2ce998006fa62bbcc7817fc4ed9f9	scripts/check-public.sh	F4
P14	5fea58cecfd2ce998006fa62bbcc7817fc4ed9f9	specs/006-public-release-prep/contracts/public-hygiene.md	F4
P14	73d6c5d6a793e4241938c9964b2d75b67ec67a72	outputs/.plans/neighborhood-tree-canopy-heat-aggregation-review.md	F4
P14	73d6c5d6a793e4241938c9964b2d75b67ec67a72	outputs/.plans/neighborhood-tree-canopy-heat-aggregation-verification.md	F4
P14	73d6c5d6a793e4241938c9964b2d75b67ec67a72	outputs/tree-canopy-30-heat-verifier-report.md	F4
P14	73d6c5d6a793e4241938c9964b2d75b67ec67a72	specs/011-heatwave-map-insights/research.md	F4
P14	806327a60f8e89c5bd7d9aaa3fcf246a2137e4d9	outputs/.plans/neighborhood-tree-canopy-heat-aggregation-review.md	F4
P14	806327a60f8e89c5bd7d9aaa3fcf246a2137e4d9	outputs/.plans/neighborhood-tree-canopy-heat-aggregation-verification.md	F4
P14	806327a60f8e89c5bd7d9aaa3fcf246a2137e4d9	outputs/tree-canopy-30-heat-verifier-report.md	F4
P14	806327a60f8e89c5bd7d9aaa3fcf246a2137e4d9	specs/011-heatwave-map-insights/research.md	F4
P14	90257c2e6a5ebf284a0fc4b347acd36d6e09fe7a	scripts/check-public.sh	F4
P14	90257c2e6a5ebf284a0fc4b347acd36d6e09fe7a	specs/006-public-release-prep/contracts/public-hygiene.md	F4
P14	994cbdffd5e3551a5fe2b957674243dfc3093a98	outputs/.plans/neighborhood-tree-canopy-heat-aggregation-review.md	F4
P14	994cbdffd5e3551a5fe2b957674243dfc3093a98	outputs/.plans/neighborhood-tree-canopy-heat-aggregation-verification.md	F4
P14	994cbdffd5e3551a5fe2b957674243dfc3093a98	outputs/tree-canopy-30-heat-verifier-report.md	F4
P14	994cbdffd5e3551a5fe2b957674243dfc3093a98	specs/011-heatwave-map-insights/research.md	F4
P14	9ba0496c8f22d3228edac1e43e42844c91bf564b	scripts/check-public.sh	F4
P14	9ba0496c8f22d3228edac1e43e42844c91bf564b	specs/006-public-release-prep/contracts/public-hygiene.md	F4
P14	9ce873273538517c9d136cd532ae2b1687152828	specs/011-heatwave-map-insights/research.md	F4
P14	bc6212ec3203a47cdfe91c4517caa850adbb9a61	scripts/check-public.sh	F4
P14	bc6212ec3203a47cdfe91c4517caa850adbb9a61	specs/006-public-release-prep/contracts/public-hygiene.md	F4
P14	bd77ff250fb75f5916cf894f9dc1192e7e2aa153	scripts/check-public.sh	F4
P14	bd77ff250fb75f5916cf894f9dc1192e7e2aa153	specs/006-public-release-prep/contracts/public-hygiene.md	F4
P14	c40f61b57b0f3643970d904664fb51e3393e2463	outputs/.plans/neighborhood-tree-canopy-heat-aggregation-review.md	F4
P14	c40f61b57b0f3643970d904664fb51e3393e2463	outputs/.plans/neighborhood-tree-canopy-heat-aggregation-verification.md	F4
P14	c40f61b57b0f3643970d904664fb51e3393e2463	outputs/tree-canopy-30-heat-verifier-report.md	F4
P14	c40f61b57b0f3643970d904664fb51e3393e2463	specs/011-heatwave-map-insights/research.md	F4
P14	d1311d6888bafab6deed9658a6cb395d5d771e0d	scripts/check-public.sh	F4
P14	d1311d6888bafab6deed9658a6cb395d5d771e0d	specs/006-public-release-prep/contracts/public-hygiene.md	F4
P14	d3961b558b5504bbce60558c67a210656ba702e5	scripts/check-public.sh	F4
P14	d3961b558b5504bbce60558c67a210656ba702e5	specs/006-public-release-prep/contracts/public-hygiene.md	F4
P14	ddc76ce06941cff6b08cbfdae600810c29400824	outputs/.plans/neighborhood-tree-canopy-heat-aggregation-review.md	F4
P14	ddc76ce06941cff6b08cbfdae600810c29400824	outputs/.plans/neighborhood-tree-canopy-heat-aggregation-verification.md	F4
P14	ddc76ce06941cff6b08cbfdae600810c29400824	outputs/tree-canopy-30-heat-verifier-report.md	F4
P14	ddc76ce06941cff6b08cbfdae600810c29400824	specs/011-heatwave-map-insights/research.md	F4
P14	dfa3c59167a48ca53461dcbea4e2ca5dead3f8e1	scripts/check-public.sh	F4
P14	dfa3c59167a48ca53461dcbea4e2ca5dead3f8e1	specs/006-public-release-prep/contracts/public-hygiene.md	F4
P14	e6341c95f1b881d43ce5aba6545d55911f1e6737	outputs/.plans/neighborhood-tree-canopy-heat-aggregation-review.md	F4
P14	e6341c95f1b881d43ce5aba6545d55911f1e6737	outputs/.plans/neighborhood-tree-canopy-heat-aggregation-verification.md	F4
P14	e6341c95f1b881d43ce5aba6545d55911f1e6737	outputs/tree-canopy-30-heat-verifier-report.md	F4
P14	e6341c95f1b881d43ce5aba6545d55911f1e6737	specs/011-heatwave-map-insights/research.md	F4
P14	f32dd04d1316db33c6329522fbac929aaeceb9b3	scripts/check-public.sh	F4
P14	f32dd04d1316db33c6329522fbac929aaeceb9b3	specs/006-public-release-prep/contracts/public-hygiene.md	F4
P15	01250943e893679895f9077b06e56dd18ece81f6	specs/006-public-release-prep/contracts/license.md	F4
P15	01250943e893679895f9077b06e56dd18ece81f6	specs/006-public-release-prep/research.md	F4
P15	030fa92bac3e38a918b80c9d5eb58b450a5056a9	specs/006-public-release-prep/contracts/license.md	F4
P15	030fa92bac3e38a918b80c9d5eb58b450a5056a9	specs/006-public-release-prep/research.md	F4
P15	04cce8d4a7748a839ca4ea3e80d48f5e4624243e	specs/006-public-release-prep/contracts/license.md	F4
P15	04cce8d4a7748a839ca4ea3e80d48f5e4624243e	specs/006-public-release-prep/research.md	F4
P15	1a1f2a483197d5932c612399fac787e18dfa02c7	specs/006-public-release-prep/contracts/license.md	F4
P15	1a1f2a483197d5932c612399fac787e18dfa02c7	specs/006-public-release-prep/research.md	F4
P15	2219f425324dab473e895fdb3597083c4821baf8	scripts/check-public.sh	F4
P15	2219f425324dab473e895fdb3597083c4821baf8	specs/006-public-release-prep/contracts/public-hygiene.md	F4
P15	3140f3f79bd6e02feb6a3f090681dbd211936767	specs/006-public-release-prep/contracts/license.md	F4
P15	3140f3f79bd6e02feb6a3f090681dbd211936767	specs/006-public-release-prep/research.md	F4
P15	318380c133e1e9914352cfeba38797ba706dd60e	specs/006-public-release-prep/contracts/license.md	F4
P15	318380c133e1e9914352cfeba38797ba706dd60e	specs/006-public-release-prep/research.md	F4
P15	3221dd965741844712e8868187d9104050b98a3a	specs/006-public-release-prep/contracts/license.md	F4
P15	3221dd965741844712e8868187d9104050b98a3a	specs/006-public-release-prep/research.md	F4
P15	32f3cb53c346aff32bfeea10e5db49026f60abec	specs/006-public-release-prep/contracts/license.md	F4
P15	32f3cb53c346aff32bfeea10e5db49026f60abec	specs/006-public-release-prep/research.md	F4
P15	4392d13b7560d57a779f436832f96fde53cab6f9	specs/006-public-release-prep/contracts/license.md	F4
P15	4392d13b7560d57a779f436832f96fde53cab6f9	specs/006-public-release-prep/research.md	F4
P15	46495495e4715485f6ff503c29e4eb95b2293ff1	scripts/check-public.sh	F4
P15	46495495e4715485f6ff503c29e4eb95b2293ff1	specs/006-public-release-prep/contracts/public-hygiene.md	F4
P15	586e9270671a2a026edfd110fde761d9a27c3717	scripts/check-public.sh	F4
P15	586e9270671a2a026edfd110fde761d9a27c3717	specs/006-public-release-prep/contracts/public-hygiene.md	F4
P15	5c4885b12e2e4ee1dd53c1202ae0ce29fde2dfc0	specs/006-public-release-prep/contracts/license.md	F4
P15	5c4885b12e2e4ee1dd53c1202ae0ce29fde2dfc0	specs/006-public-release-prep/research.md	F4
P15	5f1c73637bb8caab8dfeb74f98adecf486ecfffc	specs/006-public-release-prep/contracts/license.md	F4
P15	5f1c73637bb8caab8dfeb74f98adecf486ecfffc	specs/006-public-release-prep/research.md	F4
P15	5fea58cecfd2ce998006fa62bbcc7817fc4ed9f9	scripts/check-public.sh	F4
P15	5fea58cecfd2ce998006fa62bbcc7817fc4ed9f9	specs/006-public-release-prep/contracts/public-hygiene.md	F4
P15	6c356a2fb82d5aca5cbaba03607e5e92564dbe24	specs/006-public-release-prep/contracts/license.md	F4
P15	6c356a2fb82d5aca5cbaba03607e5e92564dbe24	specs/006-public-release-prep/research.md	F4
P15	6de34dda83483e93288385a6d2acbc05aa5b860b	specs/006-public-release-prep/contracts/license.md	F4
P15	6de34dda83483e93288385a6d2acbc05aa5b860b	specs/006-public-release-prep/research.md	F4
P15	73d6c5d6a793e4241938c9964b2d75b67ec67a72	specs/006-public-release-prep/contracts/license.md	F4
P15	73d6c5d6a793e4241938c9964b2d75b67ec67a72	specs/006-public-release-prep/research.md	F4
P15	7b6f77bd257fc87429da3976e427731bcc604b60	specs/006-public-release-prep/contracts/license.md	F4
P15	7b6f77bd257fc87429da3976e427731bcc604b60	specs/006-public-release-prep/research.md	F4
P15	806327a60f8e89c5bd7d9aaa3fcf246a2137e4d9	specs/006-public-release-prep/contracts/license.md	F4
P15	806327a60f8e89c5bd7d9aaa3fcf246a2137e4d9	specs/006-public-release-prep/research.md	F4
P15	8508bacd184acdd3342e5d82114c294a22eb6336	specs/006-public-release-prep/contracts/license.md	F4
P15	8508bacd184acdd3342e5d82114c294a22eb6336	specs/006-public-release-prep/research.md	F4
P15	89e2c1520ad0927fd99bf73ef5d71683b3abd2f3	specs/006-public-release-prep/contracts/license.md	F4
P15	89e2c1520ad0927fd99bf73ef5d71683b3abd2f3	specs/006-public-release-prep/research.md	F4
P15	8d7deecf5759e64fb54b4695c2ceeeaf3c174591	specs/006-public-release-prep/contracts/license.md	F4
P15	8d7deecf5759e64fb54b4695c2ceeeaf3c174591	specs/006-public-release-prep/research.md	F4
P15	90257c2e6a5ebf284a0fc4b347acd36d6e09fe7a	scripts/check-public.sh	F4
P15	90257c2e6a5ebf284a0fc4b347acd36d6e09fe7a	specs/006-public-release-prep/contracts/public-hygiene.md	F4
P15	994cbdffd5e3551a5fe2b957674243dfc3093a98	specs/006-public-release-prep/contracts/license.md	F4
P15	994cbdffd5e3551a5fe2b957674243dfc3093a98	specs/006-public-release-prep/research.md	F4
P15	9ba0496c8f22d3228edac1e43e42844c91bf564b	scripts/check-public.sh	F4
P15	9ba0496c8f22d3228edac1e43e42844c91bf564b	specs/006-public-release-prep/contracts/public-hygiene.md	F4
P15	9ce873273538517c9d136cd532ae2b1687152828	specs/006-public-release-prep/contracts/license.md	F4
P15	9ce873273538517c9d136cd532ae2b1687152828	specs/006-public-release-prep/research.md	F4
P15	a0900f103a2ab171e7294265b1242f3c69890f06	specs/006-public-release-prep/contracts/license.md	F4
P15	a0900f103a2ab171e7294265b1242f3c69890f06	specs/006-public-release-prep/research.md	F4
P15	a7bf3b91ec8ef6d213f92a43cfcf8f0aedef018a	specs/006-public-release-prep/contracts/license.md	F4
P15	a7bf3b91ec8ef6d213f92a43cfcf8f0aedef018a	specs/006-public-release-prep/research.md	F4
P15	b03deba37eb75edb12188052429c8ccaad6e7354	specs/006-public-release-prep/contracts/license.md	F4
P15	b03deba37eb75edb12188052429c8ccaad6e7354	specs/006-public-release-prep/research.md	F4
P15	b1d9fbb412126e12057ef5d0a596c35da67ae427	specs/006-public-release-prep/contracts/license.md	F4
P15	b1d9fbb412126e12057ef5d0a596c35da67ae427	specs/006-public-release-prep/research.md	F4
P15	b69b377a196d691a9f617f08631ec49c4cc867d5	specs/006-public-release-prep/contracts/license.md	F4
P15	b69b377a196d691a9f617f08631ec49c4cc867d5	specs/006-public-release-prep/research.md	F4
P15	bc6212ec3203a47cdfe91c4517caa850adbb9a61	scripts/check-public.sh	F4
P15	bc6212ec3203a47cdfe91c4517caa850adbb9a61	specs/006-public-release-prep/contracts/public-hygiene.md	F4
P15	bd77ff250fb75f5916cf894f9dc1192e7e2aa153	scripts/check-public.sh	F4
P15	bd77ff250fb75f5916cf894f9dc1192e7e2aa153	specs/006-public-release-prep/contracts/public-hygiene.md	F4
P15	c00eeda740b58a93654acb2ea6bb997adcf37748	specs/006-public-release-prep/contracts/license.md	F4
P15	c00eeda740b58a93654acb2ea6bb997adcf37748	specs/006-public-release-prep/research.md	F4
P15	c40f61b57b0f3643970d904664fb51e3393e2463	specs/006-public-release-prep/contracts/license.md	F4
P15	c40f61b57b0f3643970d904664fb51e3393e2463	specs/006-public-release-prep/research.md	F4
P15	ca13a454aaec9ba685c4cecda535b1c26446bcc1	specs/006-public-release-prep/contracts/license.md	F4
P15	ca13a454aaec9ba685c4cecda535b1c26446bcc1	specs/006-public-release-prep/research.md	F4
P15	cc94165a3528dcb6ef1eaebb4f242e3d814c79b5	specs/006-public-release-prep/contracts/license.md	F4
P15	cc94165a3528dcb6ef1eaebb4f242e3d814c79b5	specs/006-public-release-prep/research.md	F4
P15	d1311d6888bafab6deed9658a6cb395d5d771e0d	scripts/check-public.sh	F4
P15	d1311d6888bafab6deed9658a6cb395d5d771e0d	specs/006-public-release-prep/contracts/public-hygiene.md	F4
P15	d3961b558b5504bbce60558c67a210656ba702e5	scripts/check-public.sh	F4
P15	d3961b558b5504bbce60558c67a210656ba702e5	specs/006-public-release-prep/contracts/public-hygiene.md	F4
P15	d57a414d6fb8f3a021aab7015d896c8806a14c40	specs/006-public-release-prep/contracts/license.md	F4
P15	d57a414d6fb8f3a021aab7015d896c8806a14c40	specs/006-public-release-prep/research.md	F4
P15	d694dc9b54513b598fe5204a3dae9d045ab8a810	specs/006-public-release-prep/contracts/license.md	F4
P15	d694dc9b54513b598fe5204a3dae9d045ab8a810	specs/006-public-release-prep/research.md	F4
P15	da42f0dd248360cef20d0f96b29cb4c391129c89	specs/006-public-release-prep/contracts/license.md	F4
P15	da42f0dd248360cef20d0f96b29cb4c391129c89	specs/006-public-release-prep/research.md	F4
P15	dbadbf70eeeae0962d2128c97470f023f307acd3	specs/006-public-release-prep/contracts/license.md	F4
P15	dbadbf70eeeae0962d2128c97470f023f307acd3	specs/006-public-release-prep/research.md	F4
P15	ddc76ce06941cff6b08cbfdae600810c29400824	specs/006-public-release-prep/contracts/license.md	F4
P15	ddc76ce06941cff6b08cbfdae600810c29400824	specs/006-public-release-prep/research.md	F4
P15	de59d3f0b89db21b1d4cc5612a83a5ca0599c03f	specs/006-public-release-prep/contracts/license.md	F4
P15	de59d3f0b89db21b1d4cc5612a83a5ca0599c03f	specs/006-public-release-prep/research.md	F4
P15	dfa3c59167a48ca53461dcbea4e2ca5dead3f8e1	scripts/check-public.sh	F4
P15	dfa3c59167a48ca53461dcbea4e2ca5dead3f8e1	specs/006-public-release-prep/contracts/public-hygiene.md	F4
P15	e6341c95f1b881d43ce5aba6545d55911f1e6737	specs/006-public-release-prep/contracts/license.md	F4
P15	e6341c95f1b881d43ce5aba6545d55911f1e6737	specs/006-public-release-prep/research.md	F4
P15	e7831eb57278a20a477fdefa79210f9c4873cba7	specs/006-public-release-prep/contracts/license.md	F4
P15	e7831eb57278a20a477fdefa79210f9c4873cba7	specs/006-public-release-prep/research.md	F4
P15	eb765c23eb72f8e9e10a3a937c2f3dcbd72fb039	specs/006-public-release-prep/contracts/license.md	F4
P15	eb765c23eb72f8e9e10a3a937c2f3dcbd72fb039	specs/006-public-release-prep/research.md	F4
P15	f02f2f199ecfa9ddc8395f8f069aafcf22bd016a	specs/006-public-release-prep/contracts/license.md	F4
P15	f02f2f199ecfa9ddc8395f8f069aafcf22bd016a	specs/006-public-release-prep/research.md	F4
P15	f32dd04d1316db33c6329522fbac929aaeceb9b3	scripts/check-public.sh	F4
P15	f32dd04d1316db33c6329522fbac929aaeceb9b3	specs/006-public-release-prep/contracts/public-hygiene.md	F4
P16	2219f425324dab473e895fdb3597083c4821baf8	scripts/check-public.sh	F4
P16	2219f425324dab473e895fdb3597083c4821baf8	specs/006-public-release-prep/contracts/public-hygiene.md	F4
P16	318380c133e1e9914352cfeba38797ba706dd60e	cited.md	F4
P16	318380c133e1e9914352cfeba38797ba706dd60e	outputs/.plans/neighborhood-tree-canopy-heat-aggregation-cited.md	F4
P16	318380c133e1e9914352cfeba38797ba706dd60e	outputs/.plans/neighborhood-tree-canopy-heat-aggregation-draft.md	F4
P16	318380c133e1e9914352cfeba38797ba706dd60e	outputs/.plans/urban-tree-canopy-shade-guideline.md	F4
P16	318380c133e1e9914352cfeba38797ba706dd60e	outputs/neighborhood-tree-canopy-heat-aggregation.md	F4
P16	318380c133e1e9914352cfeba38797ba706dd60e	outputs/neighborhood-tree-canopy-heat-aggregation.provenance.md	F4
P16	3221dd965741844712e8868187d9104050b98a3a	cited.md	F4
P16	3221dd965741844712e8868187d9104050b98a3a	outputs/.plans/neighborhood-tree-canopy-heat-aggregation-cited.md	F4
P16	3221dd965741844712e8868187d9104050b98a3a	outputs/.plans/neighborhood-tree-canopy-heat-aggregation-draft.md	F4
P16	3221dd965741844712e8868187d9104050b98a3a	outputs/.plans/urban-tree-canopy-shade-guideline.md	F4
P16	3221dd965741844712e8868187d9104050b98a3a	outputs/neighborhood-tree-canopy-heat-aggregation.md	F4
P16	3221dd965741844712e8868187d9104050b98a3a	outputs/neighborhood-tree-canopy-heat-aggregation.provenance.md	F4
P16	46495495e4715485f6ff503c29e4eb95b2293ff1	scripts/check-public.sh	F4
P16	46495495e4715485f6ff503c29e4eb95b2293ff1	specs/006-public-release-prep/contracts/public-hygiene.md	F4
P16	586e9270671a2a026edfd110fde761d9a27c3717	scripts/check-public.sh	F4
P16	586e9270671a2a026edfd110fde761d9a27c3717	specs/006-public-release-prep/contracts/public-hygiene.md	F4
P16	5fea58cecfd2ce998006fa62bbcc7817fc4ed9f9	scripts/check-public.sh	F4
P16	5fea58cecfd2ce998006fa62bbcc7817fc4ed9f9	specs/006-public-release-prep/contracts/public-hygiene.md	F4
P16	73d6c5d6a793e4241938c9964b2d75b67ec67a72	cited.md	F4
P16	73d6c5d6a793e4241938c9964b2d75b67ec67a72	outputs/.plans/neighborhood-tree-canopy-heat-aggregation-cited.md	F4
P16	73d6c5d6a793e4241938c9964b2d75b67ec67a72	outputs/.plans/neighborhood-tree-canopy-heat-aggregation-draft.md	F4
P16	73d6c5d6a793e4241938c9964b2d75b67ec67a72	outputs/.plans/urban-tree-canopy-shade-guideline.md	F4
P16	73d6c5d6a793e4241938c9964b2d75b67ec67a72	outputs/neighborhood-tree-canopy-heat-aggregation.md	F4
P16	73d6c5d6a793e4241938c9964b2d75b67ec67a72	outputs/neighborhood-tree-canopy-heat-aggregation.provenance.md	F4
P16	806327a60f8e89c5bd7d9aaa3fcf246a2137e4d9	cited.md	F4
P16	806327a60f8e89c5bd7d9aaa3fcf246a2137e4d9	outputs/.plans/neighborhood-tree-canopy-heat-aggregation-cited.md	F4
P16	806327a60f8e89c5bd7d9aaa3fcf246a2137e4d9	outputs/.plans/neighborhood-tree-canopy-heat-aggregation-draft.md	F4
P16	806327a60f8e89c5bd7d9aaa3fcf246a2137e4d9	outputs/.plans/urban-tree-canopy-shade-guideline.md	F4
P16	806327a60f8e89c5bd7d9aaa3fcf246a2137e4d9	outputs/neighborhood-tree-canopy-heat-aggregation.md	F4
P16	806327a60f8e89c5bd7d9aaa3fcf246a2137e4d9	outputs/neighborhood-tree-canopy-heat-aggregation.provenance.md	F4
P16	90257c2e6a5ebf284a0fc4b347acd36d6e09fe7a	scripts/check-public.sh	F4
P16	90257c2e6a5ebf284a0fc4b347acd36d6e09fe7a	specs/006-public-release-prep/contracts/public-hygiene.md	F4
P16	994cbdffd5e3551a5fe2b957674243dfc3093a98	cited.md	F4
P16	994cbdffd5e3551a5fe2b957674243dfc3093a98	outputs/.plans/neighborhood-tree-canopy-heat-aggregation-cited.md	F4
P16	994cbdffd5e3551a5fe2b957674243dfc3093a98	outputs/.plans/neighborhood-tree-canopy-heat-aggregation-draft.md	F4
P16	994cbdffd5e3551a5fe2b957674243dfc3093a98	outputs/.plans/urban-tree-canopy-shade-guideline.md	F4
P16	994cbdffd5e3551a5fe2b957674243dfc3093a98	outputs/neighborhood-tree-canopy-heat-aggregation.md	F4
P16	994cbdffd5e3551a5fe2b957674243dfc3093a98	outputs/neighborhood-tree-canopy-heat-aggregation.provenance.md	F4
P16	9ba0496c8f22d3228edac1e43e42844c91bf564b	scripts/check-public.sh	F4
P16	9ba0496c8f22d3228edac1e43e42844c91bf564b	specs/006-public-release-prep/contracts/public-hygiene.md	F4
P16	bc6212ec3203a47cdfe91c4517caa850adbb9a61	scripts/check-public.sh	F4
P16	bc6212ec3203a47cdfe91c4517caa850adbb9a61	specs/006-public-release-prep/contracts/public-hygiene.md	F4
P16	bd77ff250fb75f5916cf894f9dc1192e7e2aa153	scripts/check-public.sh	F4
P16	bd77ff250fb75f5916cf894f9dc1192e7e2aa153	specs/006-public-release-prep/contracts/public-hygiene.md	F4
P16	c40f61b57b0f3643970d904664fb51e3393e2463	cited.md	F4
P16	c40f61b57b0f3643970d904664fb51e3393e2463	outputs/.plans/neighborhood-tree-canopy-heat-aggregation-cited.md	F4
P16	c40f61b57b0f3643970d904664fb51e3393e2463	outputs/.plans/neighborhood-tree-canopy-heat-aggregation-draft.md	F4
P16	c40f61b57b0f3643970d904664fb51e3393e2463	outputs/.plans/urban-tree-canopy-shade-guideline.md	F4
P16	c40f61b57b0f3643970d904664fb51e3393e2463	outputs/neighborhood-tree-canopy-heat-aggregation.md	F4
P16	c40f61b57b0f3643970d904664fb51e3393e2463	outputs/neighborhood-tree-canopy-heat-aggregation.provenance.md	F4
P16	d1311d6888bafab6deed9658a6cb395d5d771e0d	scripts/check-public.sh	F4
P16	d1311d6888bafab6deed9658a6cb395d5d771e0d	specs/006-public-release-prep/contracts/public-hygiene.md	F4
P16	d3961b558b5504bbce60558c67a210656ba702e5	scripts/check-public.sh	F4
P16	d3961b558b5504bbce60558c67a210656ba702e5	specs/006-public-release-prep/contracts/public-hygiene.md	F4
P16	ddc76ce06941cff6b08cbfdae600810c29400824	cited.md	F4
P16	ddc76ce06941cff6b08cbfdae600810c29400824	outputs/.plans/neighborhood-tree-canopy-heat-aggregation-cited.md	F4
P16	ddc76ce06941cff6b08cbfdae600810c29400824	outputs/.plans/neighborhood-tree-canopy-heat-aggregation-draft.md	F4
P16	ddc76ce06941cff6b08cbfdae600810c29400824	outputs/.plans/urban-tree-canopy-shade-guideline.md	F4
P16	ddc76ce06941cff6b08cbfdae600810c29400824	outputs/neighborhood-tree-canopy-heat-aggregation.md	F4
P16	ddc76ce06941cff6b08cbfdae600810c29400824	outputs/neighborhood-tree-canopy-heat-aggregation.provenance.md	F4
P16	dfa3c59167a48ca53461dcbea4e2ca5dead3f8e1	scripts/check-public.sh	F4
P16	dfa3c59167a48ca53461dcbea4e2ca5dead3f8e1	specs/006-public-release-prep/contracts/public-hygiene.md	F4
P16	e6341c95f1b881d43ce5aba6545d55911f1e6737	cited.md	F4
P16	e6341c95f1b881d43ce5aba6545d55911f1e6737	outputs/.plans/neighborhood-tree-canopy-heat-aggregation-cited.md	F4
P16	e6341c95f1b881d43ce5aba6545d55911f1e6737	outputs/.plans/neighborhood-tree-canopy-heat-aggregation-draft.md	F4
P16	e6341c95f1b881d43ce5aba6545d55911f1e6737	outputs/.plans/urban-tree-canopy-shade-guideline.md	F4
P16	e6341c95f1b881d43ce5aba6545d55911f1e6737	outputs/neighborhood-tree-canopy-heat-aggregation.md	F4
P16	e6341c95f1b881d43ce5aba6545d55911f1e6737	outputs/neighborhood-tree-canopy-heat-aggregation.provenance.md	F4
P16	f32dd04d1316db33c6329522fbac929aaeceb9b3	scripts/check-public.sh	F4
P16	f32dd04d1316db33c6329522fbac929aaeceb9b3	specs/006-public-release-prep/contracts/public-hygiene.md	F4
P17	2219f425324dab473e895fdb3597083c4821baf8	scripts/check-public.sh	F4
P17	2219f425324dab473e895fdb3597083c4821baf8	specs/006-public-release-prep/contracts/public-hygiene.md	F4
P17	318380c133e1e9914352cfeba38797ba706dd60e	cited.md	F4
P17	318380c133e1e9914352cfeba38797ba706dd60e	outputs/.plans/neighborhood-tree-canopy-heat-aggregation-cited.md	F4
P17	318380c133e1e9914352cfeba38797ba706dd60e	outputs/.plans/neighborhood-tree-canopy-heat-aggregation-verification.md	F4
P17	318380c133e1e9914352cfeba38797ba706dd60e	outputs/neighborhood-tree-canopy-heat-aggregation.provenance.md	F4
P17	3221dd965741844712e8868187d9104050b98a3a	cited.md	F4
P17	3221dd965741844712e8868187d9104050b98a3a	outputs/.plans/neighborhood-tree-canopy-heat-aggregation-cited.md	F4
P17	3221dd965741844712e8868187d9104050b98a3a	outputs/.plans/neighborhood-tree-canopy-heat-aggregation-verification.md	F4
P17	3221dd965741844712e8868187d9104050b98a3a	outputs/neighborhood-tree-canopy-heat-aggregation.provenance.md	F4
P17	46495495e4715485f6ff503c29e4eb95b2293ff1	scripts/check-public.sh	F4
P17	46495495e4715485f6ff503c29e4eb95b2293ff1	specs/006-public-release-prep/contracts/public-hygiene.md	F4
P17	586e9270671a2a026edfd110fde761d9a27c3717	scripts/check-public.sh	F4
P17	586e9270671a2a026edfd110fde761d9a27c3717	specs/006-public-release-prep/contracts/public-hygiene.md	F4
P17	5fea58cecfd2ce998006fa62bbcc7817fc4ed9f9	scripts/check-public.sh	F4
P17	5fea58cecfd2ce998006fa62bbcc7817fc4ed9f9	specs/006-public-release-prep/contracts/public-hygiene.md	F4
P17	73d6c5d6a793e4241938c9964b2d75b67ec67a72	cited.md	F4
P17	73d6c5d6a793e4241938c9964b2d75b67ec67a72	outputs/.plans/neighborhood-tree-canopy-heat-aggregation-cited.md	F4
P17	73d6c5d6a793e4241938c9964b2d75b67ec67a72	outputs/.plans/neighborhood-tree-canopy-heat-aggregation-verification.md	F4
P17	73d6c5d6a793e4241938c9964b2d75b67ec67a72	outputs/neighborhood-tree-canopy-heat-aggregation.provenance.md	F4
P17	806327a60f8e89c5bd7d9aaa3fcf246a2137e4d9	cited.md	F4
P17	806327a60f8e89c5bd7d9aaa3fcf246a2137e4d9	outputs/.plans/neighborhood-tree-canopy-heat-aggregation-cited.md	F4
P17	806327a60f8e89c5bd7d9aaa3fcf246a2137e4d9	outputs/.plans/neighborhood-tree-canopy-heat-aggregation-verification.md	F4
P17	806327a60f8e89c5bd7d9aaa3fcf246a2137e4d9	outputs/neighborhood-tree-canopy-heat-aggregation.provenance.md	F4
P17	90257c2e6a5ebf284a0fc4b347acd36d6e09fe7a	scripts/check-public.sh	F4
P17	90257c2e6a5ebf284a0fc4b347acd36d6e09fe7a	specs/006-public-release-prep/contracts/public-hygiene.md	F4
P17	994cbdffd5e3551a5fe2b957674243dfc3093a98	cited.md	F4
P17	994cbdffd5e3551a5fe2b957674243dfc3093a98	outputs/.plans/neighborhood-tree-canopy-heat-aggregation-cited.md	F4
P17	994cbdffd5e3551a5fe2b957674243dfc3093a98	outputs/.plans/neighborhood-tree-canopy-heat-aggregation-verification.md	F4
P17	994cbdffd5e3551a5fe2b957674243dfc3093a98	outputs/neighborhood-tree-canopy-heat-aggregation.provenance.md	F4
P17	9ba0496c8f22d3228edac1e43e42844c91bf564b	scripts/check-public.sh	F4
P17	9ba0496c8f22d3228edac1e43e42844c91bf564b	specs/006-public-release-prep/contracts/public-hygiene.md	F4
P17	bc6212ec3203a47cdfe91c4517caa850adbb9a61	scripts/check-public.sh	F4
P17	bc6212ec3203a47cdfe91c4517caa850adbb9a61	specs/006-public-release-prep/contracts/public-hygiene.md	F4
P17	bd77ff250fb75f5916cf894f9dc1192e7e2aa153	scripts/check-public.sh	F4
P17	bd77ff250fb75f5916cf894f9dc1192e7e2aa153	specs/006-public-release-prep/contracts/public-hygiene.md	F4
P17	c40f61b57b0f3643970d904664fb51e3393e2463	cited.md	F4
P17	c40f61b57b0f3643970d904664fb51e3393e2463	outputs/.plans/neighborhood-tree-canopy-heat-aggregation-cited.md	F4
P17	c40f61b57b0f3643970d904664fb51e3393e2463	outputs/.plans/neighborhood-tree-canopy-heat-aggregation-verification.md	F4
P17	c40f61b57b0f3643970d904664fb51e3393e2463	outputs/neighborhood-tree-canopy-heat-aggregation.provenance.md	F4
P17	d1311d6888bafab6deed9658a6cb395d5d771e0d	scripts/check-public.sh	F4
P17	d1311d6888bafab6deed9658a6cb395d5d771e0d	specs/006-public-release-prep/contracts/public-hygiene.md	F4
P17	d3961b558b5504bbce60558c67a210656ba702e5	scripts/check-public.sh	F4
P17	d3961b558b5504bbce60558c67a210656ba702e5	specs/006-public-release-prep/contracts/public-hygiene.md	F4
P17	ddc76ce06941cff6b08cbfdae600810c29400824	cited.md	F4
P17	ddc76ce06941cff6b08cbfdae600810c29400824	outputs/.plans/neighborhood-tree-canopy-heat-aggregation-cited.md	F4
P17	ddc76ce06941cff6b08cbfdae600810c29400824	outputs/.plans/neighborhood-tree-canopy-heat-aggregation-verification.md	F4
P17	ddc76ce06941cff6b08cbfdae600810c29400824	outputs/neighborhood-tree-canopy-heat-aggregation.provenance.md	F4
P17	dfa3c59167a48ca53461dcbea4e2ca5dead3f8e1	scripts/check-public.sh	F4
P17	dfa3c59167a48ca53461dcbea4e2ca5dead3f8e1	specs/006-public-release-prep/contracts/public-hygiene.md	F4
P17	e6341c95f1b881d43ce5aba6545d55911f1e6737	cited.md	F4
P17	e6341c95f1b881d43ce5aba6545d55911f1e6737	outputs/.plans/neighborhood-tree-canopy-heat-aggregation-cited.md	F4
P17	e6341c95f1b881d43ce5aba6545d55911f1e6737	outputs/.plans/neighborhood-tree-canopy-heat-aggregation-verification.md	F4
P17	e6341c95f1b881d43ce5aba6545d55911f1e6737	outputs/neighborhood-tree-canopy-heat-aggregation.provenance.md	F4
P17	f32dd04d1316db33c6329522fbac929aaeceb9b3	scripts/check-public.sh	F4
P17	f32dd04d1316db33c6329522fbac929aaeceb9b3	specs/006-public-release-prep/contracts/public-hygiene.md	F4
P18	2219f425324dab473e895fdb3597083c4821baf8	scripts/check-public.sh	F4
P18	2219f425324dab473e895fdb3597083c4821baf8	specs/006-public-release-prep/contracts/public-hygiene.md	F4
P18	318380c133e1e9914352cfeba38797ba706dd60e	outputs/.plans/neighborhood-tree-canopy-heat-aggregation-verification.md	F4
P18	318380c133e1e9914352cfeba38797ba706dd60e	outputs/.plans/neighborhood-tree-canopy-heat-aggregation.md	F4
P18	318380c133e1e9914352cfeba38797ba706dd60e	outputs/neighborhood-tree-canopy-heat-aggregation.provenance.md	F4
P18	3221dd965741844712e8868187d9104050b98a3a	outputs/.plans/neighborhood-tree-canopy-heat-aggregation-verification.md	F4
P18	3221dd965741844712e8868187d9104050b98a3a	outputs/.plans/neighborhood-tree-canopy-heat-aggregation.md	F4
P18	3221dd965741844712e8868187d9104050b98a3a	outputs/neighborhood-tree-canopy-heat-aggregation.provenance.md	F4
P18	46495495e4715485f6ff503c29e4eb95b2293ff1	scripts/check-public.sh	F4
P18	46495495e4715485f6ff503c29e4eb95b2293ff1	specs/006-public-release-prep/contracts/public-hygiene.md	F4
P18	586e9270671a2a026edfd110fde761d9a27c3717	scripts/check-public.sh	F4
P18	586e9270671a2a026edfd110fde761d9a27c3717	specs/006-public-release-prep/contracts/public-hygiene.md	F4
P18	5fea58cecfd2ce998006fa62bbcc7817fc4ed9f9	scripts/check-public.sh	F4
P18	5fea58cecfd2ce998006fa62bbcc7817fc4ed9f9	specs/006-public-release-prep/contracts/public-hygiene.md	F4
P18	73d6c5d6a793e4241938c9964b2d75b67ec67a72	outputs/.plans/neighborhood-tree-canopy-heat-aggregation-verification.md	F4
P18	73d6c5d6a793e4241938c9964b2d75b67ec67a72	outputs/.plans/neighborhood-tree-canopy-heat-aggregation.md	F4
P18	73d6c5d6a793e4241938c9964b2d75b67ec67a72	outputs/neighborhood-tree-canopy-heat-aggregation.provenance.md	F4
P18	806327a60f8e89c5bd7d9aaa3fcf246a2137e4d9	outputs/.plans/neighborhood-tree-canopy-heat-aggregation-verification.md	F4
P18	806327a60f8e89c5bd7d9aaa3fcf246a2137e4d9	outputs/.plans/neighborhood-tree-canopy-heat-aggregation.md	F4
P18	806327a60f8e89c5bd7d9aaa3fcf246a2137e4d9	outputs/neighborhood-tree-canopy-heat-aggregation.provenance.md	F4
P18	90257c2e6a5ebf284a0fc4b347acd36d6e09fe7a	scripts/check-public.sh	F4
P18	90257c2e6a5ebf284a0fc4b347acd36d6e09fe7a	specs/006-public-release-prep/contracts/public-hygiene.md	F4
P18	994cbdffd5e3551a5fe2b957674243dfc3093a98	outputs/.plans/neighborhood-tree-canopy-heat-aggregation-verification.md	F4
P18	994cbdffd5e3551a5fe2b957674243dfc3093a98	outputs/.plans/neighborhood-tree-canopy-heat-aggregation.md	F4
P18	994cbdffd5e3551a5fe2b957674243dfc3093a98	outputs/neighborhood-tree-canopy-heat-aggregation.provenance.md	F4
P18	9ba0496c8f22d3228edac1e43e42844c91bf564b	scripts/check-public.sh	F4
P18	9ba0496c8f22d3228edac1e43e42844c91bf564b	specs/006-public-release-prep/contracts/public-hygiene.md	F4
P18	bc6212ec3203a47cdfe91c4517caa850adbb9a61	scripts/check-public.sh	F4
P18	bc6212ec3203a47cdfe91c4517caa850adbb9a61	specs/006-public-release-prep/contracts/public-hygiene.md	F4
P18	bd77ff250fb75f5916cf894f9dc1192e7e2aa153	scripts/check-public.sh	F4
P18	bd77ff250fb75f5916cf894f9dc1192e7e2aa153	specs/006-public-release-prep/contracts/public-hygiene.md	F4
P18	c40f61b57b0f3643970d904664fb51e3393e2463	outputs/.plans/neighborhood-tree-canopy-heat-aggregation-verification.md	F4
P18	c40f61b57b0f3643970d904664fb51e3393e2463	outputs/.plans/neighborhood-tree-canopy-heat-aggregation.md	F4
P18	c40f61b57b0f3643970d904664fb51e3393e2463	outputs/neighborhood-tree-canopy-heat-aggregation.provenance.md	F4
P18	d1311d6888bafab6deed9658a6cb395d5d771e0d	scripts/check-public.sh	F4
P18	d1311d6888bafab6deed9658a6cb395d5d771e0d	specs/006-public-release-prep/contracts/public-hygiene.md	F4
P18	d3961b558b5504bbce60558c67a210656ba702e5	scripts/check-public.sh	F4
P18	d3961b558b5504bbce60558c67a210656ba702e5	specs/006-public-release-prep/contracts/public-hygiene.md	F4
P18	ddc76ce06941cff6b08cbfdae600810c29400824	outputs/.plans/neighborhood-tree-canopy-heat-aggregation-verification.md	F4
P18	ddc76ce06941cff6b08cbfdae600810c29400824	outputs/.plans/neighborhood-tree-canopy-heat-aggregation.md	F4
P18	ddc76ce06941cff6b08cbfdae600810c29400824	outputs/neighborhood-tree-canopy-heat-aggregation.provenance.md	F4
P18	dfa3c59167a48ca53461dcbea4e2ca5dead3f8e1	scripts/check-public.sh	F4
P18	dfa3c59167a48ca53461dcbea4e2ca5dead3f8e1	specs/006-public-release-prep/contracts/public-hygiene.md	F4
P18	e6341c95f1b881d43ce5aba6545d55911f1e6737	outputs/.plans/neighborhood-tree-canopy-heat-aggregation-verification.md	F4
P18	e6341c95f1b881d43ce5aba6545d55911f1e6737	outputs/.plans/neighborhood-tree-canopy-heat-aggregation.md	F4
P18	e6341c95f1b881d43ce5aba6545d55911f1e6737	outputs/neighborhood-tree-canopy-heat-aggregation.provenance.md	F4
P18	f32dd04d1316db33c6329522fbac929aaeceb9b3	scripts/check-public.sh	F4
P18	f32dd04d1316db33c6329522fbac929aaeceb9b3	specs/006-public-release-prep/contracts/public-hygiene.md	F4
P19	2219f425324dab473e895fdb3597083c4821baf8	scripts/check-public.sh	F4
P19	2219f425324dab473e895fdb3597083c4821baf8	specs/006-public-release-prep/contracts/public-hygiene.md	F4
P19	318380c133e1e9914352cfeba38797ba706dd60e	CHANGELOG.md	F4
P19	318380c133e1e9914352cfeba38797ba706dd60e	outputs/.plans/neighborhood-tree-canopy-heat-aggregation.md	F4
P19	318380c133e1e9914352cfeba38797ba706dd60e	outputs/neighborhood-tree-canopy-heat-aggregation.provenance.md	F4
P19	318380c133e1e9914352cfeba38797ba706dd60e	outputs/tree-canopy-30-heat-verifier-report.md	F4
P19	318380c133e1e9914352cfeba38797ba706dd60e	outputs/tree-canopy-30-heat.provenance.md	F4
P19	3221dd965741844712e8868187d9104050b98a3a	CHANGELOG.md	F4
P19	3221dd965741844712e8868187d9104050b98a3a	outputs/.plans/neighborhood-tree-canopy-heat-aggregation.md	F4
P19	3221dd965741844712e8868187d9104050b98a3a	outputs/neighborhood-tree-canopy-heat-aggregation.provenance.md	F4
P19	3221dd965741844712e8868187d9104050b98a3a	outputs/tree-canopy-30-heat-verifier-report.md	F4
P19	3221dd965741844712e8868187d9104050b98a3a	outputs/tree-canopy-30-heat.provenance.md	F4
P19	46495495e4715485f6ff503c29e4eb95b2293ff1	scripts/check-public.sh	F4
P19	46495495e4715485f6ff503c29e4eb95b2293ff1	specs/006-public-release-prep/contracts/public-hygiene.md	F4
P19	586e9270671a2a026edfd110fde761d9a27c3717	scripts/check-public.sh	F4
P19	586e9270671a2a026edfd110fde761d9a27c3717	specs/006-public-release-prep/contracts/public-hygiene.md	F4
P19	5fea58cecfd2ce998006fa62bbcc7817fc4ed9f9	scripts/check-public.sh	F4
P19	5fea58cecfd2ce998006fa62bbcc7817fc4ed9f9	specs/006-public-release-prep/contracts/public-hygiene.md	F4
P19	73d6c5d6a793e4241938c9964b2d75b67ec67a72	CHANGELOG.md	F4
P19	73d6c5d6a793e4241938c9964b2d75b67ec67a72	outputs/.plans/neighborhood-tree-canopy-heat-aggregation.md	F4
P19	73d6c5d6a793e4241938c9964b2d75b67ec67a72	outputs/neighborhood-tree-canopy-heat-aggregation.provenance.md	F4
P19	73d6c5d6a793e4241938c9964b2d75b67ec67a72	outputs/tree-canopy-30-heat-verifier-report.md	F4
P19	73d6c5d6a793e4241938c9964b2d75b67ec67a72	outputs/tree-canopy-30-heat.provenance.md	F4
P19	806327a60f8e89c5bd7d9aaa3fcf246a2137e4d9	CHANGELOG.md	F4
P19	806327a60f8e89c5bd7d9aaa3fcf246a2137e4d9	outputs/.plans/neighborhood-tree-canopy-heat-aggregation.md	F4
P19	806327a60f8e89c5bd7d9aaa3fcf246a2137e4d9	outputs/neighborhood-tree-canopy-heat-aggregation.provenance.md	F4
P19	806327a60f8e89c5bd7d9aaa3fcf246a2137e4d9	outputs/tree-canopy-30-heat-verifier-report.md	F4
P19	806327a60f8e89c5bd7d9aaa3fcf246a2137e4d9	outputs/tree-canopy-30-heat.provenance.md	F4
P19	90257c2e6a5ebf284a0fc4b347acd36d6e09fe7a	scripts/check-public.sh	F4
P19	90257c2e6a5ebf284a0fc4b347acd36d6e09fe7a	specs/006-public-release-prep/contracts/public-hygiene.md	F4
P19	994cbdffd5e3551a5fe2b957674243dfc3093a98	CHANGELOG.md	F4
P19	994cbdffd5e3551a5fe2b957674243dfc3093a98	outputs/.plans/neighborhood-tree-canopy-heat-aggregation.md	F4
P19	994cbdffd5e3551a5fe2b957674243dfc3093a98	outputs/neighborhood-tree-canopy-heat-aggregation.provenance.md	F4
P19	994cbdffd5e3551a5fe2b957674243dfc3093a98	outputs/tree-canopy-30-heat-verifier-report.md	F4
P19	994cbdffd5e3551a5fe2b957674243dfc3093a98	outputs/tree-canopy-30-heat.provenance.md	F4
P19	9ba0496c8f22d3228edac1e43e42844c91bf564b	scripts/check-public.sh	F4
P19	9ba0496c8f22d3228edac1e43e42844c91bf564b	specs/006-public-release-prep/contracts/public-hygiene.md	F4
P19	bc6212ec3203a47cdfe91c4517caa850adbb9a61	scripts/check-public.sh	F4
P19	bc6212ec3203a47cdfe91c4517caa850adbb9a61	specs/006-public-release-prep/contracts/public-hygiene.md	F4
P19	bd77ff250fb75f5916cf894f9dc1192e7e2aa153	scripts/check-public.sh	F4
P19	bd77ff250fb75f5916cf894f9dc1192e7e2aa153	specs/006-public-release-prep/contracts/public-hygiene.md	F4
P19	c40f61b57b0f3643970d904664fb51e3393e2463	CHANGELOG.md	F4
P19	c40f61b57b0f3643970d904664fb51e3393e2463	outputs/.plans/neighborhood-tree-canopy-heat-aggregation.md	F4
P19	c40f61b57b0f3643970d904664fb51e3393e2463	outputs/neighborhood-tree-canopy-heat-aggregation.provenance.md	F4
P19	c40f61b57b0f3643970d904664fb51e3393e2463	outputs/tree-canopy-30-heat-verifier-report.md	F4
P19	c40f61b57b0f3643970d904664fb51e3393e2463	outputs/tree-canopy-30-heat.provenance.md	F4
P19	d1311d6888bafab6deed9658a6cb395d5d771e0d	scripts/check-public.sh	F4
P19	d1311d6888bafab6deed9658a6cb395d5d771e0d	specs/006-public-release-prep/contracts/public-hygiene.md	F4
P19	d3961b558b5504bbce60558c67a210656ba702e5	scripts/check-public.sh	F4
P19	d3961b558b5504bbce60558c67a210656ba702e5	specs/006-public-release-prep/contracts/public-hygiene.md	F4
P19	ddc76ce06941cff6b08cbfdae600810c29400824	CHANGELOG.md	F4
P19	ddc76ce06941cff6b08cbfdae600810c29400824	outputs/.plans/neighborhood-tree-canopy-heat-aggregation.md	F4
P19	ddc76ce06941cff6b08cbfdae600810c29400824	outputs/neighborhood-tree-canopy-heat-aggregation.provenance.md	F4
P19	ddc76ce06941cff6b08cbfdae600810c29400824	outputs/tree-canopy-30-heat-verifier-report.md	F4
P19	ddc76ce06941cff6b08cbfdae600810c29400824	outputs/tree-canopy-30-heat.provenance.md	F4
P19	dfa3c59167a48ca53461dcbea4e2ca5dead3f8e1	scripts/check-public.sh	F4
P19	dfa3c59167a48ca53461dcbea4e2ca5dead3f8e1	specs/006-public-release-prep/contracts/public-hygiene.md	F4
P19	e6341c95f1b881d43ce5aba6545d55911f1e6737	CHANGELOG.md	F4
P19	e6341c95f1b881d43ce5aba6545d55911f1e6737	outputs/.plans/neighborhood-tree-canopy-heat-aggregation.md	F4
P19	e6341c95f1b881d43ce5aba6545d55911f1e6737	outputs/neighborhood-tree-canopy-heat-aggregation.provenance.md	F4
P19	e6341c95f1b881d43ce5aba6545d55911f1e6737	outputs/tree-canopy-30-heat-verifier-report.md	F4
P19	e6341c95f1b881d43ce5aba6545d55911f1e6737	outputs/tree-canopy-30-heat.provenance.md	F4
P19	f32dd04d1316db33c6329522fbac929aaeceb9b3	scripts/check-public.sh	F4
P19	f32dd04d1316db33c6329522fbac929aaeceb9b3	specs/006-public-release-prep/contracts/public-hygiene.md	F4
P10	d3961b558b5504bbce60558c67a210656ba702e5	(message)	F5
P10	ddc76ce06941cff6b08cbfdae600810c29400824	(message)	F5
P11	e9f4f0843e50c5cb17a295eb419941d009a1f520	(message)	F5
P14	5fea58cecfd2ce998006fa62bbcc7817fc4ed9f9	(message)	F5
P15	5fea58cecfd2ce998006fa62bbcc7817fc4ed9f9	(message)	F5
P17	5fea58cecfd2ce998006fa62bbcc7817fc4ed9f9	(message)	F5
P18	5fea58cecfd2ce998006fa62bbcc7817fc4ed9f9	(message)	F5
P19	5fea58cecfd2ce998006fa62bbcc7817fc4ed9f9	(message)	F5
P9	030f3632f869da2776e2c8be515631dc7ee9e81a	workers/map/wrangler.toml	F6
P9	14b6a6545c3ddae98e97a7851eab009261d725ed	workers/map/wrangler.toml	F6
P9	2df934c1da2c99ac93d84db174ae505af9861e45	workers/map/wrangler.toml	F6
P9	ca13a454aaec9ba685c4cecda535b1c26446bcc1	workers/map/wrangler.toml	F6
